> Task :clean
> Task :app:clean
> Task :media-lib-common:clean
> Task :media-lib-common-ktx:clean UP-TO-DATE
> Task :media-lib-container:clean
> Task :media-lib-database:clean
> Task :media-lib-datasource:clean
> Task :media-lib-decoder:clean
> Task :media-lib-decoder-ffmpeg:externalNativeBuildCleanDebug
> Task :media-lib-decoder-ffmpeg:externalNativeBuildCleanRelease
> Task :media-lib-decoder-ffmpeg:clean
> Task :media-lib-exoplayer:clean
> Task :media-lib-extractor:clean
> Task :musikr:externalNativeBuildCleanDebug
> Task :musikr:externalNativeBuildCleanRelease
> Task :musikr:clean
> Task :app:preBuild UP-TO-DATE
> Task :app:preStandardDebugBuild UP-TO-DATE
> Task :app:dataBindingMergeDependencyArtifactsStandardDebug
> Task :app:generateStandardDebugResources
> Task :media-lib-common:preBuild UP-TO-DATE
> Task :media-lib-common:preDebugBuild UP-TO-DATE
> Task :media-lib-common:generateDebugResources
> Task :media-lib-common:packageDebugResources
> Task :media-lib-container:preBuild UP-TO-DATE
> Task :media-lib-container:preDebugBuild UP-TO-DATE
> Task :media-lib-container:generateDebugResources
> Task :media-lib-container:packageDebugResources
> Task :media-lib-database:preBuild UP-TO-DATE
> Task :media-lib-database:preDebugBuild UP-TO-DATE
> Task :media-lib-database:generateDebugResources
> Task :media-lib-database:packageDebugResources
> Task :media-lib-datasource:preBuild UP-TO-DATE
> Task :media-lib-datasource:preDebugBuild UP-TO-DATE
> Task :media-lib-datasource:generateDebugResources
> Task :media-lib-datasource:packageDebugResources
> Task :media-lib-decoder:preBuild UP-TO-DATE
> Task :media-lib-decoder:preDebugBuild UP-TO-DATE
> Task :media-lib-decoder:generateDebugResources
> Task :media-lib-decoder:packageDebugResources

> Task :media-lib-decoder-ffmpeg:assembleFfmpeg
FFMPEG_MODULE_PATH is /app/media/libraries/decoder_ffmpeg/src/main
NDK path is /opt/android-sdk/ndk/28.2.13676358
Host platform is linux-x86_64
ANDROID_ABI is 21
Enabled decoders are flac alac
Using 4 jobs for make
install prefix            /usr/local
source path               .
C compiler                /opt/android-sdk/ndk/28.2.13676358/toolchains/llvm/prebuilt/linux-x86_64/bin/armv7a-linux-androideabi21-clang
C library                 bionic
host C compiler           gcc
host C library            glibc
ARCH                      arm (armv7-a)
big-endian                no
runtime cpu detection     yes
ARMv5TE enabled           yes
ARMv6 enabled             yes
ARMv6T2 enabled           yes
VFP enabled               yes
NEON enabled              yes
THUMB enabled             no
debug symbols             yes
strip symbols             yes
optimize for size         no
optimizations             yes
static                    yes
shared                    no
postprocessing support    no
network support           no
threading support         pthreads
safe bitstream reader     yes
texi2html enabled         no
perl enabled              yes
pod2man enabled           yes
makeinfo enabled          no
makeinfo supports HTML    no
xmllint enabled           no

External libraries:
zlib

External libraries providing hardware acceleration:
cuda_llvm

Libraries:
avcodec                 avutil                  swresample

Programs:

Enabled decoders:
alac                    flac

Enabled encoders:

Enabled hwaccels:

Enabled parsers:

Enabled demuxers:

Enabled muxers:

Enabled protocols:

Enabled filters:

Enabled bsfs:

Enabled indevs:

Enabled outdevs:

License: LGPL version 2.1 or later

WARNING: /opt/android-sdk/ndk/28.2.13676358/toolchains/llvm/prebuilt/linux-x86_64/bin/armv7a-linux-androideabi21-pkg-config not found, library detection may fail.
config_components.h is unchanged
libavfilter/filter_list.c is unchanged
libavcodec/codec_list.c is unchanged
libavcodec/parser_list.c is unchanged
libavcodec/bsf_list.c is unchanged
libavformat/demuxer_list.c is unchanged
libavformat/muxer_list.c is unchanged
libavdevice/indev_list.c is unchanged
libavdevice/outdev_list.c is unchanged
libavformat/protocol_list.c is unchanged
GEN	libavutil/libavutil.version
GEN	libswresample/libswresample.version
GEN	libavcodec/libavcodec.version
CC	libavcodec/ac3_parser.o
CC	libavcodec/adts_parser.o
CC	libavcodec/alac.o
CC	libavcodec/alac_data.o
CC	libavcodec/alacdsp.o
CC	libavcodec/allcodecs.o
AS	libavcodec/arm/flacdsp_arm.o
CC	libavcodec/arm/flacdsp_init_arm.o
AS	libavcodec/arm/idctdsp_arm.o
AS	libavcodec/arm/idctdsp_armv6.o
CC	libavcodec/arm/idctdsp_init_arm.o
CC	libavcodec/arm/idctdsp_init_armv5te.o
CC	libavcodec/arm/idctdsp_init_armv6.o
CC	libavcodec/arm/idctdsp_init_neon.o
AS	libavcodec/arm/idctdsp_neon.o
AS	libavcodec/arm/jrevdct_arm.o
AS	libavcodec/arm/simple_idct_arm.o
AS	libavcodec/arm/simple_idct_armv5te.o
AS	libavcodec/arm/simple_idct_armv6.o
AS	libavcodec/arm/simple_idct_neon.o
CC	libavcodec/avcodec.o
CC	libavcodec/avdct.o
CC	libavcodec/avpacket.o
CC	libavcodec/bitstream.o
CC	libavcodec/bitstream_filters.o
CC	libavcodec/bsf.o
CC	libavcodec/codec_desc.o
CC	libavcodec/codec_par.o
CC	libavcodec/d3d11va.o
CC	libavcodec/decode.o
CC	libavcodec/dirac.o
CC	libavcodec/dv_profile.o
CC	libavcodec/encode.o
CC	libavcodec/faandct.o
CC	libavcodec/faanidct.o
CC	libavcodec/fdctdsp.o
CC	libavcodec/flac.o
CC	libavcodec/flacdata.o
CC	libavcodec/flacdec.o
CC	libavcodec/flacdsp.o
CC	libavcodec/get_buffer.o
CC	libavcodec/idctdsp.o
CC	libavcodec/imgconvert.o
CC	libavcodec/jfdctfst.o
CC	libavcodec/jfdctint.o
CC	libavcodec/jni.o
CC	libavcodec/jrevdct.o
CC	libavcodec/mathtables.o
CC	libavcodec/mediacodec.o
CC	libavcodec/mpeg12framerate.o
CC	libavcodec/options.o
CC	libavcodec/parser.o
CC	libavcodec/parsers.o
In file included from libavcodec/options.c:38:
libavcodec/options_table.h:273:116: warning: implicit conversion from 'unsigned long long' to 'double' changes value from 18446744073709551615 to 18446744073709551616 [-Wimplicit-const-int-float-conversion]
  273 | {"request_channel_layout", NULL, OFFSET(request_channel_layout), AV_OPT_TYPE_CHANNEL_LAYOUT, {.i64 = DEFAULT }, 0, UINT64_MAX, A|D, "request_channel_layout"},
      | ~                                                                                                                  ^~~~~~~~~~
/opt/android-sdk/ndk/28.2.13676358/toolchains/llvm/prebuilt/linux-x86_64/bin/../sysroot/usr/include/stdint.h:194:27: note: expanded from macro 'UINT64_MAX'
  194 | #define UINT64_MAX       (UINT64_C(18446744073709551615))
      |                           ^~~~~~~~~~~~~~~~~~~~~~~~~~~~~~
/opt/android-sdk/ndk/28.2.13676358/toolchains/llvm/prebuilt/linux-x86_64/bin/../sysroot/usr/include/stdint.h:149:27: note: expanded from macro 'UINT64_C'
  149 | #  define UINT64_C(c)     c ## ULL
      |                           ^~~~~~~~
<scratch space>:46:1: note: expanded from here
   46 | 18446744073709551615ULL
      | ^~~~~~~~~~~~~~~~~~~~~~~
In file included from libavcodec/options.c:38:
libavcodec/options_table.h:272:100: warning: implicit conversion from 'unsigned long long' to 'double' changes value from 18446744073709551615 to 18446744073709551616 [-Wimplicit-const-int-float-conversion]
  272 | {"channel_layout", NULL, OFFSET(channel_layout), AV_OPT_TYPE_CHANNEL_LAYOUT, {.i64 = DEFAULT }, 0, UINT64_MAX, A|E|D, "channel_layout"},
      | ~                                                                                                  ^~~~~~~~~~
/opt/android-sdk/ndk/28.2.13676358/toolchains/llvm/prebuilt/linux-x86_64/bin/../sysroot/usr/include/stdint.h:194:27: note: expanded from macro 'UINT64_MAX'
  194 | #define UINT64_MAX       (UINT64_C(18446744073709551615))
      |                           ^~~~~~~~~~~~~~~~~~~~~~~~~~~~~~
/opt/android-sdk/ndk/28.2.13676358/toolchains/llvm/prebuilt/linux-x86_64/bin/../sysroot/usr/include/stdint.h:149:27: note: expanded from macro 'UINT64_C'
  149 | #  define UINT64_C(c)     c ## ULL
      |                           ^~~~~~~~
<scratch space>:45:1: note: expanded from here
   45 | 18446744073709551615ULL
      | ^~~~~~~~~~~~~~~~~~~~~~~
In file included from libavcodec/options.c:38:
libavcodec/options_table.h:48:110: warning: implicit conversion from 'long long' to 'double' changes value from 9223372036854775807 to 9223372036854775808 [-Wimplicit-const-int-float-conversion]
   48 | {"b", "set bitrate (in bits/s)", OFFSET(bit_rate), AV_OPT_TYPE_INT64, {.i64 = AV_CODEC_DEFAULT_BITRATE }, 0, INT64_MAX, A|V|E},
      | ~                                                                                                            ^~~~~~~~~
/opt/android-sdk/ndk/28.2.13676358/toolchains/llvm/prebuilt/linux-x86_64/bin/../sysroot/usr/include/stdint.h:189:27: note: expanded from macro 'INT64_MAX'
  189 | #define INT64_MAX        (INT64_C(9223372036854775807))
      |                           ^~~~~~~~~~~~~~~~~~~~~~~~~~~~
/opt/android-sdk/ndk/28.2.13676358/toolchains/llvm/prebuilt/linux-x86_64/bin/../sysroot/usr/include/stdint.h:148:27: note: expanded from macro 'INT64_C'
  148 | #  define INT64_C(c)      c ## LL
      |                           ^~~~~~~
<scratch space>:44:1: note: expanded from here
   44 | 9223372036854775807LL
      | ^~~~~~~~~~~~~~~~~~~~~
CC	libavcodec/profiles.o
CC	libavcodec/pthread.o
3 warnings generated.
CC	libavcodec/pthread_frame.o
CC	libavcodec/pthread_slice.o
CC	libavcodec/qsv_api.o
CC	libavcodec/raw.o
CC	libavcodec/simple_idct.o
CC	libavcodec/utils.o
CC	libavcodec/version.o
CC	libavcodec/vlc.o
CC	libavcodec/vorbis_parser.o
CC	libavcodec/xiph.o
GEN	libavcodec/libavcodec.pc
CC	libswresample/arm/audio_convert_init.o
AS	libswresample/arm/audio_convert_neon.o
AS	libswresample/arm/resample.o
CC	libswresample/arm/resample_init.o
CC	libswresample/audioconvert.o
CC	libswresample/dither.o
CC	libswresample/options.o
CC	libswresample/rematrix.o
libswresample/options.c:132:144: warning: implicit conversion from 'long long' to 'double' changes value from 9223372036854775807 to 9223372036854775808 [-Wimplicit-const-int-float-conversion]
  131 | {"first_pts"            , "Assume the first pts should be this value (in samples)."
      | ~
  132 |                                                         , OFFSET(firstpts_in_samples), AV_OPT_TYPE_INT64 ,{.i64=AV_NOPTS_VALUE    }, INT64_MIN,INT64_MAX, PARAM },
      |                                                                                                                                                ^~~~~~~~~
/opt/android-sdk/ndk/28.2.13676358/toolchains/llvm/prebuilt/linux-x86_64/bin/../sysroot/usr/include/stdint.h:189:27: note: expanded from macro 'INT64_MAX'
  189 | #define INT64_MAX        (INT64_C(9223372036854775807))
      |                           ^~~~~~~~~~~~~~~~~~~~~~~~~~~~
/opt/android-sdk/ndk/28.2.13676358/toolchains/llvm/prebuilt/linux-x86_64/bin/../sysroot/usr/include/stdint.h:148:27: note: expanded from macro 'INT64_C'
  148 | #  define INT64_C(c)      c ## LL
      |                           ^~~~~~~
<scratch space>:49:1: note: expanded from here
   49 | 9223372036854775807LL
      | ^~~~~~~~~~~~~~~~~~~~~
libswresample/options.c:70:145: warning: implicit conversion from 'long long' to 'double' changes value from 9223372036854775807 to 9223372036854775808 [-Wimplicit-const-int-float-conversion]
   69 | {"out_channel_layout"   , "set output channel layout (Deprecated, use out_chlayout)",
      | ~
   70 |                                                           OFFSET(user_out_ch_layout), AV_OPT_TYPE_CHANNEL_LAYOUT, {.i64=0         }, INT64_MIN, INT64_MAX, PARAM|DEPREC, "channel_layout"},
      |                                                                                                                                                 ^~~~~~~~~
/opt/android-sdk/ndk/28.2.13676358/toolchains/llvm/prebuilt/linux-x86_64/bin/../sysroot/usr/include/stdint.h:189:27: note: expanded from macro 'INT64_MAX'
  189 | #define INT64_MAX        (INT64_C(9223372036854775807))
      |                           ^~~~~~~~~~~~~~~~~~~~~~~~~~~~
/opt/android-sdk/ndk/28.2.13676358/toolchains/llvm/prebuilt/linux-x86_64/bin/../sysroot/usr/include/stdint.h:148:27: note: expanded from macro 'INT64_C'
  148 | #  define INT64_C(c)      c ## LL
      |                           ^~~~~~~
<scratch space>:46:1: note: expanded from here
   46 | 9223372036854775807LL
      | ^~~~~~~~~~~~~~~~~~~~~
libswresample/options.c:68:145: warning: implicit conversion from 'long long' to 'double' changes value from 9223372036854775807 to 9223372036854775808 [-Wimplicit-const-int-float-conversion]
   67 | {"ocl"                  , "set output channel layout (Deprecated, use ochl)",
      | ~
   68 |                                                           OFFSET(user_out_ch_layout), AV_OPT_TYPE_CHANNEL_LAYOUT, {.i64=0         }, INT64_MIN, INT64_MAX, PARAM|DEPREC, "channel_layout"},
      |                                                                                                                                                 ^~~~~~~~~
/opt/android-sdk/ndk/28.2.13676358/toolchains/llvm/prebuilt/linux-x86_64/bin/../sysroot/usr/include/stdint.h:189:27: note: expanded from macro 'INT64_MAX'
  189 | #define INT64_MAX        (INT64_C(9223372036854775807))
      |                           ^~~~~~~~~~~~~~~~~~~~~~~~~~~~
/opt/android-sdk/ndk/28.2.13676358/toolchains/llvm/prebuilt/linux-x86_64/bin/../sysroot/usr/include/stdint.h:148:27: note: expanded from macro 'INT64_C'
  148 | #  define INT64_C(c)      c ## LL
      |                           ^~~~~~~
<scratch space>:44:1: note: expanded from here
   44 | 9223372036854775807LL
      | ^~~~~~~~~~~~~~~~~~~~~
libswresample/options.c:66:145: warning: implicit conversion from 'long long' to 'double' changes value from 9223372036854775807 to 9223372036854775808 [-Wimplicit-const-int-float-conversion]
   65 | {"in_channel_layout"    , "set input channel layout (Deprecated, use in_chlayout)",
      | ~
   66 |                                                           OFFSET(user_in_ch_layout), AV_OPT_TYPE_CHANNEL_LAYOUT, {.i64=0          }, INT64_MIN, INT64_MAX, PARAM|DEPREC, "channel_layout"},
      |                                                                                                                                                 ^~~~~~~~~
/opt/android-sdk/ndk/28.2.13676358/toolchains/llvm/prebuilt/linux-x86_64/bin/../sysroot/usr/include/stdint.h:189:27: note: expanded from macro 'INT64_MAX'
  189 | #define INT64_MAX        (INT64_C(9223372036854775807))
      |                           ^~~~~~~~~~~~~~~~~~~~~~~~~~~~
/opt/android-sdk/ndk/28.2.13676358/toolchains/llvm/prebuilt/linux-x86_64/bin/../sysroot/usr/include/stdint.h:148:27: note: expanded from macro 'INT64_C'
  148 | #  define INT64_C(c)      c ## LL
      |                           ^~~~~~~
<scratch space>:42:1: note: expanded from here
   42 | 9223372036854775807LL
      | ^~~~~~~~~~~~~~~~~~~~~
libswresample/options.c:64:145: warning: implicit conversion from 'long long' to 'double' changes value from 9223372036854775807 to 9223372036854775808 [-Wimplicit-const-int-float-conversion]
   63 | {"icl"                  , "set input channel layout (Deprecated, use ichl)",
      | ~
   64 |                                                           OFFSET(user_in_ch_layoutCC	libswresample/resample.o
), AV_OPT_TYPE_CHANNEL_LAYOUT, {.i64=0          }, INT64_MIN, INT64_MAX, PARAM|DEPREC, "channel_layout"},
      |                                                                                                                                                 ^~~~~~~~~
/opt/android-sdk/ndk/28.2.13676358/toolchains/llvm/prebuilt/linux-x86_64/bin/../sysroot/usr/include/stdint.h:189:27: note: expanded from macro 'INT64_MAX'
  189 | #define INT64_MAX        (INT64_C(9223372036854775807))
      |                           ^~~~~~~~~~~~~~~~~~~~~~~~~~~~
/opt/android-sdk/ndk/28.2.13676358/toolchains/llvm/prebuilt/linux-x86_64/bin/../sysroot/usr/include/stdint.h:148:27: note: expanded from macro 'INT64_C'
  148 | #  define INT64_C(c)      c ## LL
      |                           ^~~~~~~
<scratch space>:40:1: note: expanded from here
   40 | 9223372036854775807LL
      | ^~~~~~~~~~~~~~~~~~~~~
5 warnings generated.
CC	libswresample/resample_dsp.o
CC	libswresample/swresample.o
CC	libswresample/swresample_frame.o
CC	libswresample/version.o
GEN	libswresample/libswresample.pc
CC	libavutil/../compat/strtod.o
CC	libavutil/adler32.o
CC	libavutil/aes.o
CC	libavutil/aes_ctr.o
CC	libavutil/ambient_viewing_environment.o
CC	libavutil/arm/cpu.o
CC	libavutil/arm/float_dsp_init_arm.o
CC	libavutil/arm/float_dsp_init_neon.o
CC	libavutil/arm/float_dsp_init_vfp.o
AS	libavutil/arm/float_dsp_neon.o
AS	libavutil/arm/float_dsp_vfp.o
CC	libavutil/audio_fifo.o
CC	libavutil/avsscanf.o
CC	libavutil/avstring.o
CC	libavutil/base64.o
CC	libavutil/blowfish.o
CC	libavutil/bprint.o
CC	libavutil/buffer.o
CC	libavutil/camellia.o
CC	libavutil/cast5.o
CC	libavutil/channel_layout.o
CC	libavutil/cpu.o
libavutil/cpu.c:116:76: warning: implicit conversion from 'long long' to 'double' changes value from 9223372036854775807 to 9223372036854775808 [-Wimplicit-const-int-float-conversion]
  116 |         { "flags"   , NULL, 0, AV_OPT_TYPE_FLAGS, { .i64 = 0 }, INT64_MIN, INT64_MAX, .unit = "flags" },
      |         ~                                                                  ^~~~~~~~~
/opt/android-sdk/ndk/28.2.13676358/toolchains/llvm/prebuilt/linux-x86_64/bin/../sysroot/usr/include/stdint.h:189:27: note: expanded from macro 'INT64_MAX'
  189 | #define INT64_MAX        (INT64_C(9223372036854775807))
      |                           ^~~~~~~~~~~~~~~~~~~~~~~~~~~~
/opt/android-sdk/ndk/28.2.13676358/toolchains/llvm/prebuilt/linux-x86_64/bin/../sysroot/usr/include/stdint.h:148:27: note: expanded from macro 'INT64_C'
  148 | #  define INT64_C(c)      c ## LL
      |                           ^~~~~~~
<scratch space>:53:1: note: expanded from here
   53 | 9223372036854775807LL
      | ^~~~~~~~~~~~~~~~~~~~~
1 warning generated.
CC	libavutil/crc.o
CC	libavutil/csp.o
CC	libavutil/des.o
CC	libavutil/detection_bbox.o
CC	libavutil/dict.o
CC	libavutil/display.o
CC	libavutil/dovi_meta.o
CC	libavutil/downmix_info.o
CC	libavutil/encryption_info.o
CC	libavutil/error.o
CC	libavutil/fifo.o
CC	libavutil/eval.o
CC	libavutil/file.o
libavutil/eval.c:237:41: warning: implicit conversion from 'unsigned long long' to 'double' changes value from 18446744073709551615 to 18446744073709551616 [-Wimplicit-const-int-float-conversion]
  237 |             return e->value * (r * (1.0/UINT64_MAX));
      |                                        ~^~~~~~~~~~
/opt/android-sdk/ndk/28.2.13676358/toolchains/llvm/prebuilt/linux-x86_64/bin/../sysroot/usr/include/stdint.h:194:27: note: expanded from macro 'UINT64_MAX'
  194 | #define UINT64_MAX       (UINT64_C(18446744073709551615))
      |                           ^~~~~~~~~~~~~~~~~~~~~~~~~~~~~~
/opt/android-sdk/ndk/28.2.13676358/toolchains/llvm/prebuilt/linux-x86_64/bin/../sysroot/usr/include/stdint.h:149:27: note: expanded from macro 'UINT64_C'
  149 | #  define UINT64_C(c)     c ## ULL
      |                           ^~~~~~~~
<scratch space>:38:1: note: expanded from here
   38 | 18446744073709551615ULL
      | ^~~~~~~~~~~~~~~~~~~~~~~
CC	libavutil/file_open.o
CC	libavutil/film_grain_params.o
CC	libavutil/fixed_dsp.o
CC	libavutil/float_dsp.o
CC	libavutil/frame.o
CC	libavutil/hash.o
CC	libavutil/hdr_dynamic_metadata.o
1 warning generated.
CC	libavutil/hdr_dynamic_vivid_metadata.o
CC	libavutil/hmac.o
CC	libavutil/hwcontext.o
CC	libavutil/hwcontext_stub.o
CC	libavutil/imgutils.o
CC	libavutil/integer.o
CC	libavutil/intmath.o
CC	libavutil/lfg.o
CC	libavutil/lls.o
CC	libavutil/log.o
CC	libavutil/log2_tab.o
CC	libavutil/lzo.o
CC	libavutil/mastering_display_metadata.o
CC	libavutil/mathematics.o
CC	libavutil/mem.o
CC	libavutil/md5.o
CC	libavutil/murmur3.o
CC	libavutil/opt.o
CC	libavutil/parseutils.o
CC	libavutil/pixdesc.o
CC	libavutil/pixelutils.o
CC	libavutil/random_seed.o
CC	libavutil/rational.o
CC	libavutil/rc4.o
CC	libavutil/reverse.o
CC	libavutil/ripemd.o
CC	libavutil/samplefmt.o
CC	libavutil/sha.o
CC	libavutil/sha512.o
CC	libavutil/slicethread.o
CC	libavutil/spherical.o
CC	libavutil/stereo3d.o
CC	libavutil/tea.o
CC	libavutil/threadmessage.o
CC	libavutil/time.o
CC	libavutil/timecode.o
CC	libavutil/tree.o
CC	libavutil/twofish.o
CC	libavutil/tx.o
CC	libavutil/tx_double.o
CC	libavutil/tx_float.o
CC	libavutil/tx_int32.o
CC	libavutil/utils.o
CC	libavutil/uuid.o
CC	libavutil/version.o
CC	libavutil/video_enc_params.o
CC	libavutil/xga_font_data.o
CC	libavutil/xtea.o
GEN	libavutil/libavutil.pc
AR	libavcodec/libavcodec.a
AR	libswresample/libswresample.a
AR	libavutil/libavutil.a
INSTALL	libavcodec/libavcodec.a
INSTALL	libswresample/libswresample.a
INSTALL	libavutil/libavutil.a
install prefix            /usr/local
source path               .
C compiler                /opt/android-sdk/ndk/28.2.13676358/toolchains/llvm/prebuilt/linux-x86_64/bin/aarch64-linux-android21-clang
C library                 bionic
host C compiler           gcc
host C library            glibc
ARCH                      aarch64 (armv8-a)
big-endian                no
runtime cpu detection     yes
NEON enabled              yes
VFP enabled               yes
debug symbols             yes
strip symbols             yes
optimize for size         no
optimizations             yes
static                    yes
shared                    no
postprocessing support    no
network support           no
threading support         pthreads
safe bitstream reader     yes
texi2html enabled         no
perl enabled              yes
pod2man enabled           yes
makeinfo enabled          no
makeinfo supports HTML    no
xmllint enabled           no

External libraries:
zlib

External libraries providing hardware acceleration:
cuda_llvm

Libraries:
avcodec                 avutil                  swresample

Programs:

Enabled decoders:
alac                    flac

Enabled encoders:

Enabled hwaccels:

Enabled parsers:

Enabled demuxers:

Enabled muxers:

Enabled protocols:

Enabled filters:

Enabled bsfs:

Enabled indevs:

Enabled outdevs:

License: LGPL version 2.1 or later

WARNING: /opt/android-sdk/ndk/28.2.13676358/toolchains/llvm/prebuilt/linux-x86_64/bin/aarch64-linux-android21-pkg-config not found, library detection may fail.
config_components.h is unchanged
libavutil/avconfig.h is unchanged
libavfilter/filter_list.c is unchanged
libavcodec/codec_list.c is unchanged
libavcodec/parser_list.c is unchanged
libavcodec/bsf_list.c is unchanged
libavformat/demuxer_list.c is unchanged
libavformat/muxer_list.c is unchanged
libavdevice/indev_list.c is unchanged
libavdevice/outdev_list.c is unchanged
libavformat/protocol_list.c is unchanged
GEN	libavutil/libavutil.version
GEN	libswresample/libswresample.version
GEN	libavcodec/libavcodec.version
CC	libavcodec/aarch64/idctdsp_init_aarch64.o
AS	libavcodec/aarch64/idctdsp_neon.o
AS	libavcodec/aarch64/simple_idct_neon.o
CC	libavcodec/ac3_parser.o
CC	libavcodec/adts_parser.o
CC	libavcodec/alac.o
CC	libavcodec/alac_data.o
CC	libavcodec/alacdsp.o
CC	libavcodec/allcodecs.o
CC	libavcodec/avcodec.o
CC	libavcodec/avdct.o
CC	libavcodec/avpacket.o
CC	libavcodec/bitstream.o
CC	libavcodec/bitstream_filters.o
CC	libavcodec/bsf.o
CC	libavcodec/codec_desc.o
CC	libavcodec/codec_par.o
CC	libavcodec/d3d11va.o
CC	libavcodec/decode.o
CC	libavcodec/dirac.o
CC	libavcodec/dv_profile.o
CC	libavcodec/encode.o
CC	libavcodec/faandct.o
CC	libavcodec/faanidct.o
CC	libavcodec/fdctdsp.o
CC	libavcodec/flac.o
CC	libavcodec/flacdata.o
CC	libavcodec/flacdec.o
CC	libavcodec/flacdsp.o
CC	libavcodec/get_buffer.o
CC	libavcodec/idctdsp.o
CC	libavcodec/imgconvert.o
CC	libavcodec/jfdctfst.o
CC	libavcodec/jfdctint.o
CC	libavcodec/jni.o
CC	libavcodec/jrevdct.o
CC	libavcodec/mathtables.o
CC	libavcodec/mediacodec.o
CC	libavcodec/mpeg12framerate.o
CC	libavcodec/options.o
CC	libavcodec/parser.o
CC	libavcodec/parsers.o
CC	libavcodec/profiles.o
In file included from libavcodec/options.c:38:
libavcodec/options_table.h:273:116: warning: implicit conversion from 'unsigned long' to 'double' changes value from 18446744073709551615 to 18446744073709551616 [-Wimplicit-const-int-float-conversion]
  273 | {"request_channel_layout", NULL, OFFSET(request_channel_layout), AV_OPT_TYPE_CHANNEL_LAYOUT, {.i64 = DEFAULT }, 0, UINT64_MAX, A|D, "request_channel_layout"},
      | ~                                                                                                                  ^~~~~~~~~~
/opt/android-sdk/ndk/28.2.13676358/toolchains/llvm/prebuilt/linux-x86_64/bin/../sysroot/usr/include/stdint.h:194:27: note: expanded from macro 'UINT64_MAX'
  194 | #define UINT64_MAX       (UINT64_C(18446744073709551615))
      |                           ^~~~~~~~~~~~~~~~~~~~~~~~~~~~~~
/opt/android-sdk/ndk/28.2.13676358/toolchains/llvm/prebuilt/linux-x86_64/bin/../sysroot/usr/include/stdint.h:143:27: note: expanded from macro 'UINT64_C'
  143 | #  define UINT64_C(c)     c ## UL
      |                           ^~~~~~~
<scratch space>:46:1: note: expanded from here
   46 | 18446744073709551615UL
      | ^~~~~~~~~~~~~~~~~~~~~~
In file included from libavcodec/options.c:38:
libavcodec/options_table.h:272:100: warning: implicit conversion from 'unsigned long' to 'double' changes value from 18446744073709551615 to 18446744073709551616 [-Wimplicit-const-int-float-conversion]
  272 | {"channel_layout", NULL, OFFSET(channel_layout), AV_OPT_TYPE_CHANNEL_LAYOUT, {.i64 = DEFAULT }, 0, UINT64_MAX, A|E|D, "channel_layout"},
      | ~                                                                                                  ^~~~~~~~~~
/opt/android-sdk/ndk/28.2.13676358/toolchains/llvm/prebuilt/linux-x86_64/bin/../sysroot/usr/include/stdint.h:194:27: note: expanded from macro 'UINT64_MAX'
  194 | #define UINT64_MAX       (UINT64_C(18446744073709551615))
      |                           ^~~~~~~~~~~~~~~~~~~~~~~~~~~~~~
/opt/android-sdk/ndk/28.2.13676358/toolchains/llvm/prebuilt/linux-x86_64/bin/../sysroot/usr/include/stdint.h:143:27: note: expanded from macro 'UINT64_C'
  143 | #  define UINT64_C(c)     c ## UL
      |                           ^~~~~~~
<scratch space>:45:1: note: expanded from here
   45 | 18446744073709551615UL
      | ^~~~~~~~~~~~~~~~~~~~~~
In file included from libavcodec/options.c:38:
libavcodec/options_table.h:48:110: warning: implicit conversion from 'long' to 'double' changes value from 9223372036854775807 to 9223372036854775808 [-Wimplicit-const-int-float-conversion]
   48 | {"b", "set bitrate (in bits/s)", OFFSET(bit_rate), AV_OPT_TYPE_INT64, {.i64 = AV_CODEC_DEFAULT_BITRATE }, 0, INT64_MAX, A|V|E},
      | ~                                                                                                            ^~~~~~~~~
/opt/android-sdk/ndk/28.2.13676358/toolchains/llvm/prebuilt/linux-x86_64/bin/../sysroot/usr/include/stdint.h:189:27: note: expanded from macro 'INT64_MAX'
  189 | #define INT64_MAX        (INT64_C(9223372036854775807))
      |                           ^~~~~~~~~~~~~~~~~~~~~~~~~~~~
/opt/android-sdk/ndk/28.2.13676358/toolchains/llvm/prebuilt/linux-x86_64/bin/../sysroot/usr/include/stdint.h:142:27: note: expanded from macro 'INT64_C'
  142 | #  define INT64_C(c)      c ## L
      |                           ^~~~~~
<scratch space>:44:1: note: expanded from here
   44 | 9223372036854775807L
      | ^~~~~~~~~~~~~~~~~~~~
CC	libavcodec/pthread.o
CC	libavcodec/pthread_frame.o
3 warnings generated.
CC	libavcodec/pthread_slice.o
CC	libavcodec/qsv_api.o
CC	libavcodec/raw.o
CC	libavcodec/simple_idct.o
CC	libavcodec/utils.o
CC	libavcodec/version.o
CC	libavcodec/vorbis_parser.o
CC	libavcodec/vlc.o
CC	libavcodec/xiph.o
GEN	libavcodec/libavcodec.pc
CC	libswresample/aarch64/audio_convert_init.o
AS	libswresample/aarch64/audio_convert_neon.o
AS	libswresample/aarch64/resample.o
CC	libswresample/aarch64/resample_init.o
CC	libswresample/audioconvert.o
CC	libswresample/dither.o
CC	libswresample/options.o
libswresample/options.c:132:144: warning: implicit conversion from 'long' to 'double' changes value from 9223372036854775807 to 9223372036854775808 [-Wimplicit-const-int-float-conversion]
  131 | {"first_pts"            , "Assume the first pts should be this value (in samples)."
      | ~
  132 |                                                         , OFFSET(firstpts_in_samples), AV_OPT_TYPE_INT64 ,{.i64=AV_NOPTS_VALUE    }, INT64_MIN,INT64_MAX, PARAM },
      |                                                                                                                                                ^~~~~~~~~
/opt/android-sdk/ndk/28.2.13676358/toolchains/llvm/prebuilt/linux-x86_64/bin/../sysroot/usr/include/stdint.h:189:27: note: expanded from macro 'INT64_MAX'
  189 | #define INT64_MAX        (INT64_C(9223372036854775807))
      |                           ^~~~~~~~~~~~~~~~~~~~~~~~~~~~
/opt/android-sdk/ndk/28.2.13676358/toolchains/llvm/prebuilt/linux-x86_64/bin/../sysroot/usr/include/stdint.h:142:27: note: expanded from macro 'INT64_C'
  142 | #  define INT64_C(c)      c ## L
      |                           ^~~~~~
<scratch space>:49:1: note: expanded from here
   49 | 9223372036854775807L
      | ^~~~~~~~~~~~~~~~~~~~
libswresample/options.c:70:145: warning: implicit conversion from 'long' to 'double' changes value from 9223372036854775807 to 9223372036854775808 [-Wimplicit-const-int-float-conversion]
   69 | {"out_channel_layout"   , "set output channel layout (Deprecated, use out_chlayout)",
      | ~
   70 |                                                           OFFSET(user_out_ch_layout), AV_OPT_TYPE_CHANNEL_LAYOUT, {.i64=0         }, INT64_MIN, INT64_MAX, PARAM|DEPREC, "channel_layout"},
      |                                                                                                                                                 ^~~~~~~~~
/opt/android-sdk/ndk/28.2.13676358/toolchains/llvm/prebuilt/linux-x86_64/bin/../sysroot/usr/include/stdint.h:189:27: note: expanded from macro 'INT64_MAX'
  189 | #define INT64_MAX        (INT64_C(9223372036854775807))
      |                           ^~~~~~~~~~~~~~~~~~~~~~~~~~~~
/opt/android-sdk/ndk/28.2.13676358/toolchains/llvm/prebuilt/linux-x86_64/bin/../sysroot/usr/include/stdint.h:142:27: note: expanded from macro 'INT64_C'
  142 | #  define INT64_C(c)      c ## L
      |                           ^~~~~~
<scratch space>:46:1: note: expanded from here
   46 | 9223372036854775807L
      | ^~~~~~~~~~~~~~~~~~~~
libswresample/options.c:68:145: warning: implicit conversion from 'long' to 'double' changes value from 9223372036854775807 to 9223372036854775808 [-Wimplicit-const-int-float-conversion]
   67 | {"ocl"                  , "set output channel layout (Deprecated, use ochl)",
      | ~
   68 |                                                           OFFSET(user_out_ch_layout), AV_OPT_TYPE_CHANNEL_LAYOUT, {.i64=0         }, INT64_MIN, INT64_MAX, PARAM|DEPREC, "channel_layout"},
      |                                                                                                                                                 ^~~~~~~~~
/opt/android-sdk/ndk/28.2.13676358/toolchains/llvm/prebuilt/linux-x86_64/bin/../sysroot/usr/include/stdint.h:189:27: note: expanded from macro 'INT64_MAX'
  189 | #define INT64_MAX        (INT64_C(9223372036854775807))
      |                           ^~~~~~~~~~~~~~~~~~~~~~~~~~~~
/opt/android-sdk/ndk/28.2.13676358/toolchains/llvm/prebuilt/linux-x86_64/bin/../sysroot/usr/include/stdint.h:142:27: note: expanded from macro 'INT64_C'
  142 | #  define INT64_C(c)      c ## L
      |                           ^~~~~~
<scratch space>:44:1: note: expanded from here
   44 | 9223372036854775807L
      | ^~~~~~~~~~~~~~~~~~~~
libswresample/options.c:66:145: warning: implicit conversion from 'long' to 'double' changes value from 9223372036854775807 to 9223372036854775808 [-Wimplicit-const-int-float-conversion]
   65 | {"in_channel_layout"    , "set input channel layout (Deprecated, use in_chlayout)",
      | ~
   66 |                                                           OFFSET(user_in_ch_layout), AV_OPT_TYPE_CHANNEL_LAYOUT, {.i64=0          }, INT64_MIN, INT64_MAX, PARAM|DEPREC, "channel_layout"},
      |                                                                                                                                                 ^~~~~~~~~
/opt/android-sdk/ndk/28.2.13676358/toolchains/llvm/prebuilt/linux-x86_64/bin/../sysroot/usr/include/stdint.h:189:27: note: expanded from macro 'INT64_MAX'
  189 | #define INT64_MAX        (INT64_C(9223372036854775807))
      |                           ^~~~~~~~~~~~~~~~~~~~~~~~~~~~
/opt/android-sdk/ndk/28.2.13676358/toolchains/llvm/prebuilt/linux-x86_64/bin/../sysroot/usr/include/stdint.h:142:27: note: expanded from macro 'INT64_C'
  142 | #  define INT64_C(c)      c ## L
      |                           ^~~~~~
<scratch space>:42:1: note: expanded from here
   42 | 9223372036854775807L
      | ^~~~~~~~~~~~~~~~~~~~
libswresample/options.c:64:145: warning: implicit conversion from 'long' to 'double' changes value from 9223372036854775807 to 9223372036854775808 [-Wimplicit-const-int-float-conversion]
   63 | {"icl"                  , "set input channel layout (Deprecated, use ichl)",
      | ~
   64 |                                                           OFFSET(user_in_ch_layout), AV_OPT_TYPE_CHANNEL_LAYOUT, {.i64=0          }, INT64_MIN, INT64_MAX, PARAM|DEPREC, "channel_layout"},
      |                                                                                                                                                 ^~~~~~~~~
/opt/android-sdk/ndk/28.2.13676358/toolchains/llvm/prebuilt/linux-x86_64/bin/../sysroot/usr/include/stdint.h:189:27: note: expanded from macro 'INT64_MAX'
  189 | #define INT64_MAX        (INT64_C(9223372036854775807))
      |                           ^~~~~~~~~~~~~~~~~~~~~~~~~~~~
/opt/android-sdk/ndk/28.2.13676358/toolchains/llvm/prebuilt/linux-x86_64/bin/../sysroot/usr/include/stdint.h:142:27: note: expanded from macro 'INT64_C'
  142 | #  define INT64_C(c)      c ## L
      |                           ^~~~~~
<scratch space>:40:1: note: expanded from here
   40 | 9223372036854775807L
      | ^~~~~~~~~~~~~~~~~~~~
CC	libswresample/rematrix.o
5 warnings generated.
CC	libswresample/resample.o
CC	libswresample/resample_dsp.o
CC	libswresample/swresample.o
CC	libswresample/swresample_frame.o
CC	libswresample/version.o
GEN	libswresample/libswresample.pc
CC	libavutil/../compat/strtod.o
CC	libavutil/aarch64/cpu.o
CC	libavutil/aarch64/float_dsp_init.o
AS	libavutil/aarch64/float_dsp_neon.o
CC	libavutil/aarch64/tx_float_init.o
AS	libavutil/aarch64/tx_float_neon.o
CC	libavutil/adler32.o
CC	libavutil/aes.o
CC	libavutil/aes_ctr.o
CC	libavutil/ambient_viewing_environment.o
CC	libavutil/audio_fifo.o
CC	libavutil/avsscanf.o
CC	libavutil/avstring.o
CC	libavutil/base64.o
CC	libavutil/blowfish.o
CC	libavutil/bprint.o
CC	libavutil/buffer.o
CC	libavutil/camellia.o
CC	libavutil/cast5.o
CC	libavutil/channel_layout.o
CC	libavutil/cpu.o
libavutil/cpu.c:116:76: warning: implicit conversion from 'long' to 'double' changes value from 9223372036854775807 to 9223372036854775808 [-Wimplicit-const-int-float-conversion]
  116 |         { "flags"   , NULL, 0, AV_OPT_TYPE_FLAGS, { .i64 = 0 }, INT64_MIN, INT64_MAX, .unit = "flags" },
      |         ~                                                                  ^~~~~~~~~
/opt/android-sdk/ndk/28.2.13676358/toolchains/llvm/prebuilt/linux-x86_64/bin/../sysroot/usr/include/stdint.h:189:27: note: expanded from macro 'INT64_MAX'
  189 | #define INT64_MAX        (INT64_C(9223372036854775807))
      |                           ^~~~~~~~~~~~~~~~~~~~~~~~~~~~
/opt/android-sdk/ndk/28.2.13676358/toolchains/llvm/prebuilt/linux-x86_64/bin/../sysroot/usr/include/stdint.h:142:27: note: expanded from macro 'INT64_C'
  142 | #  define INT64_C(c)      c ## L
      |                           ^~~~~~
<scratch space>:48:1: note: expanded from here
   48 | 9223372036854775807L
      | ^~~~~~~~~~~~~~~~~~~~
CC	libavutil/crc.o
1 warning generated.
CC	libavutil/csp.o
CC	libavutil/des.o
CC	libavutil/detection_bbox.o
CC	libavutil/dict.o
CC	libavutil/display.o
CC	libavutil/dovi_meta.o
CC	libavutil/downmix_info.o
CC	libavutil/encryption_info.o
CC	libavutil/error.o
CC	libavutil/eval.o
CC	libavutil/fifo.o
libavutil/eval.c:237:41: warning: implicit conversion from 'unsigned long' to 'double' changes value from 18446744073709551615 to 18446744073709551616 [-Wimplicit-const-int-float-conversion]
  237 |             return e->value * (r * (1.0/UINT64_MAX));
      |                                        ~^~~~~~~~~~
/opt/android-sdk/ndk/28.2.13676358/toolchains/llvm/prebuilt/linux-x86_64/bin/../sysroot/usr/include/stdint.h:194:27: note: expanded from macro 'UINT64_MAX'
  194 | #define UINT64_MAX       (UINT64_C(18446744073709551615))
      |                           ^~~~~~~~~~~~~~~~~~~~~~~~~~~~~~
/opt/android-sdk/ndk/28.2.13676358/toolchains/llvm/prebuilt/linux-x86_64/bin/../sysroot/usr/include/stdint.h:143:27: note: expanded from macro 'UINT64_C'
  143 | #  define UINT64_C(c)     c ## UL
      |                           ^~~~~~~
<scratch space>:38:1: note: expanded from here
   38 | 18446744073709551615UL
      | ^~~~~~~~~~~~~~~~~~~~~~
CC	libavutil/file.o
CC	libavutil/file_open.o
CC	libavutil/film_grain_params.o
CC	libavutil/fixed_dsp.o
CC	libavutil/float_dsp.o
CC	libavutil/frame.o
1 warning generated.
CC	libavutil/hash.o
CC	libavutil/hdr_dynamic_metadata.o
CC	libavutil/hdr_dynamic_vivid_metadata.o
CC	libavutil/hmac.o
CC	libavutil/hwcontext.o
CC	libavutil/hwcontext_stub.o
CC	libavutil/imgutils.o
CC	libavutil/integer.o
CC	libavutil/intmath.o
CC	libavutil/lfg.o
CC	libavutil/lls.o
CC	libavutil/log.o
CC	libavutil/log2_tab.o
CC	libavutil/lzo.o
CC	libavutil/mastering_display_metadata.o
CC	libavutil/mathematics.o
CC	libavutil/md5.o
CC	libavutil/mem.o
CC	libavutil/murmur3.o
CC	libavutil/opt.o
CC	libavutil/parseutils.o
CC	libavutil/pixdesc.o
CC	libavutil/pixelutils.o
CC	libavutil/random_seed.o
CC	libavutil/rational.o
CC	libavutil/rc4.o
CC	libavutil/reverse.o
CC	libavutil/ripemd.o
CC	libavutil/samplefmt.o
CC	libavutil/sha.o
CC	libavutil/sha512.o
CC	libavutil/slicethread.o
CC	libavutil/spherical.o
CC	libavutil/stereo3d.o
CC	libavutil/tea.o
CC	libavutil/threadmessage.o
CC	libavutil/time.o
CC	libavutil/timecode.o
CC	libavutil/tree.o
CC	libavutil/twofish.o
CC	libavutil/tx.o
CC	libavutil/tx_double.o
CC	libavutil/tx_float.o
CC	libavutil/tx_int32.o
CC	libavutil/utils.o
CC	libavutil/uuid.o
CC	libavutil/version.o
CC	libavutil/video_enc_params.o
CC	libavutil/xga_font_data.o
CC	libavutil/xtea.o
GEN	libavutil/libavutil.pc
AR	libavcodec/libavcodec.a
AR	libswresample/libswresample.a
AR	libavutil/libavutil.a
INSTALL	libavcodec/libavcodec.a
INSTALL	libswresample/libswresample.a
INSTALL	libavutil/libavutil.a
install prefix            /usr/local
source path               .
C compiler                /opt/android-sdk/ndk/28.2.13676358/toolchains/llvm/prebuilt/linux-x86_64/bin/i686-linux-android21-clang
C library                 bionic
host C compiler           gcc
host C library            glibc
ARCH                      c (i686)
big-endian                no
runtime cpu detection     yes
debug symbols             yes
strip symbols             yes
optimize for size         no
optimizations             yes
static                    yes
shared                    no
postprocessing support    no
network support           no
threading support         pthreads
safe bitstream reader     yes
texi2html enabled         no
perl enabled              yes
pod2man enabled           yes
makeinfo enabled          no
makeinfo supports HTML    no
xmllint enabled           no

External libraries:
zlib

External libraries providing hardware acceleration:
cuda_llvm

Libraries:
avcodec                 avutil                  swresample

Programs:

Enabled decoders:
alac                    flac

Enabled encoders:

Enabled hwaccels:

Enabled parsers:

Enabled demuxers:

Enabled muxers:

Enabled protocols:

Enabled filters:

Enabled bsfs:

Enabled indevs:

Enabled outdevs:

License: LGPL version 2.1 or later

WARNING: /opt/android-sdk/ndk/28.2.13676358/toolchains/llvm/prebuilt/linux-x86_64/bin/i686-linux-android21-pkg-config not found, library detection may fail.
config_components.h is unchanged
libavfilter/filter_list.c is unchanged
libavcodec/codec_list.c is unchanged
libavcodec/parser_list.c is unchanged
libavcodec/bsf_list.c is unchanged
libavformat/demuxer_list.c is unchanged
libavformat/muxer_list.c is unchanged
libavdevice/indev_list.c is unchanged
libavdevice/outdev_list.c is unchanged
libavformat/protocol_list.c is unchanged
GEN	libavutil/libavutil.version
GEN	libswresample/libswresample.version
GEN	libavcodec/libavcodec.version
CC	libavcodec/ac3_parser.o
CC	libavcodec/adts_parser.o
CC	libavcodec/alac.o
CC	libavcodec/alac_data.o
CC	libavcodec/alacdsp.o
CC	libavcodec/allcodecs.o
CC	libavcodec/avcodec.o
CC	libavcodec/avdct.o
CC	libavcodec/avpacket.o
CC	libavcodec/bitstream.o
CC	libavcodec/bitstream_filters.o
CC	libavcodec/bsf.o
CC	libavcodec/codec_desc.o
CC	libavcodec/codec_par.o
CC	libavcodec/d3d11va.o
CC	libavcodec/decode.o
CC	libavcodec/dirac.o
CC	libavcodec/dv_profile.o
CC	libavcodec/encode.o
CC	libavcodec/faandct.o
CC	libavcodec/faanidct.o
CC	libavcodec/fdctdsp.o
CC	libavcodec/flac.o
CC	libavcodec/flacdata.o
CC	libavcodec/flacdec.o
CC	libavcodec/flacdsp.o
CC	libavcodec/get_buffer.o
CC	libavcodec/idctdsp.o
CC	libavcodec/imgconvert.o
CC	libavcodec/jfdctfst.o
CC	libavcodec/jfdctint.o
CC	libavcodec/jni.o
CC	libavcodec/jrevdct.o
CC	libavcodec/mathtables.o
CC	libavcodec/mediacodec.o
CC	libavcodec/mpeg12framerate.o
CC	libavcodec/options.o
CC	libavcodec/parser.o
CC	libavcodec/parsers.o
In file included from libavcodec/options.c:38:
libavcodec/options_table.h:273:116: warning: implicit conversion from 'unsigned long long' to 'double' changes value from 18446744073709551615 to 18446744073709551616 [-Wimplicit-const-int-float-conversion]
  273 | {"request_channel_layout", NULL, OFFSET(request_channel_layout), AV_OPT_TYPE_CHANNEL_LAYOUT, {.i64 = DEFAULT }, 0, UINT64_MAX, A|D, "request_channel_layout"},
      | ~                                                                                                                  ^~~~~~~~~~
/opt/android-sdk/ndk/28.2.13676358/toolchains/llvm/prebuilt/linux-x86_64/bin/../sysroot/usr/include/stdint.h:194:27: note: expanded from macro 'UINT64_MAX'
  194 | #define UINT64_MAX       (UINT64_C(18446744073709551615))
      |                           ^~~~~~~~~~~~~~~~~~~~~~~~~~~~~~
/opt/android-sdk/ndk/28.2.13676358/toolchains/llvm/prebuilt/linux-x86_64/bin/../sysroot/usr/include/stdint.h:149:27: note: expanded from macro 'UINT64_C'
  149 | #  define UINT64_C(c)     c ## ULL
      |                           ^~~~~~~~
<scratch space>:46:1: note: expanded from here
   46 | 18446744073709551615ULL
      | ^~~~~~~~~~~~~~~~~~~~~~~
In file included from libavcodec/options.c:38:
libavcodec/options_table.h:272:100: warning: implicit conversion from 'unsigned long long' to 'double' changes value from 18446744073709551615 to 18446744073709551616 [-Wimplicit-const-int-float-conversion]
  272 | {"channel_layout", NULL, OFFSET(channel_layout), AV_OPT_TYPE_CHANNEL_LAYOUT, {.i64 = DEFAULT }, 0, UINT64_MAX, A|E|D, "channel_layout"},
      | ~                                                                                                  ^~~~~~~~~~
/opt/android-sdk/ndk/28.2.13676358/toolchains/llvm/prebuilt/linux-x86_64/bin/../sysroot/usr/include/stdint.h:194:27: note: expanded from macro 'UINT64_MAX'
  194 | #define UINT64_MAX       (UINT64_C(18446744073709551615))
      |                           ^~~~~~~~~~~~~~~~~~~~~~~~~~~~~~
/opt/android-sdk/ndk/28.2.13676358/toolchains/llvm/prebuilt/linux-x86_64/bin/../sysroot/usr/include/stdint.h:149:27: note: expanded from macro 'UINT64_C'
  149 | #  define UINT64_C(c)     c ## ULL
      |                           ^~~~~~~~
<scratch space>:45:1: note: expanded from here
   45 | 18446744073709551615ULL
      | ^~~~~~~~~~~~~~~~~~~~~~~
In file included from libavcodec/options.c:38:
libavcodec/options_table.h:48:110: warning: implicit conversion from 'long long' to 'double' changes value from 9223372036854775807 to 9223372036854775808 [-Wimplicit-const-int-float-conversion]
   48 | {"b", "set bitrate (in bits/s)", OFFSET(bit_rate), AV_OPT_TYPE_INT64, {.i64 = AV_CODEC_DEFAULT_BITRATE }, 0, INT64_MAX, A|V|E},
      | ~                                                                                                            ^~~~~~~~~
/opt/android-sdk/ndk/28.2.13676358/toolchains/llvm/prebuilt/linux-x86_64/bin/../sysroot/usr/include/stdint.h:189:27: note: expanded from macro 'INT64_MAX'
  189 | #define INT64_MAX        (INT64_C(9223372036854775807))
      |                           ^~~~~~~~~~~~~~~~~~~~~~~~~~~~
/opt/android-sdk/ndk/28.2.13676358/toolchains/llvm/prebuilt/linux-x86_64/bin/../sysroot/usr/include/stdint.h:148:27: note: expanded from macro 'INT64_C'
  148 | #  define INT64_C(c)      c ## LL
      |                           ^~~~~~~
<scratch space>:44:1: note: expanded from here
   44 | 9223372036854775807LL
      | ^~~~~~~~~~~~~~~~~~~~~
CC	libavcodec/profiles.o
CC	libavcodec/pthread.o
3 warnings generated.
CC	libavcodec/pthread_frame.o
CC	libavcodec/pthread_slice.o
CC	libavcodec/qsv_api.o
CC	libavcodec/raw.o
CC	libavcodec/simple_idct.o
CC	libavcodec/utils.o
CC	libavcodec/version.o
CC	libavcodec/vlc.o
CC	libavcodec/vorbis_parser.o
CC	libavcodec/xiph.o
GEN	libavcodec/libavcodec.pc
CC	libswresample/audioconvert.o
CC	libswresample/dither.o
CC	libswresample/options.o
libswresample/options.c:132:144: warning: implicit conversion from 'long long' to 'double' changes value from 9223372036854775807 to 9223372036854775808 [-Wimplicit-const-int-float-conversion]
  131 | {"first_pts"            , "Assume the first pts should be this value (in samples)."
      | ~
  132 |                                                         , OFFSET(firstpts_in_samples), AV_OPT_TYPE_INT64 ,{.i64=AV_NOPTS_VALUE    }, INT64_MIN,INT64_MAX, PARAM },
      |                                                                                                                                                ^~~~~~~~~
/opt/android-sdk/ndk/28.2.13676358/toolchains/llvm/prebuilt/linux-x86_64/bin/../sysroot/usr/include/stdint.h:189:27: note: expanded from macro 'INT64_MAX'
  189 | #define INT64_MAX        (INT64_C(9223372036854775807))
      |                           ^~~~~~~~~~~~~~~~~~~~~~~~~~~~
/opt/android-sdk/ndk/28.2.13676358/toolchains/llvm/prebuilt/linux-x86_64/bin/../sysroot/usr/include/stdint.h:148:27: note: expanded from macro 'INT64_C'
  148 | #  define INT64_C(c)      c ## LL
      |                           ^~~~~~~
<scratch space>:49:1: note: expanded from here
   49 | 9223372036854775807LL
      | ^~~~~~~~~~~~~~~~~~~~~
libswresample/options.c:70:145: warning: implicit conversion from 'long long' to 'double' changes value from 9223372036854775807 to 9223372036854775808 [-Wimplicit-const-int-float-conversion]
   69 | {"out_channel_layout"   , "set output channel layout (Deprecated, use out_chlayout)",
      | ~
   70 |                                                           OFFSET(user_out_ch_layout), AV_OPT_TYPE_CHANNEL_LAYOUT, {.i64=0         }, INT64_MIN, INT64_MAX, PARAM|DEPREC, "channel_layout"},
      |                                                                                                                                                 ^~~~~~~~~
/opt/android-sdk/ndk/28.2.13676358/toolchains/llvm/prebuilt/linux-x86_64/bin/../sysroot/usr/include/stdint.h:189:27: note: expanded from macro 'INT64_MAX'
  189 | #define INT64_MAX        (INT64_C(9223372036854775807))
      |                           ^~~~~~~~~~~~~~~~~~~~~~~~~~~~
/opt/android-sdk/ndk/28.2.13676358/toolchains/llvm/prebuilt/linux-x86_64/bin/../sysroot/usr/include/stdint.h:148:27: note: expanded from macro 'INT64_C'
  148 | #  define INT64_C(c)      c ## LL
      |                           ^~~~~~~
<scratch space>:46:1: note: expanded from here
   46 | 9223372036854775807LL
      | ^~~~~~~~~~~~~~~~~~~~~
libswresample/options.c:68:145: warning: implicit conversion from 'long long' to 'double' changes value from 9223372036854775807 to 9223372036854775808 [-Wimplicit-const-int-float-conversion]
   67 | {"ocl"                  , "set output channel layout (Deprecated, use ochl)",
      | ~
   68 |                                                           OFFSET(user_out_ch_layout), AV_OPT_TYPE_CHANNEL_LAYOUT, {.i64=0         }, INT64_MIN, INT64_MAX, PARAM|DEPREC, "channel_layout"},
      |                                                                                                                                                 ^~~~~~~~~
/opt/android-sdk/ndk/28.2.13676358/toolchains/llvm/prebuilt/linux-x86_64/bin/../sysroot/usr/include/stdint.h:189:27: note: expanded from macro 'INT64_MAX'
  189 | #define INT64_MAX        (INT64_C(9223372036854775807))
      |                           ^~~~~~~~~~~~~~~~~~~~~~~~~~~~
/opt/android-sdk/ndk/28.2.13676358/toolchains/llvm/prebuilt/linux-x86_64/bin/../sysroot/usr/include/stdint.h:148:27: note: expanded from macro 'INT64_C'
  148 | #  define INT64_C(c)      c ## LL
      |                           ^~~~~~~
<scratch space>:44:1: note: expanded from here
   44 | 9223372036854775807LL
      | ^~~~~~~~~~~~~~~~~~~~~
libswresample/options.c:66:145: warning: implicit conversion from 'long long' to 'double' changes value from 9223372036854775807 to 9223372036854775808 [-Wimplicit-const-int-float-conversion]
   65 | {"in_channel_layout"    , "set input channel layout (Deprecated, use in_chlayout)",
      | ~
   66 |                                                           OFFSET(user_in_ch_layout), AV_OPT_TYPE_CHANNEL_LAYOUT, {.i64=0          }, INT64_MIN, INT64_MAX, PARAM|DEPREC, "channel_layout"},
      |                                                                                                                                                 ^~~~~~~~~
/opt/android-sdk/ndk/28.2.13676358/toolchains/llvm/prebuilt/linux-x86_64/bin/../sysroot/usr/include/stdint.h:189:27: note: expanded from macro 'INT64_MAX'
  189 | #define INT64_MAX        (INT64_C(9223372036854775807))
      |                           ^~~~~~~~~~~~~~~~~~~~~~~~~~~~
/opt/android-sdk/ndk/28.2.13676358/toolchains/llvm/prebuilt/linux-x86_64/bin/../sysroot/usr/include/stdint.h:148:27: note: expanded from macro 'INT64_C'
  148 | #  define INT64_C(c)      c ## LL
      |                           ^~~~~~~
<scratch space>:42:1: note: expanded from here
   42 | 9223372036854775807LL
      | ^~~~~~~~~~~~~~~~~~~~~
libswresample/options.c:64:145: warning: implicit conversion from 'long long' to 'double' changes value from 9223372036854775807 to 9223372036854775808 [-Wimplicit-const-int-float-conversion]
   63 | {"icl"                  , "set input channel layout (Deprecated, use ichl)",
      | ~
   64 |                                                           OFFSET(user_in_ch_layout), AV_OPT_TYPE_CHANNEL_LAYOUT, {.i64=0          }, INT64_MIN, INT64_MAX, PARAM|DEPREC, "channel_layout"},
      |                                                                                                                                                 ^~~~~~~~~
/opt/android-sdk/ndk/28.2.13676358/toolchains/llvm/prebuilt/linux-x86_64/bin/../sysroot/usr/include/stdint.h:189:27: note: expanded from macro 'INT64_MAX'
  189 | #define INT64_MAX        (INT64_C(9223372036854775807))
      |                           ^~~~~~~~~~~~~~~~~~~~~~~~~~~~
/opt/android-sdk/ndk/28.2.13676358/toolchains/llvm/prebuilt/linux-x86_64/bin/../sysroot/usr/include/stdint.h:148:27: note: expanded from macro 'INT64_C'
  148 | #  define INT64_C(c)      c ## LL
      |                           ^~~~~~~
<scratch space>:40:1: note: expanded from here
   40 | 9223372036854775807LL
      | ^~~~~~~~~~~~~~~~~~~~~
5 warnings generated.
CC	libswresample/rematrix.o
CC	libswresample/resample.o
CC	libswresample/resample_dsp.o
CC	libswresample/swresample.o
CC	libswresample/swresample_frame.o
CC	libswresample/version.o
GEN	libswresample/libswresample.pc
CC	libavutil/../compat/strtod.o
CC	libavutil/adler32.o
CC	libavutil/aes.o
CC	libavutil/aes_ctr.o
CC	libavutil/ambient_viewing_environment.o
CC	libavutil/audio_fifo.o
CC	libavutil/avsscanf.o
CC	libavutil/avstring.o
CC	libavutil/base64.o
CC	libavutil/blowfish.o
CC	libavutil/bprint.o
CC	libavutil/buffer.o
CC	libavutil/camellia.o
CC	libavutil/cast5.o
CC	libavutil/channel_layout.o
CC	libavutil/cpu.o
libavutil/cpu.c:116:76: warning: implicit conversion from 'long long' to 'double' changes value from 9223372036854775807 to 9223372036854775808 [-Wimplicit-const-int-float-conversion]
  116 |         { "flags"   , NULL, 0, AV_OPT_TYPE_FLAGS, { .i64 = 0 }, INT64_MIN, INT64_MAX, .unit = "flags" },
      |         ~                                                                  ^~~~~~~~~
/opt/android-sdk/ndk/28.2.13676358/toolchains/llvm/prebuilt/linux-x86_64/bin/../sysroot/usr/include/stdint.h:189:27: note: expanded from macro 'INT64_MAX'
  189 | #define INT64_MAX        (INT64_C(9223372036854775807))
      |                           ^~~~~~~~~~~~~~~~~~~~~~~~~~~~
/opt/android-sdk/ndk/28.2.13676358/toolchains/llvm/prebuilt/linux-x86_64/bin/../sysroot/usr/include/stdint.h:148:27: note: expanded from macro 'INT64_C'
  148 | #  define INT64_C(c)      c ## LL
      |                           ^~~~~~~
<scratch space>:53:1: note: expanded from here
   53 | 9223372036854775807LL
      | ^~~~~~~~~~~~~~~~~~~~~
1 warning generated.
CC	libavutil/crc.o
CC	libavutil/csp.o
CC	libavutil/des.o
CC	libavutil/detection_bbox.o
CC	libavutil/dict.o
CC	libavutil/display.o
CC	libavutil/dovi_meta.o
CC	libavutil/downmix_info.o
CC	libavutil/encryption_info.o
CC	libavutil/error.o
CC	libavutil/eval.o
CC	libavutil/fifo.o
CC	libavutil/file.o
libavutil/eval.c:237:41: warning: implicit conversion from 'unsigned long long' to 'double' changes value from 18446744073709551615 to 18446744073709551616 [-Wimplicit-const-int-float-conversion]
  237 |             return e->value * (r * (1.0/UINT64_MAX));
      |                                        ~^~~~~~~~~~
/opt/android-sdk/ndk/28.2.13676358/toolchains/llvm/prebuilt/linux-x86_64/bin/../sysroot/usr/include/stdint.h:194:27: note: expanded from macro 'UINT64_MAX'
  194 | #define UINT64_MAX       (UINT64_C(18446744073709551615))
      |                           ^~~~~~~~~~~~~~~~~~~~~~~~~~~~~~
/opt/android-sdk/ndk/28.2.13676358/toolchains/llvm/prebuilt/linux-x86_64/bin/../sysroot/usr/include/stdint.h:149:27: note: expanded from macro 'UINT64_C'
  149 | #  define UINT64_C(c)     c ## ULL
      |                           ^~~~~~~~
<scratch space>:38:1: note: expanded from here
   38 | 18446744073709551615ULL
      | ^~~~~~~~~~~~~~~~~~~~~~~
CC	libavutil/file_open.o
CC	libavutil/film_grain_params.o
CC	libavutil/fixed_dsp.o
CC	libavutil/float_dsp.o
CC	libavutil/frame.o
CC	libavutil/hash.o
1 warning generated.
CC	libavutil/hdr_dynamic_metadata.o
CC	libavutil/hdr_dynamic_vivid_metadata.o
CC	libavutil/hmac.o
CC	libavutil/hwcontext.o
CC	libavutil/hwcontext_stub.o
CC	libavutil/imgutils.o
CC	libavutil/integer.o
CC	libavutil/intmath.o
CC	libavutil/lfg.o
CC	libavutil/lls.o
CC	libavutil/log.o
CC	libavutil/log2_tab.o
CC	libavutil/lzo.o
CC	libavutil/mastering_display_metadata.o
CC	libavutil/mathematics.o
CC	libavutil/md5.o
CC	libavutil/mem.o
CC	libavutil/murmur3.o
CC	libavutil/opt.o
CC	libavutil/parseutils.o
CC	libavutil/pixdesc.o
CC	libavutil/pixelutils.o
CC	libavutil/random_seed.o
CC	libavutil/rational.o
CC	libavutil/rc4.o
CC	libavutil/reverse.o
CC	libavutil/ripemd.o
CC	libavutil/samplefmt.o
CC	libavutil/sha.o
CC	libavutil/sha512.o
CC	libavutil/slicethread.o
CC	libavutil/spherical.o
CC	libavutil/stereo3d.o
CC	libavutil/tea.o
CC	libavutil/threadmessage.o
CC	libavutil/time.o
CC	libavutil/timecode.o
CC	libavutil/tree.o
CC	libavutil/twofish.o
CC	libavutil/tx.o
CC	libavutil/tx_double.o
CC	libavutil/tx_float.o
CC	libavutil/tx_int32.o
CC	libavutil/utils.o
CC	libavutil/uuid.o
CC	libavutil/version.o
CC	libavutil/video_enc_params.o
CC	libavutil/xga_font_data.o
CC	libavutil/xtea.o
GEN	libavutil/libavutil.pc
AR	libavcodec/libavcodec.a
AR	libswresample/libswresample.a
AR	libavutil/libavutil.a
INSTALL	libavcodec/libavcodec.a
INSTALL	libswresample/libswresample.a
INSTALL	libavutil/libavutil.a
install prefix            /usr/local
source path               .
C compiler                /opt/android-sdk/ndk/28.2.13676358/toolchains/llvm/prebuilt/linux-x86_64/bin/x86_64-linux-android21-clang
C library                 bionic
host C compiler           gcc
host C library            glibc
ARCH                      c (x86-64)
big-endian                no
runtime cpu detection     yes
debug symbols             yes
strip symbols             yes
optimize for size         no
optimizations             yes
static                    yes
shared                    no
postprocessing support    no
network support           no
threading support         pthreads
safe bitstream reader     yes
texi2html enabled         no
perl enabled              yes
pod2man enabled           yes
makeinfo enabled          no
makeinfo supports HTML    no
xmllint enabled           no

External libraries:
zlib

External libraries providing hardware acceleration:
cuda_llvm

Libraries:
avcodec                 avutil                  swresample

Programs:

Enabled decoders:
alac                    flac

Enabled encoders:

Enabled hwaccels:

Enabled parsers:

Enabled demuxers:

Enabled muxers:

Enabled protocols:

Enabled filters:

Enabled bsfs:

Enabled indevs:

Enabled outdevs:

License: LGPL version 2.1 or later

WARNING: /opt/android-sdk/ndk/28.2.13676358/toolchains/llvm/prebuilt/linux-x86_64/bin/x86_64-linux-android21-pkg-config not found, library detection may fail.
config_components.h is unchanged
libavutil/avconfig.h is unchanged
libavfilter/filter_list.c is unchanged
libavcodec/codec_list.c is unchanged
libavcodec/parser_list.c is unchanged
libavcodec/bsf_list.c is unchanged
libavformat/demuxer_list.c is unchanged
libavformat/muxer_list.c is unchanged
libavdevice/indev_list.c is unchanged
libavdevice/outdev_list.c is unchanged
libavformat/protocol_list.c is unchanged
GEN	libavutil/libavutil.version
GEN	libswresample/libswresample.version
GEN	libavcodec/libavcodec.version
CC	libavcodec/ac3_parser.o
CC	libavcodec/adts_parser.o
CC	libavcodec/alac.o
CC	libavcodec/alac_data.o
CC	libavcodec/alacdsp.o
CC	libavcodec/allcodecs.o
CC	libavcodec/avcodec.o
CC	libavcodec/avdct.o
CC	libavcodec/avpacket.o
CC	libavcodec/bitstream.o
CC	libavcodec/bitstream_filters.o
CC	libavcodec/bsf.o
CC	libavcodec/codec_desc.o
CC	libavcodec/codec_par.o
CC	libavcodec/d3d11va.o
CC	libavcodec/decode.o
CC	libavcodec/dirac.o
CC	libavcodec/dv_profile.o
CC	libavcodec/encode.o
CC	libavcodec/faandct.o
CC	libavcodec/faanidct.o
CC	libavcodec/fdctdsp.o
CC	libavcodec/flac.o
CC	libavcodec/flacdata.o
CC	libavcodec/flacdec.o
CC	libavcodec/flacdsp.o
CC	libavcodec/get_buffer.o
CC	libavcodec/idctdsp.o
CC	libavcodec/imgconvert.o
CC	libavcodec/jfdctfst.o
CC	libavcodec/jfdctint.o
CC	libavcodec/jni.o
CC	libavcodec/jrevdct.o
CC	libavcodec/mathtables.o
CC	libavcodec/mediacodec.o
CC	libavcodec/mpeg12framerate.o
CC	libavcodec/options.o
CC	libavcodec/parser.o
CC	libavcodec/parsers.o
In file included from libavcodec/options.c:38:
libavcodec/options_table.h:273:116: warning: implicit conversion from 'unsigned long' to 'double' changes value from 18446744073709551615 to 18446744073709551616 [-Wimplicit-const-int-float-conversion]
  273 | {"request_channel_layout", NULL, OFFSET(request_channel_layout), AV_OPT_TYPE_CHANNEL_LAYOUT, {.i64 = DEFAULT }, 0, UINT64_MAX, A|D, "request_channel_layout"},
      | ~                                                                                                                  ^~~~~~~~~~
/opt/android-sdk/ndk/28.2.13676358/toolchains/llvm/prebuilt/linux-x86_64/bin/../sysroot/usr/include/stdint.h:194:27: note: expanded from macro 'UINT64_MAX'
  194 | #define UINT64_MAX       (UINT64_C(18446744073709551615))
      |                           ^~~~~~~~~~~~~~~~~~~~~~~~~~~~~~
/opt/android-sdk/ndk/28.2.13676358/toolchains/llvm/prebuilt/linux-x86_64/bin/../sysroot/usr/include/stdint.h:143:27: note: expanded from macro 'UINT64_C'
  143 | #  define UINT64_C(c)     c ## UL
      |                           ^~~~~~~
<scratch space>:46:1: note: expanded from here
   46 | 18446744073709551615UL
      | ^~~~~~~~~~~~~~~~~~~~~~
In file included from libavcodec/options.c:38:
libavcodec/options_table.h:272:100: warning: implicit conversion from 'unsigned long' to 'double' changes value from 18446744073709551615 to 18446744073709551616 [-Wimplicit-const-int-float-conversion]
  272 | {"channel_layout", NULL, OFFSET(channel_layout), AV_OPT_TYPE_CHANNEL_LAYOUT, {.i64 = DEFAULT }, 0, UINT64_MAX, A|E|D, "channel_layout"},
      | ~                                                                                                  ^~~~~~~~~~
/opt/android-sdk/ndk/28.2.13676358/toolchains/llvm/prebuilt/linux-x86_64/bin/../sysroot/usr/include/stdint.h:194:27: note: expanded from macro 'UINT64_MAX'
  194 | #define UINT64_MAX       (UINT64_C(18446744073709551615))
      |                           ^~~~~~~~~~~~~~~~~~~~~~~~~~~~~~
/opt/android-sdk/ndk/28.2.13676358/toolchains/llvm/prebuilt/linux-x86_64/bin/../sysroot/usr/include/stdint.h:143:27: note: expanded from macro 'UINT64_C'
  143 | #  define UINT64_C(c)     c ## UL
      |                           ^~~~~~~
<scratch space>:45:1: note: expanded from here
   45 | 18446744073709551615UL
      | ^~~~~~~~~~~~~~~~~~~~~~
In file included from libavcodec/options.c:38:
libavcodec/options_table.h:48:110: warning: implicit conversion from 'long' to 'double' changes value from 9223372036854775807 to 9223372036854775808 [-Wimplicit-const-int-float-conversion]
   48 | {"b", "set bitrate (in bits/s)", OFFSET(bit_rate), AV_OPT_TYPE_INT64, {.i64 = AV_CODEC_DEFAULT_BITRATE }, 0, INT64_MAX, A|V|E},
      | ~                                                                                                            ^~~~~~~~~
/opt/android-sdk/ndk/28.2.13676358/toolchains/llvm/prebuilt/linux-x86_64/bin/../sysroot/usr/include/stdint.h:189:27: note: expanded from macro 'INT64_MAX'
  189 | #define INT64_MAX        (INT64_C(9223372036854775807))
      |                           ^~~~~~~~~~~~~~~~~~~~~~~~~~~~
/opt/android-sdk/ndk/28.2.13676358/toolchains/llvm/prebuilt/linux-x86_64/bin/../sysroot/usr/include/stdint.h:142:27: note: expanded from macro 'INT64_C'
  142 | #  define INT64_C(c)      c ## L
      |                           ^~~~~~
<scratch space>:44:1: note: expanded from here
   44 | 9223372036854775807L
      | ^~~~~~~~~~~~~~~~~~~~
CC	libavcodec/profiles.o
CC	libavcodec/pthread.o
3 warnings generated.
CC	libavcodec/pthread_frame.o
CC	libavcodec/pthread_slice.o
CC	libavcodec/qsv_api.o
CC	libavcodec/raw.o
CC	libavcodec/simple_idct.o
CC	libavcodec/utils.o
CC	libavcodec/version.o
CC	libavcodec/vlc.o
CC	libavcodec/vorbis_parser.o
CC	libavcodec/xiph.o
GEN	libavcodec/libavcodec.pc
CC	libswresample/audioconvert.o
CC	libswresample/dither.o
CC	libswresample/options.o
libswresample/options.c:132:144: warning: implicit conversion from 'long' to 'double' changes value from 9223372036854775807 to 9223372036854775808 [-Wimplicit-const-int-float-conversion]
  131 | {"first_pts"            , "Assume the first pts should be this value (in samples)."
      | ~
  132 |                                                         , OFFSET(firstpts_in_samples), AV_OPT_TYPE_INT64 ,{.i64=AV_NOPTS_VALUE    }, INT64_MIN,INT64_MAX, PARAM },
      |                                                                                                                                                ^~~~~~~~~
/opt/android-sdk/ndk/28.2.13676358/toolchains/llvm/prebuilt/linux-x86_64/bin/../sysroot/usr/include/stdint.h:189:27: note: expanded from macro 'INT64_MAX'
  189 | #define INT64_MAX        (INT64_C(9223372036854775807))
      |                           ^~~~~~~~~~~~~~~~~~~~~~~~~~~~
/opt/android-sdk/ndk/28.2.13676358/toolchains/llvm/prebuilt/linux-x86_64/bin/../sysroot/usr/include/stdint.h:142:27: note: expanded from macro 'INT64_C'
  142 | #  define INT64_C(c)      c ## L
      |                           ^~~~~~
<scratch space>:49:1: note: expanded from here
   49 | 9223372036854775807L
      | ^~~~~~~~~~~~~~~~~~~~
libswresample/options.c:70:145: warning: implicit conversion from 'long' to 'double' changes value from 9223372036854775807 to 9223372036854775808 [-Wimplicit-const-int-float-conversion]
   69 | {"out_channel_layout"   , "set output channel layout (Deprecated, use out_chlayout)",
      | ~
   70 |                                                           OFFSET(user_out_ch_layout), AV_OPT_TYPE_CHANNEL_LAYOUT, {.i64=0         }, INT64_MIN, INT64_MAX, PARAM|DEPREC, "channel_layout"},
      |                                                                                                                                                 ^~~~~~~~~
/opt/android-sdk/ndk/28.2.13676358/toolchains/llvm/prebuilt/linux-x86_64/bin/../sysroot/usr/include/stdint.h:189:27: note: expanded from macro 'INT64_MAX'
  189 | #define INT64_MAX        (INT64_C(9223372036854775807))
      |                           ^~~~~~~~~~~~~~~~~~~~~~~~~~~~
/opt/android-sdk/ndk/28.2.13676358/toolchains/llvm/prebuilt/linux-x86_64/bin/../sysroot/usr/include/stdint.h:142:27: note: expanded from macro 'INT64_C'
  142 | #  define INT64_C(c)      c ## L
      |                           ^~~~~~
<scratch space>:46:1: note: expanded from here
   46 | 9223372036854775807L
      | ^~~~~~~~~~~~~~~~~~~~
libswresample/options.c:68:145: warning: implicit conversion from 'long' to 'double' changes value from 9223372036854775807 to 9223372036854775808 [-Wimplicit-const-int-float-conversion]
   67 | {"ocl"                  , "set output channel layout (Deprecated, use ochl)",
      | ~
   68 |                                                           OFFSET(user_out_ch_layout), AV_OPT_TYPE_CHANNEL_LAYOUT, {.i64=0         }, INT64_MIN, INT64_MAX, PARAM|DEPREC, "channel_layout"},
      |                                                                                                                                                 ^~~~~~~~~
/opt/android-sdk/ndk/28.2.13676358/toolchains/llvm/prebuilt/linux-x86_64/bin/../sysroot/usr/include/stdint.h:189:27: note: expanded from macro 'INT64_MAX'
  189 | #define INT64_MAX        (INT64_C(9223372036854775807))
      |                           ^~~~~~~~~~~~~~~~~~~~~~~~~~~~
/opt/android-sdk/ndk/28.2.13676358/toolchains/llvm/prebuilt/linux-x86_64/bin/../sysroot/usr/include/stdint.h:142:27: note: expanded from macro 'INT64_C'
  142 | #  define INT64_C(c)      c ## L
      |                           ^~~~~~
<scratch space>:44:1: note: expanded from here
   44 | 9223372036854775807L
      | ^~~~~~~~~~~~~~~~~~~~
libswresample/options.c:66:145: warning: implicit conversion from 'long' to 'double' changes value from 9223372036854775807 to 9223372036854775808 [-Wimplicit-const-int-float-conversion]
   65 | {"in_channel_layout"    , "set input channel layout (Deprecated, use in_chlayout)",
      | ~
   66 |                                                           OFFSET(user_in_ch_layout), AV_OPT_TYPE_CHANNEL_LAYOUT, {.i64=0          }, INT64_MIN, INT64_MAX, PARAM|DEPREC, "channel_layout"},
      |                                                                                                                                                 ^~~~~~~~~
/opt/android-sdk/ndk/28.2.13676358/toolchains/llvm/prebuilt/linux-x86_64/bin/../sysroot/usr/include/stdint.h:189:27: note: expanded from macro 'INT64_MAX'
  189 | #define INT64_MAX        (INT64_C(9223372036854775807))
      |                           ^~~~~~~~~~~~~~~~~~~~~~~~~~~~
/opt/android-sdk/ndk/28.2.13676358/toolchains/llvm/prebuilt/linux-x86_64/bin/../sysroot/usr/include/stdint.h:142:27: note: expanded from macro 'INT64_C'
  142 | #  define INT64_C(c)      c ## L
      |                           ^~~~~~
<scratch space>:42:1: note: expanded from here
   42 | 9223372036854775807L
      | ^~~~~~~~~~~~~~~~~~~~
libswresample/options.c:64:145: warning: implicit conversion from 'long' to 'double' changes value from 9223372036854775807 to 9223372036854775808 [-Wimplicit-const-int-float-conversion]
   63 | {"icl"                  , "set input channel layout (Deprecated, use ichl)",
      | ~
   64 |                                                           OFFSET(user_in_ch_layout), AV_OPT_TYPE_CHANNEL_LAYOUT, {.i64=0          }, INT64_MIN, INT64_MAX, PARAM|DEPREC, "channel_layout"},
      |                                                                                                                                                 ^~~~~~~~~
/opt/android-sdk/ndk/28.2.13676358/toolchains/llvm/prebuilt/linux-x86_64/bin/../sysroot/usr/include/stdint.h:189:27: note: expanded from macro 'INT64_MAX'
  189 | #define INT64_MAX        (INT64_C(9223372036854775807))
      |                           ^~~~~~~~~~~~~~~~~~~~~~~~~~~~
/opt/android-sdk/ndk/28.2.13676358/toolchains/llvm/prebuilt/linux-x86_64/bin/../sysroot/usr/include/stdint.h:142:27: note: expanded from macro 'INT64_C'
  142 | #  define INT64_C(c)      c ## L
      |                           ^~~~~~
<scratch space>:40:1: note: expanded from here
   40 | 9223372036854775807L
      | ^~~~~~~~~~~~~~~~~~~~
5 warnings generated.
CC	libswresample/rematrix.o
CC	libswresample/resample.o
CC	libswresample/resample_dsp.o
CC	libswresample/swresample.o
CC	libswresample/swresample_frame.o
CC	libswresample/version.o
GEN	libswresample/libswresample.pc
CC	libavutil/../compat/strtod.o
CC	libavutil/adler32.o
CC	libavutil/aes.o
CC	libavutil/aes_ctr.o
CC	libavutil/ambient_viewing_environment.o
CC	libavutil/audio_fifo.o
CC	libavutil/avsscanf.o
CC	libavutil/avstring.o
CC	libavutil/base64.o
CC	libavutil/blowfish.o
CC	libavutil/bprint.o
CC	libavutil/buffer.o
CC	libavutil/camellia.o
CC	libavutil/cast5.o
CC	libavutil/channel_layout.o
CC	libavutil/cpu.o
CC	libavutil/crc.o
libavutil/cpu.c:116:76: warning: implicit conversion from 'long' to 'double' changes value from 9223372036854775807 to 9223372036854775808 [-Wimplicit-const-int-float-conversion]
  116 |         { "flags"   , NULL, 0, AV_OPT_TYPE_FLAGS, { .i64 = 0 }, INT64_MIN, INT64_MAX, .unit = "flags" },
      |         ~                                                                  ^~~~~~~~~
/opt/android-sdk/ndk/28.2.13676358/toolchains/llvm/prebuilt/linux-x86_64/bin/../sysroot/usr/include/stdint.h:189:27: note: expanded from macro 'INT64_MAX'
  189 | #define INT64_MAX        (INT64_C(9223372036854775807))
      |                           ^~~~~~~~~~~~~~~~~~~~~~~~~~~~
/opt/android-sdk/ndk/28.2.13676358/toolchains/llvm/prebuilt/linux-x86_64/bin/../sysroot/usr/include/stdint.h:142:27: note: expanded from macro 'INT64_C'
  142 | #  define INT64_C(c)      c ## L
      |                           ^~~~~~
<scratch space>:48:1: note: expanded from here
   48 | 9223372036854775807L
      | ^~~~~~~~~~~~~~~~~~~~
1 warning generated.
CC	libavutil/csp.o
CC	libavutil/des.o
CC	libavutil/detection_bbox.o
CC	libavutil/dict.o
CC	libavutil/display.o
CC	libavutil/dovi_meta.o
CC	libavutil/downmix_info.o
CC	libavutil/encryption_info.o
CC	libavutil/error.o
CC	libavutil/eval.o
libavutil/eval.c:237:41: warning: implicit conversion from 'unsigned long' to 'double' changes value from 18446744073709551615 to 18446744073709551616 [-Wimplicit-const-int-float-conversion]
  237 |             return e->value * (r * (1.0/UINT64_MAX));
      |                                        ~^~~~~~~~~~
/opt/android-sdk/ndk/28.2.13676358/toolchains/llvm/prebuilt/linux-x86_64/bin/../sysroot/usr/include/stdint.h:194:27: note: expanded from macro 'UINT64_MAX'
  194 | #define UINT64_MAX       (UINT64_C(18446744073709551615))
      |                           ^~~~~~~~~~~~~~~~~~~~~~~~~~~~~~
/opt/android-sdk/ndk/28.2.13676358/toolchains/llvm/prebuilt/linux-x86_64/bin/../sysroot/usr/include/stdint.h:143:27: note: expanded from macro 'UINT64_C'
  143 | #  define UINT64_C(c)     c ## UL
      |                           ^~~~~~~
<scratch space>:38:1: note: expanded from here
   38 | 18446744073709551615UL
      | ^~~~~~~~~~~~~~~~~~~~~~
CC	libavutil/fifo.o
CC	libavutil/file.o
CC	libavutil/file_open.o
CC	libavutil/film_grain_params.o
CC	libavutil/fixed_dsp.o
CC	libavutil/float_dsp.o
CC	libavutil/frame.o
1 warning generated.
CC	libavutil/hash.o
CC	libavutil/hdr_dynamic_metadata.o
CC	libavutil/hdr_dynamic_vivid_metadata.o
CC	libavutil/hmac.o
CC	libavutil/hwcontext.o
CC	libavutil/hwcontext_stub.o
CC	libavutil/imgutils.o
CC	libavutil/integer.o
CC	libavutil/intmath.o
CC	libavutil/lfg.o
CC	libavutil/lls.o
CC	libavutil/log.o
CC	libavutil/log2_tab.o
CC	libavutil/lzo.o
CC	libavutil/mastering_display_metadata.o
CC	libavutil/mathematics.o
CC	libavutil/md5.o
CC	libavutil/mem.o
CC	libavutil/murmur3.o
CC	libavutil/opt.o
CC	libavutil/parseutils.o
CC	libavutil/pixdesc.o
CC	libavutil/pixelutils.o
CC	libavutil/random_seed.o
CC	libavutil/rational.o
CC	libavutil/rc4.o
CC	libavutil/reverse.o
CC	libavutil/ripemd.o
CC	libavutil/samplefmt.o
CC	libavutil/sha.o
CC	libavutil/sha512.o
CC	libavutil/slicethread.o
CC	libavutil/spherical.o
CC	libavutil/stereo3d.o
CC	libavutil/tea.o
CC	libavutil/threadmessage.o
CC	libavutil/time.o
CC	libavutil/timecode.o
CC	libavutil/tree.o
CC	libavutil/twofish.o
CC	libavutil/tx.o
CC	libavutil/tx_double.o
CC	libavutil/tx_float.o
CC	libavutil/tx_int32.o
CC	libavutil/utils.o
CC	libavutil/uuid.o
CC	libavutil/version.o
CC	libavutil/video_enc_params.o
CC	libavutil/xga_font_data.o
CC	libavutil/xtea.o
GEN	libavutil/libavutil.pc
AR	libavcodec/libavcodec.a
AR	libswresample/libswresample.a
AR	libavutil/libavutil.a
INSTALL	libavcodec/libavcodec.a
INSTALL	libswresample/libswresample.a
INSTALL	libavutil/libavutil.a

> Task :media-lib-decoder-ffmpeg:preBuild UP-TO-DATE
> Task :media-lib-decoder-ffmpeg:preDebugBuild
> Task :media-lib-decoder-ffmpeg:generateDebugResources
> Task :media-lib-decoder-ffmpeg:packageDebugResources
> Task :media-lib-exoplayer:preBuild UP-TO-DATE
> Task :media-lib-exoplayer:preDebugBuild UP-TO-DATE
> Task :media-lib-exoplayer:generateDebugResources
> Task :media-lib-exoplayer:packageDebugResources
> Task :media-lib-extractor:preBuild UP-TO-DATE
> Task :media-lib-extractor:preDebugBuild UP-TO-DATE
> Task :media-lib-extractor:generateDebugResources
> Task :media-lib-extractor:packageDebugResources

> Task :musikr:assembleTaglib
Working directory is at /app/musikr/src/main/cpp
Taglib source is at /app/musikr/src/main/cpp/taglib
Taglib build is at /app/musikr/src/main/cpp/taglib/build
Taglib package is at /app/musikr/src/main/cpp/taglib/pkg
NDK toolchain is at /app/musikr/src/main/cpp/android.toolchain.cmake
NDK path is at /opt/android-sdk/ndk/28.2.13676358
-- Android: Targeting API '21' with architecture 'x86', ABI 'x86', and processor 'i686'
-- Android: Selected unified Clang toolchain
-- The C compiler identification is Clang 19.0.1
-- The CXX compiler identification is Clang 19.0.1
-- Detecting C compiler ABI info
-- Detecting C compiler ABI info - done
-- Check for working C compiler: /opt/android-sdk/ndk/28.2.13676358/toolchains/llvm/prebuilt/linux-x86_64/bin/clang - skipped
-- Detecting C compile features
-- Detecting C compile features - done
-- Detecting CXX compiler ABI info
-- Detecting CXX compiler ABI info - done
-- Check for working CXX compiler: /opt/android-sdk/ndk/28.2.13676358/toolchains/llvm/prebuilt/linux-x86_64/bin/clang++ - skipped
-- Detecting CXX compile features
-- Detecting CXX compile features - done
-- Looking for sys/types.h
-- Looking for sys/types.h - found
-- Looking for stdint.h
-- Looking for stdint.h - found
-- Looking for stddef.h
-- Looking for stddef.h - found
-- Check size of short
-- Check size of short - done
-- Check size of int
-- Check size of int - done
-- Check size of long long
-- Check size of long long - done
-- Check size of wchar_t
-- Check size of wchar_t - done
-- Check size of float
-- Check size of float - done
-- Check size of double
-- Check size of double - done
-- Performing Test HAVE_GCC_BYTESWAP
-- Performing Test HAVE_GCC_BYTESWAP - Success
-- Performing Test HAVE_ISO_STRDUP
-- Performing Test HAVE_ISO_STRDUP - Failed
-- Could NOT find utf8cpp (missing: utf8cpp_INCLUDE_DIR)
-- Using utfcpp from /app/musikr/src/main/cpp/taglib/3rdparty/utfcpp
--
-- Configuring done (3.2s)
-- Generating done (0.0s)
-- Build files have been written to: /app/musikr/src/main/cpp/taglib/build/x86
[  2%] Building CXX object taglib/CMakeFiles/tag.dir/mpeg/mpegfile.cpp.o
[  3%] Building CXX object taglib/CMakeFiles/tag.dir/mpeg/mpegproperties.cpp.o
[  3%] Building CXX object taglib/CMakeFiles/tag.dir/mpeg/xingheader.cpp.o
[  3%] Building CXX object taglib/CMakeFiles/tag.dir/mpeg/mpegheader.cpp.o
[  4%] Building CXX object taglib/CMakeFiles/tag.dir/mpeg/id3v1/id3v1tag.cpp.o
[  5%] Building CXX object taglib/CMakeFiles/tag.dir/mpeg/id3v1/id3v1genres.cpp.o
[  5%] Building CXX object taglib/CMakeFiles/tag.dir/mpeg/id3v2/id3v2framefactory.cpp.o
[  6%] Building CXX object taglib/CMakeFiles/tag.dir/mpeg/id3v2/id3v2synchdata.cpp.o
[  7%] Building CXX object taglib/CMakeFiles/tag.dir/mpeg/id3v2/id3v2tag.cpp.o
[  8%] Building CXX object taglib/CMakeFiles/tag.dir/mpeg/id3v2/id3v2header.cpp.o
[  9%] Building CXX object taglib/CMakeFiles/tag.dir/mpeg/id3v2/id3v2frame.cpp.o
[ 10%] Building CXX object taglib/CMakeFiles/tag.dir/mpeg/id3v2/id3v2footer.cpp.o
[ 11%] Building CXX object taglib/CMakeFiles/tag.dir/mpeg/id3v2/id3v2extendedheader.cpp.o
[ 11%] Building CXX object taglib/CMakeFiles/tag.dir/mpeg/id3v2/frames/attachedpictureframe.cpp.o
[ 12%] Building CXX object taglib/CMakeFiles/tag.dir/mpeg/id3v2/frames/commentsframe.cpp.o
[ 13%] Building CXX object taglib/CMakeFiles/tag.dir/mpeg/id3v2/frames/eventtimingcodesframe.cpp.o
[ 14%] Building CXX object taglib/CMakeFiles/tag.dir/mpeg/id3v2/frames/generalencapsulatedobjectframe.cpp.o
[ 15%] Building CXX object taglib/CMakeFiles/tag.dir/mpeg/id3v2/frames/ownershipframe.cpp.o
[ 16%] Building CXX object taglib/CMakeFiles/tag.dir/mpeg/id3v2/frames/popularimeterframe.cpp.o
[ 16%] Building CXX object taglib/CMakeFiles/tag.dir/mpeg/id3v2/frames/privateframe.cpp.o
[ 17%] Building CXX object taglib/CMakeFiles/tag.dir/mpeg/id3v2/frames/relativevolumeframe.cpp.o
[ 18%] Building CXX object taglib/CMakeFiles/tag.dir/mpeg/id3v2/frames/synchronizedlyricsframe.cpp.o
[ 19%] Building CXX object taglib/CMakeFiles/tag.dir/mpeg/id3v2/frames/textidentificationframe.cpp.o
[ 20%] Building CXX object taglib/CMakeFiles/tag.dir/mpeg/id3v2/frames/uniquefileidentifierframe.cpp.o
[ 21%] Building CXX object taglib/CMakeFiles/tag.dir/mpeg/id3v2/frames/unknownframe.cpp.o
[ 22%] Building CXX object taglib/CMakeFiles/tag.dir/mpeg/id3v2/frames/unsynchronizedlyricsframe.cpp.o
[ 22%] Building CXX object taglib/CMakeFiles/tag.dir/mpeg/id3v2/frames/urllinkframe.cpp.o
[ 23%] Building CXX object taglib/CMakeFiles/tag.dir/mpeg/id3v2/frames/chapterframe.cpp.o
[ 24%] Building CXX object taglib/CMakeFiles/tag.dir/mpeg/id3v2/frames/tableofcontentsframe.cpp.o
[ 25%] Building CXX object taglib/CMakeFiles/tag.dir/mpeg/id3v2/frames/podcastframe.cpp.o
[ 26%] Building CXX object taglib/CMakeFiles/tag.dir/ogg/oggfile.cpp.o
[ 27%] Building CXX object taglib/CMakeFiles/tag.dir/ogg/oggpage.cpp.o
[ 27%] Building CXX object taglib/CMakeFiles/tag.dir/ogg/oggpageheader.cpp.o
[ 28%] Building CXX object taglib/CMakeFiles/tag.dir/ogg/xiphcomment.cpp.o
[ 29%] Building CXX object taglib/CMakeFiles/tag.dir/ogg/vorbis/vorbisfile.cpp.o
[ 30%] Building CXX object taglib/CMakeFiles/tag.dir/ogg/vorbis/vorbisproperties.cpp.o
[ 31%] Building CXX object taglib/CMakeFiles/tag.dir/ogg/flac/oggflacfile.cpp.o
[ 32%] Building CXX object taglib/CMakeFiles/tag.dir/toolkit/tstring.cpp.o
[ 33%] Building CXX object taglib/CMakeFiles/tag.dir/toolkit/tstringlist.cpp.o
[ 33%] Building CXX object taglib/CMakeFiles/tag.dir/toolkit/tbytevector.cpp.o
[ 34%] Building CXX object taglib/CMakeFiles/tag.dir/toolkit/tbytevectorlist.cpp.o
[ 35%] Building CXX object taglib/CMakeFiles/tag.dir/toolkit/tvariant.cpp.o
[ 36%] Building CXX object taglib/CMakeFiles/tag.dir/toolkit/tbytevectorstream.cpp.o
[ 37%] Building CXX object taglib/CMakeFiles/tag.dir/toolkit/tiostream.cpp.o
[ 38%] Building CXX object taglib/CMakeFiles/tag.dir/toolkit/tfile.cpp.o
[ 38%] Building CXX object taglib/CMakeFiles/tag.dir/toolkit/tfilestream.cpp.o
[ 39%] Building CXX object taglib/CMakeFiles/tag.dir/toolkit/tdebug.cpp.o
[ 40%] Building CXX object taglib/CMakeFiles/tag.dir/toolkit/tpicturetype.cpp.o
[ 41%] Building CXX object taglib/CMakeFiles/tag.dir/toolkit/tpropertymap.cpp.o
[ 42%] Building CXX object taglib/CMakeFiles/tag.dir/toolkit/tdebuglistener.cpp.o
[ 43%] Building CXX object taglib/CMakeFiles/tag.dir/toolkit/tzlib.cpp.o
[ 44%] Building CXX object taglib/CMakeFiles/tag.dir/toolkit/tversionnumber.cpp.o
[ 44%] Building CXX object taglib/CMakeFiles/tag.dir/flac/flacfile.cpp.o
[ 45%] Building CXX object taglib/CMakeFiles/tag.dir/flac/flacpicture.cpp.o
[ 46%] Building CXX object taglib/CMakeFiles/tag.dir/flac/flacproperties.cpp.o
[ 47%] Building CXX object taglib/CMakeFiles/tag.dir/flac/flacmetadatablock.cpp.o
[ 48%] Building CXX object taglib/CMakeFiles/tag.dir/flac/flacunknownmetadatablock.cpp.o
[ 49%] Building CXX object taglib/CMakeFiles/tag.dir/ogg/speex/speexfile.cpp.o
[ 50%] Building CXX object taglib/CMakeFiles/tag.dir/ogg/speex/speexproperties.cpp.o
[ 50%] Building CXX object taglib/CMakeFiles/tag.dir/riff/rifffile.cpp.o
[ 51%] Building CXX object taglib/CMakeFiles/tag.dir/riff/aiff/aifffile.cpp.o
[ 52%] Building CXX object taglib/CMakeFiles/tag.dir/riff/aiff/aiffproperties.cpp.o
[ 53%] Building CXX object taglib/CMakeFiles/tag.dir/riff/wav/wavfile.cpp.o
[ 54%] Building CXX object taglib/CMakeFiles/tag.dir/riff/wav/wavproperties.cpp.o
[ 55%] Building CXX object taglib/CMakeFiles/tag.dir/riff/wav/infotag.cpp.o
[ 55%] Building CXX object taglib/CMakeFiles/tag.dir/mp4/mp4file.cpp.o
[ 56%] Building CXX object taglib/CMakeFiles/tag.dir/mp4/mp4atom.cpp.o
[ 57%] Building CXX object taglib/CMakeFiles/tag.dir/mp4/mp4tag.cpp.o
[ 58%] Building CXX object taglib/CMakeFiles/tag.dir/mp4/mp4item.cpp.o
[ 59%] Building CXX object taglib/CMakeFiles/tag.dir/mp4/mp4properties.cpp.o
[ 60%] Building CXX object taglib/CMakeFiles/tag.dir/mp4/mp4coverart.cpp.o
[ 61%] Building CXX object taglib/CMakeFiles/tag.dir/mp4/mp4stem.cpp.o
[ 61%] Building CXX object taglib/CMakeFiles/tag.dir/mp4/mp4itemfactory.cpp.o
[ 62%] Building CXX object taglib/CMakeFiles/tag.dir/mp4/mp4chapter.cpp.o
[ 63%] Building CXX object taglib/CMakeFiles/tag.dir/mp4/mp4nerochapterlist.cpp.o
[ 64%] Building CXX object taglib/CMakeFiles/tag.dir/mp4/mp4qtchapterlist.cpp.o
[ 65%] Building CXX object taglib/CMakeFiles/tag.dir/ogg/opus/opusfile.cpp.o
[ 66%] Building CXX object taglib/CMakeFiles/tag.dir/ogg/opus/opusproperties.cpp.o
[ 66%] Building CXX object taglib/CMakeFiles/tag.dir/dsf/dsffile.cpp.o
[ 67%] Building CXX object taglib/CMakeFiles/tag.dir/dsf/dsfproperties.cpp.o
[ 68%] Building CXX object taglib/CMakeFiles/tag.dir/dsdiff/dsdifffile.cpp.o
[ 69%] Building CXX object taglib/CMakeFiles/tag.dir/dsdiff/dsdiffproperties.cpp.o
[ 70%] Building CXX object taglib/CMakeFiles/tag.dir/dsdiff/dsdiffdiintag.cpp.o
[ 71%] Building CXX object taglib/CMakeFiles/tag.dir/matroska/matroskaattachedfile.cpp.o
[ 72%] Building CXX object taglib/CMakeFiles/tag.dir/matroska/matroskaattachments.cpp.o
[ 72%] Building CXX object taglib/CMakeFiles/tag.dir/matroska/matroskachapter.cpp.o
[ 73%] Building CXX object taglib/CMakeFiles/tag.dir/matroska/matroskachapteredition.cpp.o
[ 74%] Building CXX object taglib/CMakeFiles/tag.dir/matroska/matroskachapters.cpp.o
[ 75%] Building CXX object taglib/CMakeFiles/tag.dir/matroska/matroskacues.cpp.o
[ 76%] Building CXX object taglib/CMakeFiles/tag.dir/matroska/matroskaelement.cpp.o
[ 77%] Building CXX object taglib/CMakeFiles/tag.dir/matroska/matroskafile.cpp.o
[ 77%] Building CXX object taglib/CMakeFiles/tag.dir/matroska/matroskaproperties.cpp.o
[ 78%] Building CXX object taglib/CMakeFiles/tag.dir/matroska/matroskaseekhead.cpp.o
[ 79%] Building CXX object taglib/CMakeFiles/tag.dir/matroska/matroskasegment.cpp.o
[ 80%] Building CXX object taglib/CMakeFiles/tag.dir/matroska/matroskasimpletag.cpp.o
[ 81%] Building CXX object taglib/CMakeFiles/tag.dir/matroska/matroskatag.cpp.o
[ 82%] Building CXX object taglib/CMakeFiles/tag.dir/matroska/ebml/ebmlbinaryelement.cpp.o
[ 83%] Building CXX object taglib/CMakeFiles/tag.dir/matroska/ebml/ebmlelement.cpp.o
[ 83%] Building CXX object taglib/CMakeFiles/tag.dir/matroska/ebml/ebmlmasterelement.cpp.o
[ 84%] Building CXX object taglib/CMakeFiles/tag.dir/matroska/ebml/ebmlmkattachments.cpp.o
[ 85%] Building CXX object taglib/CMakeFiles/tag.dir/matroska/ebml/ebmlmkchapters.cpp.o
[ 86%] Building CXX object taglib/CMakeFiles/tag.dir/matroska/ebml/ebmlmkcues.cpp.o
[ 87%] Building CXX object taglib/CMakeFiles/tag.dir/matroska/ebml/ebmlmkseekhead.cpp.o
[ 88%] Building CXX object taglib/CMakeFiles/tag.dir/matroska/ebml/ebmlmksegment.cpp.o
[ 88%] Building CXX object taglib/CMakeFiles/tag.dir/matroska/ebml/ebmlmkinfo.cpp.o
[ 89%] Building CXX object taglib/CMakeFiles/tag.dir/matroska/ebml/ebmlmktracks.cpp.o
[ 90%] Building CXX object taglib/CMakeFiles/tag.dir/matroska/ebml/ebmlmktags.cpp.o
[ 91%] Building CXX object taglib/CMakeFiles/tag.dir/matroska/ebml/ebmlstringelement.cpp.o
[ 92%] Building CXX object taglib/CMakeFiles/tag.dir/matroska/ebml/ebmluintelement.cpp.o
[ 93%] Building CXX object taglib/CMakeFiles/tag.dir/matroska/ebml/ebmlfloatelement.cpp.o
[ 94%] Building CXX object taglib/CMakeFiles/tag.dir/matroska/ebml/ebmlutils.cpp.o
[ 94%] Building CXX object taglib/CMakeFiles/tag.dir/matroska/ebml/ebmlvoidelement.cpp.o
[ 95%] Building CXX object taglib/CMakeFiles/tag.dir/tag.cpp.o
[ 96%] Building CXX object taglib/CMakeFiles/tag.dir/tagunion.cpp.o
[ 97%] Building CXX object taglib/CMakeFiles/tag.dir/fileref.cpp.o
[ 98%] Building CXX object taglib/CMakeFiles/tag.dir/audioproperties.cpp.o
[ 99%] Building CXX object taglib/CMakeFiles/tag.dir/tagutils.cpp.o
[100%] Linking CXX static library libtag.a
[100%] Built target tag
-- Installing: /app/musikr/src/main/cpp/taglib/pkg/x86/bin/taglib-config
-- Installing: /app/musikr/src/main/cpp/taglib/pkg/x86/lib/pkgconfig/taglib.pc
-- Installing: /app/musikr/src/main/cpp/taglib/pkg/x86/share/utf8cpp/cmake/utf8cppTargets.cmake
-- Installing: /app/musikr/src/main/cpp/taglib/pkg/x86/share/utf8cpp/cmake/utf8cppConfig.cmake
-- Installing: /app/musikr/src/main/cpp/taglib/pkg/x86/share/utf8cpp/cmake/utf8cppConfigVersion.cmake
-- Installing: /app/musikr/src/main/cpp/taglib/pkg/x86/include/utf8cpp/utf8.h
-- Installing: /app/musikr/src/main/cpp/taglib/pkg/x86/include/utf8cpp/utf8
-- Installing: /app/musikr/src/main/cpp/taglib/pkg/x86/include/utf8cpp/utf8/cpp11.h
-- Installing: /app/musikr/src/main/cpp/taglib/pkg/x86/include/utf8cpp/utf8/cpp17.h
-- Installing: /app/musikr/src/main/cpp/taglib/pkg/x86/include/utf8cpp/utf8/core.h
-- Installing: /app/musikr/src/main/cpp/taglib/pkg/x86/include/utf8cpp/utf8/checked.h
-- Installing: /app/musikr/src/main/cpp/taglib/pkg/x86/include/utf8cpp/utf8/cpp20.h
-- Installing: /app/musikr/src/main/cpp/taglib/pkg/x86/include/utf8cpp/utf8/unchecked.h
-- Installing: /app/musikr/src/main/cpp/taglib/pkg/x86/lib/libtag.a
-- Installing: /app/musikr/src/main/cpp/taglib/pkg/x86/include/taglib/tag.h
-- Installing: /app/musikr/src/main/cpp/taglib/pkg/x86/include/taglib/fileref.h
-- Installing: /app/musikr/src/main/cpp/taglib/pkg/x86/include/taglib/audioproperties.h
-- Installing: /app/musikr/src/main/cpp/taglib/pkg/x86/include/taglib/taglib_export.h
-- Installing: /app/musikr/src/main/cpp/taglib/pkg/x86/include/taglib/taglib_config.h
-- Installing: /app/musikr/src/main/cpp/taglib/pkg/x86/include/taglib/taglib.h
-- Installing: /app/musikr/src/main/cpp/taglib/pkg/x86/include/taglib/tstring.h
-- Installing: /app/musikr/src/main/cpp/taglib/pkg/x86/include/taglib/tlist.h
-- Installing: /app/musikr/src/main/cpp/taglib/pkg/x86/include/taglib/tlist.tcc
-- Installing: /app/musikr/src/main/cpp/taglib/pkg/x86/include/taglib/tstringlist.h
-- Installing: /app/musikr/src/main/cpp/taglib/pkg/x86/include/taglib/tbytevector.h
-- Installing: /app/musikr/src/main/cpp/taglib/pkg/x86/include/taglib/tbytevectorlist.h
-- Installing: /app/musikr/src/main/cpp/taglib/pkg/x86/include/taglib/tvariant.h
-- Installing: /app/musikr/src/main/cpp/taglib/pkg/x86/include/taglib/tbytevectorstream.h
-- Installing: /app/musikr/src/main/cpp/taglib/pkg/x86/include/taglib/tiostream.h
-- Installing: /app/musikr/src/main/cpp/taglib/pkg/x86/include/taglib/tfile.h
-- Installing: /app/musikr/src/main/cpp/taglib/pkg/x86/include/taglib/tfilestream.h
-- Installing: /app/musikr/src/main/cpp/taglib/pkg/x86/include/taglib/tmap.h
-- Installing: /app/musikr/src/main/cpp/taglib/pkg/x86/include/taglib/tmap.tcc
-- Installing: /app/musikr/src/main/cpp/taglib/pkg/x86/include/taglib/tpicturetype.h
-- Installing: /app/musikr/src/main/cpp/taglib/pkg/x86/include/taglib/tpropertymap.h
-- Installing: /app/musikr/src/main/cpp/taglib/pkg/x86/include/taglib/tdebuglistener.h
-- Installing: /app/musikr/src/main/cpp/taglib/pkg/x86/include/taglib/tversionnumber.h
-- Installing: /app/musikr/src/main/cpp/taglib/pkg/x86/include/taglib/mpegfile.h
-- Installing: /app/musikr/src/main/cpp/taglib/pkg/x86/include/taglib/mpegproperties.h
-- Installing: /app/musikr/src/main/cpp/taglib/pkg/x86/include/taglib/mpegheader.h
-- Installing: /app/musikr/src/main/cpp/taglib/pkg/x86/include/taglib/xingheader.h
-- Installing: /app/musikr/src/main/cpp/taglib/pkg/x86/include/taglib/id3v1tag.h
-- Installing: /app/musikr/src/main/cpp/taglib/pkg/x86/include/taglib/id3v1genres.h
-- Installing: /app/musikr/src/main/cpp/taglib/pkg/x86/include/taglib/id3v2.h
-- Installing: /app/musikr/src/main/cpp/taglib/pkg/x86/include/taglib/id3v2extendedheader.h
-- Installing: /app/musikr/src/main/cpp/taglib/pkg/x86/include/taglib/id3v2frame.h
-- Installing: /app/musikr/src/main/cpp/taglib/pkg/x86/include/taglib/id3v2header.h
-- Installing: /app/musikr/src/main/cpp/taglib/pkg/x86/include/taglib/id3v2synchdata.h
-- Installing: /app/musikr/src/main/cpp/taglib/pkg/x86/include/taglib/id3v2footer.h
-- Installing: /app/musikr/src/main/cpp/taglib/pkg/x86/include/taglib/id3v2framefactory.h
-- Installing: /app/musikr/src/main/cpp/taglib/pkg/x86/include/taglib/id3v2tag.h
-- Installing: /app/musikr/src/main/cpp/taglib/pkg/x86/include/taglib/attachedpictureframe.h
-- Installing: /app/musikr/src/main/cpp/taglib/pkg/x86/include/taglib/commentsframe.h
-- Installing: /app/musikr/src/main/cpp/taglib/pkg/x86/include/taglib/eventtimingcodesframe.h
-- Installing: /app/musikr/src/main/cpp/taglib/pkg/x86/include/taglib/generalencapsulatedobjectframe.h
-- Installing: /app/musikr/src/main/cpp/taglib/pkg/x86/include/taglib/ownershipframe.h
-- Installing: /app/musikr/src/main/cpp/taglib/pkg/x86/include/taglib/popularimeterframe.h
-- Installing: /app/musikr/src/main/cpp/taglib/pkg/x86/include/taglib/privateframe.h
-- Installing: /app/musikr/src/main/cpp/taglib/pkg/x86/include/taglib/relativevolumeframe.h
-- Installing: /app/musikr/src/main/cpp/taglib/pkg/x86/include/taglib/synchronizedlyricsframe.h
-- Installing: /app/musikr/src/main/cpp/taglib/pkg/x86/include/taglib/textidentificationframe.h
-- Installing: /app/musikr/src/main/cpp/taglib/pkg/x86/include/taglib/uniquefileidentifierframe.h
-- Installing: /app/musikr/src/main/cpp/taglib/pkg/x86/include/taglib/unknownframe.h
-- Installing: /app/musikr/src/main/cpp/taglib/pkg/x86/include/taglib/unsynchronizedlyricsframe.h
-- Installing: /app/musikr/src/main/cpp/taglib/pkg/x86/include/taglib/urllinkframe.h
-- Installing: /app/musikr/src/main/cpp/taglib/pkg/x86/include/taglib/chapterframe.h
-- Installing: /app/musikr/src/main/cpp/taglib/pkg/x86/include/taglib/tableofcontentsframe.h
-- Installing: /app/musikr/src/main/cpp/taglib/pkg/x86/include/taglib/podcastframe.h
-- Installing: /app/musikr/src/main/cpp/taglib/pkg/x86/include/taglib/oggfile.h
-- Installing: /app/musikr/src/main/cpp/taglib/pkg/x86/include/taglib/oggpage.h
-- Installing: /app/musikr/src/main/cpp/taglib/pkg/x86/include/taglib/oggpageheader.h
-- Installing: /app/musikr/src/main/cpp/taglib/pkg/x86/include/taglib/xiphcomment.h
-- Installing: /app/musikr/src/main/cpp/taglib/pkg/x86/include/taglib/vorbisfile.h
-- Installing: /app/musikr/src/main/cpp/taglib/pkg/x86/include/taglib/vorbisproperties.h
-- Installing: /app/musikr/src/main/cpp/taglib/pkg/x86/include/taglib/oggflacfile.h
-- Installing: /app/musikr/src/main/cpp/taglib/pkg/x86/include/taglib/speexfile.h
-- Installing: /app/musikr/src/main/cpp/taglib/pkg/x86/include/taglib/speexproperties.h
-- Installing: /app/musikr/src/main/cpp/taglib/pkg/x86/include/taglib/opusfile.h
-- Installing: /app/musikr/src/main/cpp/taglib/pkg/x86/include/taglib/opusproperties.h
-- Installing: /app/musikr/src/main/cpp/taglib/pkg/x86/include/taglib/flacfile.h
-- Installing: /app/musikr/src/main/cpp/taglib/pkg/x86/include/taglib/flacpicture.h
-- Installing: /app/musikr/src/main/cpp/taglib/pkg/x86/include/taglib/flacproperties.h
-- Installing: /app/musikr/src/main/cpp/taglib/pkg/x86/include/taglib/flacmetadatablock.h
-- Installing: /app/musikr/src/main/cpp/taglib/pkg/x86/include/taglib/rifffile.h
-- Installing: /app/musikr/src/main/cpp/taglib/pkg/x86/include/taglib/aifffile.h
-- Installing: /app/musikr/src/main/cpp/taglib/pkg/x86/include/taglib/aiffproperties.h
-- Installing: /app/musikr/src/main/cpp/taglib/pkg/x86/include/taglib/wavfile.h
-- Installing: /app/musikr/src/main/cpp/taglib/pkg/x86/include/taglib/wavproperties.h
-- Installing: /app/musikr/src/main/cpp/taglib/pkg/x86/include/taglib/infotag.h
-- Installing: /app/musikr/src/main/cpp/taglib/pkg/x86/include/taglib/mp4file.h
-- Installing: /app/musikr/src/main/cpp/taglib/pkg/x86/include/taglib/mp4atom.h
-- Installing: /app/musikr/src/main/cpp/taglib/pkg/x86/include/taglib/mp4tag.h
-- Installing: /app/musikr/src/main/cpp/taglib/pkg/x86/include/taglib/mp4item.h
-- Installing: /app/musikr/src/main/cpp/taglib/pkg/x86/include/taglib/mp4properties.h
-- Installing: /app/musikr/src/main/cpp/taglib/pkg/x86/include/taglib/mp4coverart.h
-- Installing: /app/musikr/src/main/cpp/taglib/pkg/x86/include/taglib/mp4stem.h
-- Installing: /app/musikr/src/main/cpp/taglib/pkg/x86/include/taglib/mp4itemfactory.h
-- Installing: /app/musikr/src/main/cpp/taglib/pkg/x86/include/taglib/mp4chapter.h
-- Installing: /app/musikr/src/main/cpp/taglib/pkg/x86/include/taglib/mp4chapterholder.h
-- Installing: /app/musikr/src/main/cpp/taglib/pkg/x86/include/taglib/mp4nerochapterlist.h
-- Installing: /app/musikr/src/main/cpp/taglib/pkg/x86/include/taglib/mp4qtchapterlist.h
-- Installing: /app/musikr/src/main/cpp/taglib/pkg/x86/include/taglib/dsffile.h
-- Installing: /app/musikr/src/main/cpp/taglib/pkg/x86/include/taglib/dsfproperties.h
-- Installing: /app/musikr/src/main/cpp/taglib/pkg/x86/include/taglib/dsdifffile.h
-- Installing: /app/musikr/src/main/cpp/taglib/pkg/x86/include/taglib/dsdiffproperties.h
-- Installing: /app/musikr/src/main/cpp/taglib/pkg/x86/include/taglib/dsdiffdiintag.h
-- Installing: /app/musikr/src/main/cpp/taglib/pkg/x86/include/taglib/matroskaattachedfile.h
-- Installing: /app/musikr/src/main/cpp/taglib/pkg/x86/include/taglib/matroskaattachments.h
-- Installing: /app/musikr/src/main/cpp/taglib/pkg/x86/include/taglib/matroskachapter.h
-- Installing: /app/musikr/src/main/cpp/taglib/pkg/x86/include/taglib/matroskachapteredition.h
-- Installing: /app/musikr/src/main/cpp/taglib/pkg/x86/include/taglib/matroskachapters.h
-- Installing: /app/musikr/src/main/cpp/taglib/pkg/x86/include/taglib/matroskaelement.h
-- Installing: /app/musikr/src/main/cpp/taglib/pkg/x86/include/taglib/matroskafile.h
-- Installing: /app/musikr/src/main/cpp/taglib/pkg/x86/include/taglib/matroskaproperties.h
-- Installing: /app/musikr/src/main/cpp/taglib/pkg/x86/include/taglib/matroskasimpletag.h
-- Installing: /app/musikr/src/main/cpp/taglib/pkg/x86/include/taglib/matroskatag.h
-- Installing: /app/musikr/src/main/cpp/taglib/pkg/x86/include/taglib/matroskawritestyle.h
-- Installing: /app/musikr/src/main/cpp/taglib/pkg/x86/lib/cmake/taglib/taglib-targets.cmake
-- Installing: /app/musikr/src/main/cpp/taglib/pkg/x86/lib/cmake/taglib/taglib-targets-release.cmake
-- Installing: /app/musikr/src/main/cpp/taglib/pkg/x86/lib/cmake/taglib/taglib-config.cmake
-- Installing: /app/musikr/src/main/cpp/taglib/pkg/x86/lib/cmake/taglib/taglib-config-version.cmake
-- Android: Targeting API '21' with architecture 'x86_64', ABI 'x86_64', and processor 'x86_64'
-- Android: Selected unified Clang toolchain
-- The C compiler identification is Clang 19.0.1
-- The CXX compiler identification is Clang 19.0.1
-- Detecting C compiler ABI info
-- Detecting C compiler ABI info - done
-- Check for working C compiler: /opt/android-sdk/ndk/28.2.13676358/toolchains/llvm/prebuilt/linux-x86_64/bin/clang - skipped
-- Detecting C compile features
-- Detecting C compile features - done
-- Detecting CXX compiler ABI info
-- Detecting CXX compiler ABI info - done
-- Check for working CXX compiler: /opt/android-sdk/ndk/28.2.13676358/toolchains/llvm/prebuilt/linux-x86_64/bin/clang++ - skipped
-- Detecting CXX compile features
-- Detecting CXX compile features - done
-- Looking for sys/types.h
-- Looking for sys/types.h - found
-- Looking for stdint.h
-- Looking for stdint.h - found
-- Looking for stddef.h
-- Looking for stddef.h - found
-- Check size of short
-- Check size of short - done
-- Check size of int
-- Check size of int - done
-- Check size of long long
-- Check size of long long - done
-- Check size of wchar_t
-- Check size of wchar_t - done
-- Check size of float
-- Check size of float - done
-- Check size of double
-- Check size of double - done
-- Performing Test HAVE_GCC_BYTESWAP
-- Performing Test HAVE_GCC_BYTESWAP - Success
-- Performing Test HAVE_ISO_STRDUP
-- Performing Test HAVE_ISO_STRDUP - Failed
-- Could NOT find utf8cpp (missing: utf8cpp_INCLUDE_DIR)
-- Using utfcpp from /app/musikr/src/main/cpp/taglib/3rdparty/utfcpp
--
-- Configuring done (2.2s)
-- Generating done (0.0s)
-- Build files have been written to: /app/musikr/src/main/cpp/taglib/build/x86_64
[  0%] Building CXX object taglib/CMakeFiles/tag.dir/mpeg/mpegfile.cpp.o
[  2%] Building CXX object taglib/CMakeFiles/tag.dir/mpeg/mpegproperties.cpp.o
[  2%] Building CXX object taglib/CMakeFiles/tag.dir/mpeg/xingheader.cpp.o
[  3%] Building CXX object taglib/CMakeFiles/tag.dir/mpeg/mpegheader.cpp.o
[  4%] Building CXX object taglib/CMakeFiles/tag.dir/mpeg/id3v1/id3v1tag.cpp.o
[  5%] Building CXX object taglib/CMakeFiles/tag.dir/mpeg/id3v1/id3v1genres.cpp.o
[  5%] Building CXX object taglib/CMakeFiles/tag.dir/mpeg/id3v2/id3v2framefactory.cpp.o
[  6%] Building CXX object taglib/CMakeFiles/tag.dir/mpeg/id3v2/id3v2synchdata.cpp.o
[  7%] Building CXX object taglib/CMakeFiles/tag.dir/mpeg/id3v2/id3v2tag.cpp.o
[  8%] Building CXX object taglib/CMakeFiles/tag.dir/mpeg/id3v2/id3v2header.cpp.o
[  9%] Building CXX object taglib/CMakeFiles/tag.dir/mpeg/id3v2/id3v2frame.cpp.o
[ 10%] Building CXX object taglib/CMakeFiles/tag.dir/mpeg/id3v2/id3v2footer.cpp.o
[ 11%] Building CXX object taglib/CMakeFiles/tag.dir/mpeg/id3v2/id3v2extendedheader.cpp.o
[ 11%] Building CXX object taglib/CMakeFiles/tag.dir/mpeg/id3v2/frames/attachedpictureframe.cpp.o
[ 12%] Building CXX object taglib/CMakeFiles/tag.dir/mpeg/id3v2/frames/commentsframe.cpp.o
[ 13%] Building CXX object taglib/CMakeFiles/tag.dir/mpeg/id3v2/frames/eventtimingcodesframe.cpp.o
[ 14%] Building CXX object taglib/CMakeFiles/tag.dir/mpeg/id3v2/frames/generalencapsulatedobjectframe.cpp.o
[ 15%] Building CXX object taglib/CMakeFiles/tag.dir/mpeg/id3v2/frames/ownershipframe.cpp.o
[ 16%] Building CXX object taglib/CMakeFiles/tag.dir/mpeg/id3v2/frames/popularimeterframe.cpp.o
[ 16%] Building CXX object taglib/CMakeFiles/tag.dir/mpeg/id3v2/frames/privateframe.cpp.o
[ 17%] Building CXX object taglib/CMakeFiles/tag.dir/mpeg/id3v2/frames/relativevolumeframe.cpp.o
[ 18%] Building CXX object taglib/CMakeFiles/tag.dir/mpeg/id3v2/frames/synchronizedlyricsframe.cpp.o
[ 19%] Building CXX object taglib/CMakeFiles/tag.dir/mpeg/id3v2/frames/textidentificationframe.cpp.o
[ 20%] Building CXX object taglib/CMakeFiles/tag.dir/mpeg/id3v2/frames/uniquefileidentifierframe.cpp.o
[ 21%] Building CXX object taglib/CMakeFiles/tag.dir/mpeg/id3v2/frames/unknownframe.cpp.o
[ 22%] Building CXX object taglib/CMakeFiles/tag.dir/mpeg/id3v2/frames/unsynchronizedlyricsframe.cpp.o
[ 22%] Building CXX object taglib/CMakeFiles/tag.dir/mpeg/id3v2/frames/urllinkframe.cpp.o
[ 23%] Building CXX object taglib/CMakeFiles/tag.dir/mpeg/id3v2/frames/chapterframe.cpp.o
[ 24%] Building CXX object taglib/CMakeFiles/tag.dir/mpeg/id3v2/frames/tableofcontentsframe.cpp.o
[ 25%] Building CXX object taglib/CMakeFiles/tag.dir/mpeg/id3v2/frames/podcastframe.cpp.o
[ 26%] Building CXX object taglib/CMakeFiles/tag.dir/ogg/oggfile.cpp.o
[ 27%] Building CXX object taglib/CMakeFiles/tag.dir/ogg/oggpage.cpp.o
[ 27%] Building CXX object taglib/CMakeFiles/tag.dir/ogg/oggpageheader.cpp.o
[ 28%] Building CXX object taglib/CMakeFiles/tag.dir/ogg/xiphcomment.cpp.o
[ 29%] Building CXX object taglib/CMakeFiles/tag.dir/ogg/vorbis/vorbisfile.cpp.o
[ 30%] Building CXX object taglib/CMakeFiles/tag.dir/ogg/vorbis/vorbisproperties.cpp.o
[ 31%] Building CXX object taglib/CMakeFiles/tag.dir/ogg/flac/oggflacfile.cpp.o
[ 32%] Building CXX object taglib/CMakeFiles/tag.dir/toolkit/tstring.cpp.o
[ 33%] Building CXX object taglib/CMakeFiles/tag.dir/toolkit/tstringlist.cpp.o
[ 33%] Building CXX object taglib/CMakeFiles/tag.dir/toolkit/tbytevector.cpp.o
[ 34%] Building CXX object taglib/CMakeFiles/tag.dir/toolkit/tbytevectorlist.cpp.o
[ 35%] Building CXX object taglib/CMakeFiles/tag.dir/toolkit/tvariant.cpp.o
[ 36%] Building CXX object taglib/CMakeFiles/tag.dir/toolkit/tbytevectorstream.cpp.o
[ 37%] Building CXX object taglib/CMakeFiles/tag.dir/toolkit/tiostream.cpp.o
[ 38%] Building CXX object taglib/CMakeFiles/tag.dir/toolkit/tfile.cpp.o
[ 38%] Building CXX object taglib/CMakeFiles/tag.dir/toolkit/tfilestream.cpp.o
[ 39%] Building CXX object taglib/CMakeFiles/tag.dir/toolkit/tdebug.cpp.o
[ 40%] Building CXX object taglib/CMakeFiles/tag.dir/toolkit/tpicturetype.cpp.o
[ 41%] Building CXX object taglib/CMakeFiles/tag.dir/toolkit/tpropertymap.cpp.o
[ 42%] Building CXX object taglib/CMakeFiles/tag.dir/toolkit/tdebuglistener.cpp.o
[ 43%] Building CXX object taglib/CMakeFiles/tag.dir/toolkit/tzlib.cpp.o
[ 44%] Building CXX object taglib/CMakeFiles/tag.dir/toolkit/tversionnumber.cpp.o
[ 44%] Building CXX object taglib/CMakeFiles/tag.dir/flac/flacfile.cpp.o
[ 46%] Building CXX object taglib/CMakeFiles/tag.dir/flac/flacproperties.cpp.o
[ 46%] Building CXX object taglib/CMakeFiles/tag.dir/flac/flacpicture.cpp.o
[ 47%] Building CXX object taglib/CMakeFiles/tag.dir/flac/flacmetadatablock.cpp.o
[ 48%] Building CXX object taglib/CMakeFiles/tag.dir/flac/flacunknownmetadatablock.cpp.o
[ 49%] Building CXX object taglib/CMakeFiles/tag.dir/ogg/speex/speexfile.cpp.o
[ 50%] Building CXX object taglib/CMakeFiles/tag.dir/ogg/speex/speexproperties.cpp.o
[ 50%] Building CXX object taglib/CMakeFiles/tag.dir/riff/rifffile.cpp.o
[ 51%] Building CXX object taglib/CMakeFiles/tag.dir/riff/aiff/aifffile.cpp.o
[ 52%] Building CXX object taglib/CMakeFiles/tag.dir/riff/aiff/aiffproperties.cpp.o
[ 53%] Building CXX object taglib/CMakeFiles/tag.dir/riff/wav/wavfile.cpp.o
[ 54%] Building CXX object taglib/CMakeFiles/tag.dir/riff/wav/wavproperties.cpp.o
[ 55%] Building CXX object taglib/CMakeFiles/tag.dir/riff/wav/infotag.cpp.o
[ 55%] Building CXX object taglib/CMakeFiles/tag.dir/mp4/mp4file.cpp.o
[ 56%] Building CXX object taglib/CMakeFiles/tag.dir/mp4/mp4atom.cpp.o
[ 57%] Building CXX object taglib/CMakeFiles/tag.dir/mp4/mp4tag.cpp.o
[ 58%] Building CXX object taglib/CMakeFiles/tag.dir/mp4/mp4item.cpp.o
[ 59%] Building CXX object taglib/CMakeFiles/tag.dir/mp4/mp4properties.cpp.o
[ 60%] Building CXX object taglib/CMakeFiles/tag.dir/mp4/mp4coverart.cpp.o
[ 61%] Building CXX object taglib/CMakeFiles/tag.dir/mp4/mp4stem.cpp.o
[ 61%] Building CXX object taglib/CMakeFiles/tag.dir/mp4/mp4itemfactory.cpp.o
[ 62%] Building CXX object taglib/CMakeFiles/tag.dir/mp4/mp4chapter.cpp.o
[ 63%] Building CXX object taglib/CMakeFiles/tag.dir/mp4/mp4nerochapterlist.cpp.o
[ 64%] Building CXX object taglib/CMakeFiles/tag.dir/mp4/mp4qtchapterlist.cpp.o
[ 65%] Building CXX object taglib/CMakeFiles/tag.dir/ogg/opus/opusfile.cpp.o
[ 66%] Building CXX object taglib/CMakeFiles/tag.dir/ogg/opus/opusproperties.cpp.o
[ 66%] Building CXX object taglib/CMakeFiles/tag.dir/dsf/dsffile.cpp.o
[ 67%] Building CXX object taglib/CMakeFiles/tag.dir/dsf/dsfproperties.cpp.o
[ 68%] Building CXX object taglib/CMakeFiles/tag.dir/dsdiff/dsdifffile.cpp.o
[ 69%] Building CXX object taglib/CMakeFiles/tag.dir/dsdiff/dsdiffproperties.cpp.o
[ 70%] Building CXX object taglib/CMakeFiles/tag.dir/dsdiff/dsdiffdiintag.cpp.o
[ 71%] Building CXX object taglib/CMakeFiles/tag.dir/matroska/matroskaattachedfile.cpp.o
[ 72%] Building CXX object taglib/CMakeFiles/tag.dir/matroska/matroskaattachments.cpp.o
[ 72%] Building CXX object taglib/CMakeFiles/tag.dir/matroska/matroskachapter.cpp.o
[ 73%] Building CXX object taglib/CMakeFiles/tag.dir/matroska/matroskachapteredition.cpp.o
[ 74%] Building CXX object taglib/CMakeFiles/tag.dir/matroska/matroskachapters.cpp.o
[ 75%] Building CXX object taglib/CMakeFiles/tag.dir/matroska/matroskacues.cpp.o
[ 76%] Building CXX object taglib/CMakeFiles/tag.dir/matroska/matroskaelement.cpp.o
[ 77%] Building CXX object taglib/CMakeFiles/tag.dir/matroska/matroskafile.cpp.o
[ 77%] Building CXX object taglib/CMakeFiles/tag.dir/matroska/matroskaproperties.cpp.o
[ 78%] Building CXX object taglib/CMakeFiles/tag.dir/matroska/matroskaseekhead.cpp.o
[ 79%] Building CXX object taglib/CMakeFiles/tag.dir/matroska/matroskasegment.cpp.o
[ 80%] Building CXX object taglib/CMakeFiles/tag.dir/matroska/matroskasimpletag.cpp.o
[ 81%] Building CXX object taglib/CMakeFiles/tag.dir/matroska/matroskatag.cpp.o
[ 82%] Building CXX object taglib/CMakeFiles/tag.dir/matroska/ebml/ebmlbinaryelement.cpp.o
[ 83%] Building CXX object taglib/CMakeFiles/tag.dir/matroska/ebml/ebmlelement.cpp.o
[ 83%] Building CXX object taglib/CMakeFiles/tag.dir/matroska/ebml/ebmlmasterelement.cpp.o
[ 84%] Building CXX object taglib/CMakeFiles/tag.dir/matroska/ebml/ebmlmkattachments.cpp.o
[ 85%] Building CXX object taglib/CMakeFiles/tag.dir/matroska/ebml/ebmlmkchapters.cpp.o
[ 86%] Building CXX object taglib/CMakeFiles/tag.dir/matroska/ebml/ebmlmkcues.cpp.o
[ 87%] Building CXX object taglib/CMakeFiles/tag.dir/matroska/ebml/ebmlmkseekhead.cpp.o
[ 88%] Building CXX object taglib/CMakeFiles/tag.dir/matroska/ebml/ebmlmksegment.cpp.o
[ 88%] Building CXX object taglib/CMakeFiles/tag.dir/matroska/ebml/ebmlmkinfo.cpp.o
[ 89%] Building CXX object taglib/CMakeFiles/tag.dir/matroska/ebml/ebmlmktracks.cpp.o
[ 90%] Building CXX object taglib/CMakeFiles/tag.dir/matroska/ebml/ebmlmktags.cpp.o
[ 91%] Building CXX object taglib/CMakeFiles/tag.dir/matroska/ebml/ebmlstringelement.cpp.o
[ 92%] Building CXX object taglib/CMakeFiles/tag.dir/matroska/ebml/ebmluintelement.cpp.o
[ 93%] Building CXX object taglib/CMakeFiles/tag.dir/matroska/ebml/ebmlfloatelement.cpp.o
[ 94%] Building CXX object taglib/CMakeFiles/tag.dir/matroska/ebml/ebmlutils.cpp.o
[ 94%] Building CXX object taglib/CMakeFiles/tag.dir/matroska/ebml/ebmlvoidelement.cpp.o
[ 95%] Building CXX object taglib/CMakeFiles/tag.dir/tag.cpp.o
[ 96%] Building CXX object taglib/CMakeFiles/tag.dir/tagunion.cpp.o
[ 97%] Building CXX object taglib/CMakeFiles/tag.dir/fileref.cpp.o
[ 98%] Building CXX object taglib/CMakeFiles/tag.dir/audioproperties.cpp.o
[ 99%] Building CXX object taglib/CMakeFiles/tag.dir/tagutils.cpp.o
[100%] Linking CXX static library libtag.a
[100%] Built target tag
-- Installing: /app/musikr/src/main/cpp/taglib/pkg/x86_64/bin/taglib-config
-- Installing: /app/musikr/src/main/cpp/taglib/pkg/x86_64/lib/pkgconfig/taglib.pc
-- Installing: /app/musikr/src/main/cpp/taglib/pkg/x86_64/share/utf8cpp/cmake/utf8cppTargets.cmake
-- Installing: /app/musikr/src/main/cpp/taglib/pkg/x86_64/share/utf8cpp/cmake/utf8cppConfig.cmake
-- Installing: /app/musikr/src/main/cpp/taglib/pkg/x86_64/share/utf8cpp/cmake/utf8cppConfigVersion.cmake
-- Installing: /app/musikr/src/main/cpp/taglib/pkg/x86_64/include/utf8cpp/utf8.h
-- Installing: /app/musikr/src/main/cpp/taglib/pkg/x86_64/include/utf8cpp/utf8
-- Installing: /app/musikr/src/main/cpp/taglib/pkg/x86_64/include/utf8cpp/utf8/cpp11.h
-- Installing: /app/musikr/src/main/cpp/taglib/pkg/x86_64/include/utf8cpp/utf8/cpp17.h
-- Installing: /app/musikr/src/main/cpp/taglib/pkg/x86_64/include/utf8cpp/utf8/core.h
-- Installing: /app/musikr/src/main/cpp/taglib/pkg/x86_64/include/utf8cpp/utf8/checked.h
-- Installing: /app/musikr/src/main/cpp/taglib/pkg/x86_64/include/utf8cpp/utf8/cpp20.h
-- Installing: /app/musikr/src/main/cpp/taglib/pkg/x86_64/include/utf8cpp/utf8/unchecked.h
-- Installing: /app/musikr/src/main/cpp/taglib/pkg/x86_64/lib/libtag.a
-- Installing: /app/musikr/src/main/cpp/taglib/pkg/x86_64/include/taglib/tag.h
-- Installing: /app/musikr/src/main/cpp/taglib/pkg/x86_64/include/taglib/fileref.h
-- Installing: /app/musikr/src/main/cpp/taglib/pkg/x86_64/include/taglib/audioproperties.h
-- Installing: /app/musikr/src/main/cpp/taglib/pkg/x86_64/include/taglib/taglib_export.h
-- Installing: /app/musikr/src/main/cpp/taglib/pkg/x86_64/include/taglib/taglib_config.h
-- Installing: /app/musikr/src/main/cpp/taglib/pkg/x86_64/include/taglib/taglib.h
-- Installing: /app/musikr/src/main/cpp/taglib/pkg/x86_64/include/taglib/tstring.h
-- Installing: /app/musikr/src/main/cpp/taglib/pkg/x86_64/include/taglib/tlist.h
-- Installing: /app/musikr/src/main/cpp/taglib/pkg/x86_64/include/taglib/tlist.tcc
-- Installing: /app/musikr/src/main/cpp/taglib/pkg/x86_64/include/taglib/tstringlist.h
-- Installing: /app/musikr/src/main/cpp/taglib/pkg/x86_64/include/taglib/tbytevector.h
-- Installing: /app/musikr/src/main/cpp/taglib/pkg/x86_64/include/taglib/tbytevectorlist.h
-- Installing: /app/musikr/src/main/cpp/taglib/pkg/x86_64/include/taglib/tvariant.h
-- Installing: /app/musikr/src/main/cpp/taglib/pkg/x86_64/include/taglib/tbytevectorstream.h
-- Installing: /app/musikr/src/main/cpp/taglib/pkg/x86_64/include/taglib/tiostream.h
-- Installing: /app/musikr/src/main/cpp/taglib/pkg/x86_64/include/taglib/tfile.h
-- Installing: /app/musikr/src/main/cpp/taglib/pkg/x86_64/include/taglib/tfilestream.h
-- Installing: /app/musikr/src/main/cpp/taglib/pkg/x86_64/include/taglib/tmap.h
-- Installing: /app/musikr/src/main/cpp/taglib/pkg/x86_64/include/taglib/tmap.tcc
-- Installing: /app/musikr/src/main/cpp/taglib/pkg/x86_64/include/taglib/tpicturetype.h
-- Installing: /app/musikr/src/main/cpp/taglib/pkg/x86_64/include/taglib/tpropertymap.h
-- Installing: /app/musikr/src/main/cpp/taglib/pkg/x86_64/include/taglib/tdebuglistener.h
-- Installing: /app/musikr/src/main/cpp/taglib/pkg/x86_64/include/taglib/tversionnumber.h
-- Installing: /app/musikr/src/main/cpp/taglib/pkg/x86_64/include/taglib/mpegfile.h
-- Installing: /app/musikr/src/main/cpp/taglib/pkg/x86_64/include/taglib/mpegproperties.h
-- Installing: /app/musikr/src/main/cpp/taglib/pkg/x86_64/include/taglib/mpegheader.h
-- Installing: /app/musikr/src/main/cpp/taglib/pkg/x86_64/include/taglib/xingheader.h
-- Installing: /app/musikr/src/main/cpp/taglib/pkg/x86_64/include/taglib/id3v1tag.h
-- Installing: /app/musikr/src/main/cpp/taglib/pkg/x86_64/include/taglib/id3v1genres.h
-- Installing: /app/musikr/src/main/cpp/taglib/pkg/x86_64/include/taglib/id3v2.h
-- Installing: /app/musikr/src/main/cpp/taglib/pkg/x86_64/include/taglib/id3v2extendedheader.h
-- Installing: /app/musikr/src/main/cpp/taglib/pkg/x86_64/include/taglib/id3v2frame.h
-- Installing: /app/musikr/src/main/cpp/taglib/pkg/x86_64/include/taglib/id3v2header.h
-- Installing: /app/musikr/src/main/cpp/taglib/pkg/x86_64/include/taglib/id3v2synchdata.h
-- Installing: /app/musikr/src/main/cpp/taglib/pkg/x86_64/include/taglib/id3v2footer.h
-- Installing: /app/musikr/src/main/cpp/taglib/pkg/x86_64/include/taglib/id3v2framefactory.h
-- Installing: /app/musikr/src/main/cpp/taglib/pkg/x86_64/include/taglib/id3v2tag.h
-- Installing: /app/musikr/src/main/cpp/taglib/pkg/x86_64/include/taglib/attachedpictureframe.h
-- Installing: /app/musikr/src/main/cpp/taglib/pkg/x86_64/include/taglib/commentsframe.h
-- Installing: /app/musikr/src/main/cpp/taglib/pkg/x86_64/include/taglib/eventtimingcodesframe.h
-- Installing: /app/musikr/src/main/cpp/taglib/pkg/x86_64/include/taglib/generalencapsulatedobjectframe.h
-- Installing: /app/musikr/src/main/cpp/taglib/pkg/x86_64/include/taglib/ownershipframe.h
-- Installing: /app/musikr/src/main/cpp/taglib/pkg/x86_64/include/taglib/popularimeterframe.h
-- Installing: /app/musikr/src/main/cpp/taglib/pkg/x86_64/include/taglib/privateframe.h
-- Installing: /app/musikr/src/main/cpp/taglib/pkg/x86_64/include/taglib/relativevolumeframe.h
-- Installing: /app/musikr/src/main/cpp/taglib/pkg/x86_64/include/taglib/synchronizedlyricsframe.h
-- Installing: /app/musikr/src/main/cpp/taglib/pkg/x86_64/include/taglib/textidentificationframe.h
-- Installing: /app/musikr/src/main/cpp/taglib/pkg/x86_64/include/taglib/uniquefileidentifierframe.h
-- Installing: /app/musikr/src/main/cpp/taglib/pkg/x86_64/include/taglib/unknownframe.h
-- Installing: /app/musikr/src/main/cpp/taglib/pkg/x86_64/include/taglib/unsynchronizedlyricsframe.h
-- Installing: /app/musikr/src/main/cpp/taglib/pkg/x86_64/include/taglib/urllinkframe.h
-- Installing: /app/musikr/src/main/cpp/taglib/pkg/x86_64/include/taglib/chapterframe.h
-- Installing: /app/musikr/src/main/cpp/taglib/pkg/x86_64/include/taglib/tableofcontentsframe.h
-- Installing: /app/musikr/src/main/cpp/taglib/pkg/x86_64/include/taglib/podcastframe.h
-- Installing: /app/musikr/src/main/cpp/taglib/pkg/x86_64/include/taglib/oggfile.h
-- Installing: /app/musikr/src/main/cpp/taglib/pkg/x86_64/include/taglib/oggpage.h
-- Installing: /app/musikr/src/main/cpp/taglib/pkg/x86_64/include/taglib/oggpageheader.h
-- Installing: /app/musikr/src/main/cpp/taglib/pkg/x86_64/include/taglib/xiphcomment.h
-- Installing: /app/musikr/src/main/cpp/taglib/pkg/x86_64/include/taglib/vorbisfile.h
-- Installing: /app/musikr/src/main/cpp/taglib/pkg/x86_64/include/taglib/vorbisproperties.h
-- Installing: /app/musikr/src/main/cpp/taglib/pkg/x86_64/include/taglib/oggflacfile.h
-- Installing: /app/musikr/src/main/cpp/taglib/pkg/x86_64/include/taglib/speexfile.h
-- Installing: /app/musikr/src/main/cpp/taglib/pkg/x86_64/include/taglib/speexproperties.h
-- Installing: /app/musikr/src/main/cpp/taglib/pkg/x86_64/include/taglib/opusfile.h
-- Installing: /app/musikr/src/main/cpp/taglib/pkg/x86_64/include/taglib/opusproperties.h
-- Installing: /app/musikr/src/main/cpp/taglib/pkg/x86_64/include/taglib/flacfile.h
-- Installing: /app/musikr/src/main/cpp/taglib/pkg/x86_64/include/taglib/flacpicture.h
-- Installing: /app/musikr/src/main/cpp/taglib/pkg/x86_64/include/taglib/flacproperties.h
-- Installing: /app/musikr/src/main/cpp/taglib/pkg/x86_64/include/taglib/flacmetadatablock.h
-- Installing: /app/musikr/src/main/cpp/taglib/pkg/x86_64/include/taglib/rifffile.h
-- Installing: /app/musikr/src/main/cpp/taglib/pkg/x86_64/include/taglib/aifffile.h
-- Installing: /app/musikr/src/main/cpp/taglib/pkg/x86_64/include/taglib/aiffproperties.h
-- Installing: /app/musikr/src/main/cpp/taglib/pkg/x86_64/include/taglib/wavfile.h
-- Installing: /app/musikr/src/main/cpp/taglib/pkg/x86_64/include/taglib/wavproperties.h
-- Installing: /app/musikr/src/main/cpp/taglib/pkg/x86_64/include/taglib/infotag.h
-- Installing: /app/musikr/src/main/cpp/taglib/pkg/x86_64/include/taglib/mp4file.h
-- Installing: /app/musikr/src/main/cpp/taglib/pkg/x86_64/include/taglib/mp4atom.h
-- Installing: /app/musikr/src/main/cpp/taglib/pkg/x86_64/include/taglib/mp4tag.h
-- Installing: /app/musikr/src/main/cpp/taglib/pkg/x86_64/include/taglib/mp4item.h
-- Installing: /app/musikr/src/main/cpp/taglib/pkg/x86_64/include/taglib/mp4properties.h
-- Installing: /app/musikr/src/main/cpp/taglib/pkg/x86_64/include/taglib/mp4coverart.h
-- Installing: /app/musikr/src/main/cpp/taglib/pkg/x86_64/include/taglib/mp4stem.h
-- Installing: /app/musikr/src/main/cpp/taglib/pkg/x86_64/include/taglib/mp4itemfactory.h
-- Installing: /app/musikr/src/main/cpp/taglib/pkg/x86_64/include/taglib/mp4chapter.h
-- Installing: /app/musikr/src/main/cpp/taglib/pkg/x86_64/include/taglib/mp4chapterholder.h
-- Installing: /app/musikr/src/main/cpp/taglib/pkg/x86_64/include/taglib/mp4nerochapterlist.h
-- Installing: /app/musikr/src/main/cpp/taglib/pkg/x86_64/include/taglib/mp4qtchapterlist.h
-- Installing: /app/musikr/src/main/cpp/taglib/pkg/x86_64/include/taglib/dsffile.h
-- Installing: /app/musikr/src/main/cpp/taglib/pkg/x86_64/include/taglib/dsfproperties.h
-- Installing: /app/musikr/src/main/cpp/taglib/pkg/x86_64/include/taglib/dsdifffile.h
-- Installing: /app/musikr/src/main/cpp/taglib/pkg/x86_64/include/taglib/dsdiffproperties.h
-- Installing: /app/musikr/src/main/cpp/taglib/pkg/x86_64/include/taglib/dsdiffdiintag.h
-- Installing: /app/musikr/src/main/cpp/taglib/pkg/x86_64/include/taglib/matroskaattachedfile.h
-- Installing: /app/musikr/src/main/cpp/taglib/pkg/x86_64/include/taglib/matroskaattachments.h
-- Installing: /app/musikr/src/main/cpp/taglib/pkg/x86_64/include/taglib/matroskachapter.h
-- Installing: /app/musikr/src/main/cpp/taglib/pkg/x86_64/include/taglib/matroskachapteredition.h
-- Installing: /app/musikr/src/main/cpp/taglib/pkg/x86_64/include/taglib/matroskachapters.h
-- Installing: /app/musikr/src/main/cpp/taglib/pkg/x86_64/include/taglib/matroskaelement.h
-- Installing: /app/musikr/src/main/cpp/taglib/pkg/x86_64/include/taglib/matroskafile.h
-- Installing: /app/musikr/src/main/cpp/taglib/pkg/x86_64/include/taglib/matroskaproperties.h
-- Installing: /app/musikr/src/main/cpp/taglib/pkg/x86_64/include/taglib/matroskasimpletag.h
-- Installing: /app/musikr/src/main/cpp/taglib/pkg/x86_64/include/taglib/matroskatag.h
-- Installing: /app/musikr/src/main/cpp/taglib/pkg/x86_64/include/taglib/matroskawritestyle.h
-- Installing: /app/musikr/src/main/cpp/taglib/pkg/x86_64/lib/cmake/taglib/taglib-targets.cmake
-- Installing: /app/musikr/src/main/cpp/taglib/pkg/x86_64/lib/cmake/taglib/taglib-targets-release.cmake
-- Installing: /app/musikr/src/main/cpp/taglib/pkg/x86_64/lib/cmake/taglib/taglib-config.cmake
-- Installing: /app/musikr/src/main/cpp/taglib/pkg/x86_64/lib/cmake/taglib/taglib-config-version.cmake
-- Android: Targeting API '21' with architecture 'arm', ABI 'armeabi-v7a', and processor 'armv7-a'
-- Android: Selected unified Clang toolchain
-- The C compiler identification is Clang 19.0.1
-- The CXX compiler identification is Clang 19.0.1
-- Detecting C compiler ABI info
-- Detecting C compiler ABI info - done
-- Check for working C compiler: /opt/android-sdk/ndk/28.2.13676358/toolchains/llvm/prebuilt/linux-x86_64/bin/clang - skipped
-- Detecting C compile features
-- Detecting C compile features - done
-- Detecting CXX compiler ABI info
-- Detecting CXX compiler ABI info - done
-- Check for working CXX compiler: /opt/android-sdk/ndk/28.2.13676358/toolchains/llvm/prebuilt/linux-x86_64/bin/clang++ - skipped
-- Detecting CXX compile features
-- Detecting CXX compile features - done
-- Looking for sys/types.h
-- Looking for sys/types.h - found
-- Looking for stdint.h
-- Looking for stdint.h - found
-- Looking for stddef.h
-- Looking for stddef.h - found
-- Check size of short
-- Check size of short - done
-- Check size of int
-- Check size of int - done
-- Check size of long long
-- Check size of long long - done
-- Check size of wchar_t
-- Check size of wchar_t - done
-- Check size of float
-- Check size of float - done
-- Check size of double
-- Check size of double - done
-- Performing Test HAVE_GCC_BYTESWAP
-- Performing Test HAVE_GCC_BYTESWAP - Success
-- Performing Test HAVE_ISO_STRDUP
-- Performing Test HAVE_ISO_STRDUP - Failed
-- Could NOT find utf8cpp (missing: utf8cpp_INCLUDE_DIR)
-- Using utfcpp from /app/musikr/src/main/cpp/taglib/3rdparty/utfcpp
--
-- Configuring done (2.3s)
-- Generating done (0.0s)
-- Build files have been written to: /app/musikr/src/main/cpp/taglib/build/armeabi-v7a
[  0%] Building CXX object taglib/CMakeFiles/tag.dir/mpeg/mpegfile.cpp.o
[  1%] Building CXX object taglib/CMakeFiles/tag.dir/mpeg/xingheader.cpp.o
[  2%] Building CXX object taglib/CMakeFiles/tag.dir/mpeg/mpegheader.cpp.o
[  3%] Building CXX object taglib/CMakeFiles/tag.dir/mpeg/mpegproperties.cpp.o
[  4%] Building CXX object taglib/CMakeFiles/tag.dir/mpeg/id3v1/id3v1tag.cpp.o
[  5%] Building CXX object taglib/CMakeFiles/tag.dir/mpeg/id3v1/id3v1genres.cpp.o
[  5%] Building CXX object taglib/CMakeFiles/tag.dir/mpeg/id3v2/id3v2framefactory.cpp.o
[  6%] Building CXX object taglib/CMakeFiles/tag.dir/mpeg/id3v2/id3v2synchdata.cpp.o
[  7%] Building CXX object taglib/CMakeFiles/tag.dir/mpeg/id3v2/id3v2tag.cpp.o
[  8%] Building CXX object taglib/CMakeFiles/tag.dir/mpeg/id3v2/id3v2header.cpp.o
[  9%] Building CXX object taglib/CMakeFiles/tag.dir/mpeg/id3v2/id3v2frame.cpp.o
[ 10%] Building CXX object taglib/CMakeFiles/tag.dir/mpeg/id3v2/id3v2footer.cpp.o
[ 11%] Building CXX object taglib/CMakeFiles/tag.dir/mpeg/id3v2/id3v2extendedheader.cpp.o
[ 11%] Building CXX object taglib/CMakeFiles/tag.dir/mpeg/id3v2/frames/attachedpictureframe.cpp.o
[ 12%] Building CXX object taglib/CMakeFiles/tag.dir/mpeg/id3v2/frames/commentsframe.cpp.o
[ 13%] Building CXX object taglib/CMakeFiles/tag.dir/mpeg/id3v2/frames/eventtimingcodesframe.cpp.o
[ 14%] Building CXX object taglib/CMakeFiles/tag.dir/mpeg/id3v2/frames/generalencapsulatedobjectframe.cpp.o
[ 15%] Building CXX object taglib/CMakeFiles/tag.dir/mpeg/id3v2/frames/ownershipframe.cpp.o
[ 16%] Building CXX object taglib/CMakeFiles/tag.dir/mpeg/id3v2/frames/popularimeterframe.cpp.o
[ 16%] Building CXX object taglib/CMakeFiles/tag.dir/mpeg/id3v2/frames/privateframe.cpp.o
[ 17%] Building CXX object taglib/CMakeFiles/tag.dir/mpeg/id3v2/frames/relativevolumeframe.cpp.o
[ 18%] Building CXX object taglib/CMakeFiles/tag.dir/mpeg/id3v2/frames/synchronizedlyricsframe.cpp.o
[ 19%] Building CXX object taglib/CMakeFiles/tag.dir/mpeg/id3v2/frames/textidentificationframe.cpp.o
[ 20%] Building CXX object taglib/CMakeFiles/tag.dir/mpeg/id3v2/frames/uniquefileidentifierframe.cpp.o
[ 21%] Building CXX object taglib/CMakeFiles/tag.dir/mpeg/id3v2/frames/unknownframe.cpp.o
[ 22%] Building CXX object taglib/CMakeFiles/tag.dir/mpeg/id3v2/frames/unsynchronizedlyricsframe.cpp.o
[ 22%] Building CXX object taglib/CMakeFiles/tag.dir/mpeg/id3v2/frames/urllinkframe.cpp.o
[ 23%] Building CXX object taglib/CMakeFiles/tag.dir/mpeg/id3v2/frames/chapterframe.cpp.o
[ 24%] Building CXX object taglib/CMakeFiles/tag.dir/mpeg/id3v2/frames/tableofcontentsframe.cpp.o
[ 25%] Building CXX object taglib/CMakeFiles/tag.dir/mpeg/id3v2/frames/podcastframe.cpp.o
[ 26%] Building CXX object taglib/CMakeFiles/tag.dir/ogg/oggfile.cpp.o
[ 27%] Building CXX object taglib/CMakeFiles/tag.dir/ogg/oggpage.cpp.o
[ 27%] Building CXX object taglib/CMakeFiles/tag.dir/ogg/oggpageheader.cpp.o
[ 28%] Building CXX object taglib/CMakeFiles/tag.dir/ogg/xiphcomment.cpp.o
[ 29%] Building CXX object taglib/CMakeFiles/tag.dir/ogg/vorbis/vorbisfile.cpp.o
[ 30%] Building CXX object taglib/CMakeFiles/tag.dir/ogg/vorbis/vorbisproperties.cpp.o
[ 31%] Building CXX object taglib/CMakeFiles/tag.dir/ogg/flac/oggflacfile.cpp.o
[ 32%] Building CXX object taglib/CMakeFiles/tag.dir/toolkit/tstring.cpp.o
[ 33%] Building CXX object taglib/CMakeFiles/tag.dir/toolkit/tstringlist.cpp.o
[ 33%] Building CXX object taglib/CMakeFiles/tag.dir/toolkit/tbytevector.cpp.o
[ 34%] Building CXX object taglib/CMakeFiles/tag.dir/toolkit/tbytevectorlist.cpp.o
[ 35%] Building CXX object taglib/CMakeFiles/tag.dir/toolkit/tvariant.cpp.o
[ 36%] Building CXX object taglib/CMakeFiles/tag.dir/toolkit/tbytevectorstream.cpp.o
[ 37%] Building CXX object taglib/CMakeFiles/tag.dir/toolkit/tiostream.cpp.o
[ 38%] Building CXX object taglib/CMakeFiles/tag.dir/toolkit/tfile.cpp.o
[ 38%] Building CXX object taglib/CMakeFiles/tag.dir/toolkit/tfilestream.cpp.o
[ 39%] Building CXX object taglib/CMakeFiles/tag.dir/toolkit/tdebug.cpp.o
[ 40%] Building CXX object taglib/CMakeFiles/tag.dir/toolkit/tpicturetype.cpp.o
[ 41%] Building CXX object taglib/CMakeFiles/tag.dir/toolkit/tpropertymap.cpp.o
[ 42%] Building CXX object taglib/CMakeFiles/tag.dir/toolkit/tdebuglistener.cpp.o
[ 43%] Building CXX object taglib/CMakeFiles/tag.dir/toolkit/tzlib.cpp.o
[ 44%] Building CXX object taglib/CMakeFiles/tag.dir/toolkit/tversionnumber.cpp.o
[ 44%] Building CXX object taglib/CMakeFiles/tag.dir/flac/flacfile.cpp.o
[ 45%] Building CXX object taglib/CMakeFiles/tag.dir/flac/flacpicture.cpp.o
[ 46%] Building CXX object taglib/CMakeFiles/tag.dir/flac/flacproperties.cpp.o
[ 47%] Building CXX object taglib/CMakeFiles/tag.dir/flac/flacmetadatablock.cpp.o
[ 48%] Building CXX object taglib/CMakeFiles/tag.dir/flac/flacunknownmetadatablock.cpp.o
[ 49%] Building CXX object taglib/CMakeFiles/tag.dir/ogg/speex/speexfile.cpp.o
[ 50%] Building CXX object taglib/CMakeFiles/tag.dir/ogg/speex/speexproperties.cpp.o
[ 50%] Building CXX object taglib/CMakeFiles/tag.dir/riff/rifffile.cpp.o
[ 51%] Building CXX object taglib/CMakeFiles/tag.dir/riff/aiff/aifffile.cpp.o
[ 52%] Building CXX object taglib/CMakeFiles/tag.dir/riff/aiff/aiffproperties.cpp.o
[ 53%] Building CXX object taglib/CMakeFiles/tag.dir/riff/wav/wavfile.cpp.o
[ 54%] Building CXX object taglib/CMakeFiles/tag.dir/riff/wav/wavproperties.cpp.o
[ 55%] Building CXX object taglib/CMakeFiles/tag.dir/riff/wav/infotag.cpp.o
[ 55%] Building CXX object taglib/CMakeFiles/tag.dir/mp4/mp4file.cpp.o
[ 56%] Building CXX object taglib/CMakeFiles/tag.dir/mp4/mp4atom.cpp.o
[ 57%] Building CXX object taglib/CMakeFiles/tag.dir/mp4/mp4tag.cpp.o
[ 58%] Building CXX object taglib/CMakeFiles/tag.dir/mp4/mp4item.cpp.o
[ 59%] Building CXX object taglib/CMakeFiles/tag.dir/mp4/mp4properties.cpp.o
[ 60%] Building CXX object taglib/CMakeFiles/tag.dir/mp4/mp4coverart.cpp.o
[ 61%] Building CXX object taglib/CMakeFiles/tag.dir/mp4/mp4stem.cpp.o
[ 61%] Building CXX object taglib/CMakeFiles/tag.dir/mp4/mp4itemfactory.cpp.o
[ 62%] Building CXX object taglib/CMakeFiles/tag.dir/mp4/mp4chapter.cpp.o
[ 63%] Building CXX object taglib/CMakeFiles/tag.dir/mp4/mp4nerochapterlist.cpp.o
[ 64%] Building CXX object taglib/CMakeFiles/tag.dir/mp4/mp4qtchapterlist.cpp.o
[ 65%] Building CXX object taglib/CMakeFiles/tag.dir/ogg/opus/opusfile.cpp.o
[ 66%] Building CXX object taglib/CMakeFiles/tag.dir/ogg/opus/opusproperties.cpp.o
[ 66%] Building CXX object taglib/CMakeFiles/tag.dir/dsf/dsffile.cpp.o
[ 67%] Building CXX object taglib/CMakeFiles/tag.dir/dsf/dsfproperties.cpp.o
[ 68%] Building CXX object taglib/CMakeFiles/tag.dir/dsdiff/dsdifffile.cpp.o
[ 69%] Building CXX object taglib/CMakeFiles/tag.dir/dsdiff/dsdiffproperties.cpp.o
[ 70%] Building CXX object taglib/CMakeFiles/tag.dir/dsdiff/dsdiffdiintag.cpp.o
[ 71%] Building CXX object taglib/CMakeFiles/tag.dir/matroska/matroskaattachedfile.cpp.o
[ 72%] Building CXX object taglib/CMakeFiles/tag.dir/matroska/matroskaattachments.cpp.o
[ 72%] Building CXX object taglib/CMakeFiles/tag.dir/matroska/matroskachapter.cpp.o
[ 73%] Building CXX object taglib/CMakeFiles/tag.dir/matroska/matroskachapteredition.cpp.o
[ 74%] Building CXX object taglib/CMakeFiles/tag.dir/matroska/matroskachapters.cpp.o
[ 75%] Building CXX object taglib/CMakeFiles/tag.dir/matroska/matroskacues.cpp.o
[ 76%] Building CXX object taglib/CMakeFiles/tag.dir/matroska/matroskaelement.cpp.o
[ 77%] Building CXX object taglib/CMakeFiles/tag.dir/matroska/matroskafile.cpp.o
[ 77%] Building CXX object taglib/CMakeFiles/tag.dir/matroska/matroskaproperties.cpp.o
[ 78%] Building CXX object taglib/CMakeFiles/tag.dir/matroska/matroskaseekhead.cpp.o
[ 79%] Building CXX object taglib/CMakeFiles/tag.dir/matroska/matroskasegment.cpp.o
[ 80%] Building CXX object taglib/CMakeFiles/tag.dir/matroska/matroskasimpletag.cpp.o
[ 81%] Building CXX object taglib/CMakeFiles/tag.dir/matroska/matroskatag.cpp.o
[ 82%] Building CXX object taglib/CMakeFiles/tag.dir/matroska/ebml/ebmlbinaryelement.cpp.o
[ 83%] Building CXX object taglib/CMakeFiles/tag.dir/matroska/ebml/ebmlelement.cpp.o
[ 83%] Building CXX object taglib/CMakeFiles/tag.dir/matroska/ebml/ebmlmasterelement.cpp.o
[ 84%] Building CXX object taglib/CMakeFiles/tag.dir/matroska/ebml/ebmlmkattachments.cpp.o
[ 85%] Building CXX object taglib/CMakeFiles/tag.dir/matroska/ebml/ebmlmkchapters.cpp.o
[ 86%] Building CXX object taglib/CMakeFiles/tag.dir/matroska/ebml/ebmlmkcues.cpp.o
[ 87%] Building CXX object taglib/CMakeFiles/tag.dir/matroska/ebml/ebmlmkseekhead.cpp.o
[ 88%] Building CXX object taglib/CMakeFiles/tag.dir/matroska/ebml/ebmlmksegment.cpp.o
[ 88%] Building CXX object taglib/CMakeFiles/tag.dir/matroska/ebml/ebmlmkinfo.cpp.o
[ 89%] Building CXX object taglib/CMakeFiles/tag.dir/matroska/ebml/ebmlmktracks.cpp.o
[ 90%] Building CXX object taglib/CMakeFiles/tag.dir/matroska/ebml/ebmlmktags.cpp.o
[ 91%] Building CXX object taglib/CMakeFiles/tag.dir/matroska/ebml/ebmlstringelement.cpp.o
[ 92%] Building CXX object taglib/CMakeFiles/tag.dir/matroska/ebml/ebmluintelement.cpp.o
[ 93%] Building CXX object taglib/CMakeFiles/tag.dir/matroska/ebml/ebmlfloatelement.cpp.o
[ 94%] Building CXX object taglib/CMakeFiles/tag.dir/matroska/ebml/ebmlutils.cpp.o
[ 94%] Building CXX object taglib/CMakeFiles/tag.dir/matroska/ebml/ebmlvoidelement.cpp.o
[ 95%] Building CXX object taglib/CMakeFiles/tag.dir/tag.cpp.o
[ 96%] Building CXX object taglib/CMakeFiles/tag.dir/tagunion.cpp.o
[ 97%] Building CXX object taglib/CMakeFiles/tag.dir/fileref.cpp.o
[ 98%] Building CXX object taglib/CMakeFiles/tag.dir/audioproperties.cpp.o
[ 99%] Building CXX object taglib/CMakeFiles/tag.dir/tagutils.cpp.o
[100%] Linking CXX static library libtag.a
[100%] Built target tag
-- Installing: /app/musikr/src/main/cpp/taglib/pkg/armeabi-v7a/bin/taglib-config
-- Installing: /app/musikr/src/main/cpp/taglib/pkg/armeabi-v7a/lib/pkgconfig/taglib.pc
-- Installing: /app/musikr/src/main/cpp/taglib/pkg/armeabi-v7a/share/utf8cpp/cmake/utf8cppTargets.cmake
-- Installing: /app/musikr/src/main/cpp/taglib/pkg/armeabi-v7a/share/utf8cpp/cmake/utf8cppConfig.cmake
-- Installing: /app/musikr/src/main/cpp/taglib/pkg/armeabi-v7a/share/utf8cpp/cmake/utf8cppConfigVersion.cmake
-- Installing: /app/musikr/src/main/cpp/taglib/pkg/armeabi-v7a/include/utf8cpp/utf8.h
-- Installing: /app/musikr/src/main/cpp/taglib/pkg/armeabi-v7a/include/utf8cpp/utf8
-- Installing: /app/musikr/src/main/cpp/taglib/pkg/armeabi-v7a/include/utf8cpp/utf8/cpp11.h
-- Installing: /app/musikr/src/main/cpp/taglib/pkg/armeabi-v7a/include/utf8cpp/utf8/cpp17.h
-- Installing: /app/musikr/src/main/cpp/taglib/pkg/armeabi-v7a/include/utf8cpp/utf8/core.h
-- Installing: /app/musikr/src/main/cpp/taglib/pkg/armeabi-v7a/include/utf8cpp/utf8/checked.h
-- Installing: /app/musikr/src/main/cpp/taglib/pkg/armeabi-v7a/include/utf8cpp/utf8/cpp20.h
-- Installing: /app/musikr/src/main/cpp/taglib/pkg/armeabi-v7a/include/utf8cpp/utf8/unchecked.h
-- Installing: /app/musikr/src/main/cpp/taglib/pkg/armeabi-v7a/lib/libtag.a
-- Installing: /app/musikr/src/main/cpp/taglib/pkg/armeabi-v7a/include/taglib/tag.h
-- Installing: /app/musikr/src/main/cpp/taglib/pkg/armeabi-v7a/include/taglib/fileref.h
-- Installing: /app/musikr/src/main/cpp/taglib/pkg/armeabi-v7a/include/taglib/audioproperties.h
-- Installing: /app/musikr/src/main/cpp/taglib/pkg/armeabi-v7a/include/taglib/taglib_export.h
-- Installing: /app/musikr/src/main/cpp/taglib/pkg/armeabi-v7a/include/taglib/taglib_config.h
-- Installing: /app/musikr/src/main/cpp/taglib/pkg/armeabi-v7a/include/taglib/taglib.h
-- Installing: /app/musikr/src/main/cpp/taglib/pkg/armeabi-v7a/include/taglib/tstring.h
-- Installing: /app/musikr/src/main/cpp/taglib/pkg/armeabi-v7a/include/taglib/tlist.h
-- Installing: /app/musikr/src/main/cpp/taglib/pkg/armeabi-v7a/include/taglib/tlist.tcc
-- Installing: /app/musikr/src/main/cpp/taglib/pkg/armeabi-v7a/include/taglib/tstringlist.h
-- Installing: /app/musikr/src/main/cpp/taglib/pkg/armeabi-v7a/include/taglib/tbytevector.h
-- Installing: /app/musikr/src/main/cpp/taglib/pkg/armeabi-v7a/include/taglib/tbytevectorlist.h
-- Installing: /app/musikr/src/main/cpp/taglib/pkg/armeabi-v7a/include/taglib/tvariant.h
-- Installing: /app/musikr/src/main/cpp/taglib/pkg/armeabi-v7a/include/taglib/tbytevectorstream.h
-- Installing: /app/musikr/src/main/cpp/taglib/pkg/armeabi-v7a/include/taglib/tiostream.h
-- Installing: /app/musikr/src/main/cpp/taglib/pkg/armeabi-v7a/include/taglib/tfile.h
-- Installing: /app/musikr/src/main/cpp/taglib/pkg/armeabi-v7a/include/taglib/tfilestream.h
-- Installing: /app/musikr/src/main/cpp/taglib/pkg/armeabi-v7a/include/taglib/tmap.h
-- Installing: /app/musikr/src/main/cpp/taglib/pkg/armeabi-v7a/include/taglib/tmap.tcc
-- Installing: /app/musikr/src/main/cpp/taglib/pkg/armeabi-v7a/include/taglib/tpicturetype.h
-- Installing: /app/musikr/src/main/cpp/taglib/pkg/armeabi-v7a/include/taglib/tpropertymap.h
-- Installing: /app/musikr/src/main/cpp/taglib/pkg/armeabi-v7a/include/taglib/tdebuglistener.h
-- Installing: /app/musikr/src/main/cpp/taglib/pkg/armeabi-v7a/include/taglib/tversionnumber.h
-- Installing: /app/musikr/src/main/cpp/taglib/pkg/armeabi-v7a/include/taglib/mpegfile.h
-- Installing: /app/musikr/src/main/cpp/taglib/pkg/armeabi-v7a/include/taglib/mpegproperties.h
-- Installing: /app/musikr/src/main/cpp/taglib/pkg/armeabi-v7a/include/taglib/mpegheader.h
-- Installing: /app/musikr/src/main/cpp/taglib/pkg/armeabi-v7a/include/taglib/xingheader.h
-- Installing: /app/musikr/src/main/cpp/taglib/pkg/armeabi-v7a/include/taglib/id3v1tag.h
-- Installing: /app/musikr/src/main/cpp/taglib/pkg/armeabi-v7a/include/taglib/id3v1genres.h
-- Installing: /app/musikr/src/main/cpp/taglib/pkg/armeabi-v7a/include/taglib/id3v2.h
-- Installing: /app/musikr/src/main/cpp/taglib/pkg/armeabi-v7a/include/taglib/id3v2extendedheader.h
-- Installing: /app/musikr/src/main/cpp/taglib/pkg/armeabi-v7a/include/taglib/id3v2frame.h
-- Installing: /app/musikr/src/main/cpp/taglib/pkg/armeabi-v7a/include/taglib/id3v2header.h
-- Installing: /app/musikr/src/main/cpp/taglib/pkg/armeabi-v7a/include/taglib/id3v2synchdata.h
-- Installing: /app/musikr/src/main/cpp/taglib/pkg/armeabi-v7a/include/taglib/id3v2footer.h
-- Installing: /app/musikr/src/main/cpp/taglib/pkg/armeabi-v7a/include/taglib/id3v2framefactory.h
-- Installing: /app/musikr/src/main/cpp/taglib/pkg/armeabi-v7a/include/taglib/id3v2tag.h
-- Installing: /app/musikr/src/main/cpp/taglib/pkg/armeabi-v7a/include/taglib/attachedpictureframe.h
-- Installing: /app/musikr/src/main/cpp/taglib/pkg/armeabi-v7a/include/taglib/commentsframe.h
-- Installing: /app/musikr/src/main/cpp/taglib/pkg/armeabi-v7a/include/taglib/eventtimingcodesframe.h
-- Installing: /app/musikr/src/main/cpp/taglib/pkg/armeabi-v7a/include/taglib/generalencapsulatedobjectframe.h
-- Installing: /app/musikr/src/main/cpp/taglib/pkg/armeabi-v7a/include/taglib/ownershipframe.h
-- Installing: /app/musikr/src/main/cpp/taglib/pkg/armeabi-v7a/include/taglib/popularimeterframe.h
-- Installing: /app/musikr/src/main/cpp/taglib/pkg/armeabi-v7a/include/taglib/privateframe.h
-- Installing: /app/musikr/src/main/cpp/taglib/pkg/armeabi-v7a/include/taglib/relativevolumeframe.h
-- Installing: /app/musikr/src/main/cpp/taglib/pkg/armeabi-v7a/include/taglib/synchronizedlyricsframe.h
-- Installing: /app/musikr/src/main/cpp/taglib/pkg/armeabi-v7a/include/taglib/textidentificationframe.h
-- Installing: /app/musikr/src/main/cpp/taglib/pkg/armeabi-v7a/include/taglib/uniquefileidentifierframe.h
-- Installing: /app/musikr/src/main/cpp/taglib/pkg/armeabi-v7a/include/taglib/unknownframe.h
-- Installing: /app/musikr/src/main/cpp/taglib/pkg/armeabi-v7a/include/taglib/unsynchronizedlyricsframe.h
-- Installing: /app/musikr/src/main/cpp/taglib/pkg/armeabi-v7a/include/taglib/urllinkframe.h
-- Installing: /app/musikr/src/main/cpp/taglib/pkg/armeabi-v7a/include/taglib/chapterframe.h
-- Installing: /app/musikr/src/main/cpp/taglib/pkg/armeabi-v7a/include/taglib/tableofcontentsframe.h
-- Installing: /app/musikr/src/main/cpp/taglib/pkg/armeabi-v7a/include/taglib/podcastframe.h
-- Installing: /app/musikr/src/main/cpp/taglib/pkg/armeabi-v7a/include/taglib/oggfile.h
-- Installing: /app/musikr/src/main/cpp/taglib/pkg/armeabi-v7a/include/taglib/oggpage.h
-- Installing: /app/musikr/src/main/cpp/taglib/pkg/armeabi-v7a/include/taglib/oggpageheader.h
-- Installing: /app/musikr/src/main/cpp/taglib/pkg/armeabi-v7a/include/taglib/xiphcomment.h
-- Installing: /app/musikr/src/main/cpp/taglib/pkg/armeabi-v7a/include/taglib/vorbisfile.h
-- Installing: /app/musikr/src/main/cpp/taglib/pkg/armeabi-v7a/include/taglib/vorbisproperties.h
-- Installing: /app/musikr/src/main/cpp/taglib/pkg/armeabi-v7a/include/taglib/oggflacfile.h
-- Installing: /app/musikr/src/main/cpp/taglib/pkg/armeabi-v7a/include/taglib/speexfile.h
-- Installing: /app/musikr/src/main/cpp/taglib/pkg/armeabi-v7a/include/taglib/speexproperties.h
-- Installing: /app/musikr/src/main/cpp/taglib/pkg/armeabi-v7a/include/taglib/opusfile.h
-- Installing: /app/musikr/src/main/cpp/taglib/pkg/armeabi-v7a/include/taglib/opusproperties.h
-- Installing: /app/musikr/src/main/cpp/taglib/pkg/armeabi-v7a/include/taglib/flacfile.h
-- Installing: /app/musikr/src/main/cpp/taglib/pkg/armeabi-v7a/include/taglib/flacpicture.h
-- Installing: /app/musikr/src/main/cpp/taglib/pkg/armeabi-v7a/include/taglib/flacproperties.h
-- Installing: /app/musikr/src/main/cpp/taglib/pkg/armeabi-v7a/include/taglib/flacmetadatablock.h
-- Installing: /app/musikr/src/main/cpp/taglib/pkg/armeabi-v7a/include/taglib/rifffile.h
-- Installing: /app/musikr/src/main/cpp/taglib/pkg/armeabi-v7a/include/taglib/aifffile.h
-- Installing: /app/musikr/src/main/cpp/taglib/pkg/armeabi-v7a/include/taglib/aiffproperties.h
-- Installing: /app/musikr/src/main/cpp/taglib/pkg/armeabi-v7a/include/taglib/wavfile.h
-- Installing: /app/musikr/src/main/cpp/taglib/pkg/armeabi-v7a/include/taglib/wavproperties.h
-- Installing: /app/musikr/src/main/cpp/taglib/pkg/armeabi-v7a/include/taglib/infotag.h
-- Installing: /app/musikr/src/main/cpp/taglib/pkg/armeabi-v7a/include/taglib/mp4file.h
-- Installing: /app/musikr/src/main/cpp/taglib/pkg/armeabi-v7a/include/taglib/mp4atom.h
-- Installing: /app/musikr/src/main/cpp/taglib/pkg/armeabi-v7a/include/taglib/mp4tag.h
-- Installing: /app/musikr/src/main/cpp/taglib/pkg/armeabi-v7a/include/taglib/mp4item.h
-- Installing: /app/musikr/src/main/cpp/taglib/pkg/armeabi-v7a/include/taglib/mp4properties.h
-- Installing: /app/musikr/src/main/cpp/taglib/pkg/armeabi-v7a/include/taglib/mp4coverart.h
-- Installing: /app/musikr/src/main/cpp/taglib/pkg/armeabi-v7a/include/taglib/mp4stem.h
-- Installing: /app/musikr/src/main/cpp/taglib/pkg/armeabi-v7a/include/taglib/mp4itemfactory.h
-- Installing: /app/musikr/src/main/cpp/taglib/pkg/armeabi-v7a/include/taglib/mp4chapter.h
-- Installing: /app/musikr/src/main/cpp/taglib/pkg/armeabi-v7a/include/taglib/mp4chapterholder.h
-- Installing: /app/musikr/src/main/cpp/taglib/pkg/armeabi-v7a/include/taglib/mp4nerochapterlist.h
-- Installing: /app/musikr/src/main/cpp/taglib/pkg/armeabi-v7a/include/taglib/mp4qtchapterlist.h
-- Installing: /app/musikr/src/main/cpp/taglib/pkg/armeabi-v7a/include/taglib/dsffile.h
-- Installing: /app/musikr/src/main/cpp/taglib/pkg/armeabi-v7a/include/taglib/dsfproperties.h
-- Installing: /app/musikr/src/main/cpp/taglib/pkg/armeabi-v7a/include/taglib/dsdifffile.h
-- Installing: /app/musikr/src/main/cpp/taglib/pkg/armeabi-v7a/include/taglib/dsdiffproperties.h
-- Installing: /app/musikr/src/main/cpp/taglib/pkg/armeabi-v7a/include/taglib/dsdiffdiintag.h
-- Installing: /app/musikr/src/main/cpp/taglib/pkg/armeabi-v7a/include/taglib/matroskaattachedfile.h
-- Installing: /app/musikr/src/main/cpp/taglib/pkg/armeabi-v7a/include/taglib/matroskaattachments.h
-- Installing: /app/musikr/src/main/cpp/taglib/pkg/armeabi-v7a/include/taglib/matroskachapter.h
-- Installing: /app/musikr/src/main/cpp/taglib/pkg/armeabi-v7a/include/taglib/matroskachapteredition.h
-- Installing: /app/musikr/src/main/cpp/taglib/pkg/armeabi-v7a/include/taglib/matroskachapters.h
-- Installing: /app/musikr/src/main/cpp/taglib/pkg/armeabi-v7a/include/taglib/matroskaelement.h
-- Installing: /app/musikr/src/main/cpp/taglib/pkg/armeabi-v7a/include/taglib/matroskafile.h
-- Installing: /app/musikr/src/main/cpp/taglib/pkg/armeabi-v7a/include/taglib/matroskaproperties.h
-- Installing: /app/musikr/src/main/cpp/taglib/pkg/armeabi-v7a/include/taglib/matroskasimpletag.h
-- Installing: /app/musikr/src/main/cpp/taglib/pkg/armeabi-v7a/include/taglib/matroskatag.h
-- Installing: /app/musikr/src/main/cpp/taglib/pkg/armeabi-v7a/include/taglib/matroskawritestyle.h
-- Installing: /app/musikr/src/main/cpp/taglib/pkg/armeabi-v7a/lib/cmake/taglib/taglib-targets.cmake
-- Installing: /app/musikr/src/main/cpp/taglib/pkg/armeabi-v7a/lib/cmake/taglib/taglib-targets-release.cmake
-- Installing: /app/musikr/src/main/cpp/taglib/pkg/armeabi-v7a/lib/cmake/taglib/taglib-config.cmake
-- Installing: /app/musikr/src/main/cpp/taglib/pkg/armeabi-v7a/lib/cmake/taglib/taglib-config-version.cmake
-- Android: Targeting API '21' with architecture 'arm64', ABI 'arm64-v8a', and processor 'aarch64'
-- Android: Selected unified Clang toolchain
-- The C compiler identification is Clang 19.0.1
-- The CXX compiler identification is Clang 19.0.1
-- Detecting C compiler ABI info
-- Detecting C compiler ABI info - done
-- Check for working C compiler: /opt/android-sdk/ndk/28.2.13676358/toolchains/llvm/prebuilt/linux-x86_64/bin/clang - skipped
-- Detecting C compile features
-- Detecting C compile features - done
-- Detecting CXX compiler ABI info
-- Detecting CXX compiler ABI info - done
-- Check for working CXX compiler: /opt/android-sdk/ndk/28.2.13676358/toolchains/llvm/prebuilt/linux-x86_64/bin/clang++ - skipped
-- Detecting CXX compile features
-- Detecting CXX compile features - done
-- Looking for sys/types.h
-- Looking for sys/types.h - found
-- Looking for stdint.h
-- Looking for stdint.h - found
-- Looking for stddef.h
-- Looking for stddef.h - found
-- Check size of short
-- Check size of short - done
-- Check size of int
-- Check size of int - done
-- Check size of long long
-- Check size of long long - done
-- Check size of wchar_t
-- Check size of wchar_t - done
-- Check size of float
-- Check size of float - done
-- Check size of double
-- Check size of double - done
-- Performing Test HAVE_GCC_BYTESWAP
-- Performing Test HAVE_GCC_BYTESWAP - Success
-- Performing Test HAVE_ISO_STRDUP
-- Performing Test HAVE_ISO_STRDUP - Failed
-- Could NOT find utf8cpp (missing: utf8cpp_INCLUDE_DIR)
-- Using utfcpp from /app/musikr/src/main/cpp/taglib/3rdparty/utfcpp
--
-- Configuring done (2.2s)
-- Generating done (0.0s)
-- Build files have been written to: /app/musikr/src/main/cpp/taglib/build/arm64-v8a
[  2%] Building CXX object taglib/CMakeFiles/tag.dir/mpeg/mpegfile.cpp.o
[  3%] Building CXX object taglib/CMakeFiles/tag.dir/mpeg/mpegproperties.cpp.o
[  3%] Building CXX object taglib/CMakeFiles/tag.dir/mpeg/xingheader.cpp.o
[  3%] Building CXX object taglib/CMakeFiles/tag.dir/mpeg/mpegheader.cpp.o
[  4%] Building CXX object taglib/CMakeFiles/tag.dir/mpeg/id3v1/id3v1tag.cpp.o
[  5%] Building CXX object taglib/CMakeFiles/tag.dir/mpeg/id3v1/id3v1genres.cpp.o
[  5%] Building CXX object taglib/CMakeFiles/tag.dir/mpeg/id3v2/id3v2framefactory.cpp.o
[  6%] Building CXX object taglib/CMakeFiles/tag.dir/mpeg/id3v2/id3v2synchdata.cpp.o
[  7%] Building CXX object taglib/CMakeFiles/tag.dir/mpeg/id3v2/id3v2tag.cpp.o
[  8%] Building CXX object taglib/CMakeFiles/tag.dir/mpeg/id3v2/id3v2header.cpp.o
[  9%] Building CXX object taglib/CMakeFiles/tag.dir/mpeg/id3v2/id3v2frame.cpp.o
[ 10%] Building CXX object taglib/CMakeFiles/tag.dir/mpeg/id3v2/id3v2footer.cpp.o
[ 11%] Building CXX object taglib/CMakeFiles/tag.dir/mpeg/id3v2/id3v2extendedheader.cpp.o
[ 11%] Building CXX object taglib/CMakeFiles/tag.dir/mpeg/id3v2/frames/attachedpictureframe.cpp.o
[ 12%] Building CXX object taglib/CMakeFiles/tag.dir/mpeg/id3v2/frames/commentsframe.cpp.o
[ 13%] Building CXX object taglib/CMakeFiles/tag.dir/mpeg/id3v2/frames/eventtimingcodesframe.cpp.o
[ 14%] Building CXX object taglib/CMakeFiles/tag.dir/mpeg/id3v2/frames/generalencapsulatedobjectframe.cpp.o
[ 15%] Building CXX object taglib/CMakeFiles/tag.dir/mpeg/id3v2/frames/ownershipframe.cpp.o
[ 16%] Building CXX object taglib/CMakeFiles/tag.dir/mpeg/id3v2/frames/popularimeterframe.cpp.o
[ 16%] Building CXX object taglib/CMakeFiles/tag.dir/mpeg/id3v2/frames/privateframe.cpp.o
[ 17%] Building CXX object taglib/CMakeFiles/tag.dir/mpeg/id3v2/frames/relativevolumeframe.cpp.o
[ 18%] Building CXX object taglib/CMakeFiles/tag.dir/mpeg/id3v2/frames/synchronizedlyricsframe.cpp.o
[ 19%] Building CXX object taglib/CMakeFiles/tag.dir/mpeg/id3v2/frames/textidentificationframe.cpp.o
[ 20%] Building CXX object taglib/CMakeFiles/tag.dir/mpeg/id3v2/frames/uniquefileidentifierframe.cpp.o
[ 21%] Building CXX object taglib/CMakeFiles/tag.dir/mpeg/id3v2/frames/unknownframe.cpp.o
[ 22%] Building CXX object taglib/CMakeFiles/tag.dir/mpeg/id3v2/frames/unsynchronizedlyricsframe.cpp.o
[ 22%] Building CXX object taglib/CMakeFiles/tag.dir/mpeg/id3v2/frames/urllinkframe.cpp.o
[ 23%] Building CXX object taglib/CMakeFiles/tag.dir/mpeg/id3v2/frames/chapterframe.cpp.o
[ 24%] Building CXX object taglib/CMakeFiles/tag.dir/mpeg/id3v2/frames/tableofcontentsframe.cpp.o
[ 25%] Building CXX object taglib/CMakeFiles/tag.dir/mpeg/id3v2/frames/podcastframe.cpp.o
[ 26%] Building CXX object taglib/CMakeFiles/tag.dir/ogg/oggfile.cpp.o
[ 27%] Building CXX object taglib/CMakeFiles/tag.dir/ogg/oggpage.cpp.o
[ 27%] Building CXX object taglib/CMakeFiles/tag.dir/ogg/oggpageheader.cpp.o
[ 28%] Building CXX object taglib/CMakeFiles/tag.dir/ogg/xiphcomment.cpp.o
[ 29%] Building CXX object taglib/CMakeFiles/tag.dir/ogg/vorbis/vorbisfile.cpp.o
[ 30%] Building CXX object taglib/CMakeFiles/tag.dir/ogg/vorbis/vorbisproperties.cpp.o
[ 31%] Building CXX object taglib/CMakeFiles/tag.dir/ogg/flac/oggflacfile.cpp.o
[ 32%] Building CXX object taglib/CMakeFiles/tag.dir/toolkit/tstring.cpp.o
[ 33%] Building CXX object taglib/CMakeFiles/tag.dir/toolkit/tstringlist.cpp.o
[ 33%] Building CXX object taglib/CMakeFiles/tag.dir/toolkit/tbytevector.cpp.o
[ 34%] Building CXX object taglib/CMakeFiles/tag.dir/toolkit/tbytevectorlist.cpp.o
[ 35%] Building CXX object taglib/CMakeFiles/tag.dir/toolkit/tvariant.cpp.o
[ 36%] Building CXX object taglib/CMakeFiles/tag.dir/toolkit/tbytevectorstream.cpp.o
[ 37%] Building CXX object taglib/CMakeFiles/tag.dir/toolkit/tiostream.cpp.o
[ 38%] Building CXX object taglib/CMakeFiles/tag.dir/toolkit/tfile.cpp.o
[ 38%] Building CXX object taglib/CMakeFiles/tag.dir/toolkit/tfilestream.cpp.o
[ 39%] Building CXX object taglib/CMakeFiles/tag.dir/toolkit/tdebug.cpp.o
[ 40%] Building CXX object taglib/CMakeFiles/tag.dir/toolkit/tpicturetype.cpp.o
[ 41%] Building CXX object taglib/CMakeFiles/tag.dir/toolkit/tpropertymap.cpp.o
[ 42%] Building CXX object taglib/CMakeFiles/tag.dir/toolkit/tdebuglistener.cpp.o
[ 43%] Building CXX object taglib/CMakeFiles/tag.dir/toolkit/tzlib.cpp.o
[ 44%] Building CXX object taglib/CMakeFiles/tag.dir/toolkit/tversionnumber.cpp.o
[ 44%] Building CXX object taglib/CMakeFiles/tag.dir/flac/flacfile.cpp.o
[ 45%] Building CXX object taglib/CMakeFiles/tag.dir/flac/flacpicture.cpp.o
[ 46%] Building CXX object taglib/CMakeFiles/tag.dir/flac/flacproperties.cpp.o
[ 47%] Building CXX object taglib/CMakeFiles/tag.dir/flac/flacmetadatablock.cpp.o
[ 48%] Building CXX object taglib/CMakeFiles/tag.dir/flac/flacunknownmetadatablock.cpp.o
[ 49%] Building CXX object taglib/CMakeFiles/tag.dir/ogg/speex/speexfile.cpp.o
[ 50%] Building CXX object taglib/CMakeFiles/tag.dir/ogg/speex/speexproperties.cpp.o
[ 50%] Building CXX object taglib/CMakeFiles/tag.dir/riff/rifffile.cpp.o
[ 51%] Building CXX object taglib/CMakeFiles/tag.dir/riff/aiff/aifffile.cpp.o
[ 52%] Building CXX object taglib/CMakeFiles/tag.dir/riff/aiff/aiffproperties.cpp.o
[ 53%] Building CXX object taglib/CMakeFiles/tag.dir/riff/wav/wavfile.cpp.o
[ 54%] Building CXX object taglib/CMakeFiles/tag.dir/riff/wav/wavproperties.cpp.o
[ 55%] Building CXX object taglib/CMakeFiles/tag.dir/riff/wav/infotag.cpp.o
[ 55%] Building CXX object taglib/CMakeFiles/tag.dir/mp4/mp4file.cpp.o
[ 56%] Building CXX object taglib/CMakeFiles/tag.dir/mp4/mp4atom.cpp.o
[ 57%] Building CXX object taglib/CMakeFiles/tag.dir/mp4/mp4tag.cpp.o
[ 58%] Building CXX object taglib/CMakeFiles/tag.dir/mp4/mp4item.cpp.o
[ 59%] Building CXX object taglib/CMakeFiles/tag.dir/mp4/mp4properties.cpp.o
[ 60%] Building CXX object taglib/CMakeFiles/tag.dir/mp4/mp4coverart.cpp.o
[ 61%] Building CXX object taglib/CMakeFiles/tag.dir/mp4/mp4stem.cpp.o
[ 61%] Building CXX object taglib/CMakeFiles/tag.dir/mp4/mp4itemfactory.cpp.o
[ 62%] Building CXX object taglib/CMakeFiles/tag.dir/mp4/mp4chapter.cpp.o
[ 63%] Building CXX object taglib/CMakeFiles/tag.dir/mp4/mp4nerochapterlist.cpp.o
[ 64%] Building CXX object taglib/CMakeFiles/tag.dir/mp4/mp4qtchapterlist.cpp.o
[ 65%] Building CXX object taglib/CMakeFiles/tag.dir/ogg/opus/opusfile.cpp.o
[ 66%] Building CXX object taglib/CMakeFiles/tag.dir/ogg/opus/opusproperties.cpp.o
[ 66%] Building CXX object taglib/CMakeFiles/tag.dir/dsf/dsffile.cpp.o
[ 67%] Building CXX object taglib/CMakeFiles/tag.dir/dsf/dsfproperties.cpp.o
[ 68%] Building CXX object taglib/CMakeFiles/tag.dir/dsdiff/dsdifffile.cpp.o
[ 69%] Building CXX object taglib/CMakeFiles/tag.dir/dsdiff/dsdiffproperties.cpp.o
[ 70%] Building CXX object taglib/CMakeFiles/tag.dir/dsdiff/dsdiffdiintag.cpp.o
[ 71%] Building CXX object taglib/CMakeFiles/tag.dir/matroska/matroskaattachedfile.cpp.o
[ 72%] Building CXX object taglib/CMakeFiles/tag.dir/matroska/matroskaattachments.cpp.o
[ 72%] Building CXX object taglib/CMakeFiles/tag.dir/matroska/matroskachapter.cpp.o
[ 73%] Building CXX object taglib/CMakeFiles/tag.dir/matroska/matroskachapteredition.cpp.o
[ 74%] Building CXX object taglib/CMakeFiles/tag.dir/matroska/matroskachapters.cpp.o
[ 75%] Building CXX object taglib/CMakeFiles/tag.dir/matroska/matroskacues.cpp.o
[ 76%] Building CXX object taglib/CMakeFiles/tag.dir/matroska/matroskaelement.cpp.o
[ 77%] Building CXX object taglib/CMakeFiles/tag.dir/matroska/matroskafile.cpp.o
[ 77%] Building CXX object taglib/CMakeFiles/tag.dir/matroska/matroskaproperties.cpp.o
[ 78%] Building CXX object taglib/CMakeFiles/tag.dir/matroska/matroskaseekhead.cpp.o
[ 79%] Building CXX object taglib/CMakeFiles/tag.dir/matroska/matroskasegment.cpp.o
[ 80%] Building CXX object taglib/CMakeFiles/tag.dir/matroska/matroskasimpletag.cpp.o
[ 81%] Building CXX object taglib/CMakeFiles/tag.dir/matroska/matroskatag.cpp.o
[ 82%] Building CXX object taglib/CMakeFiles/tag.dir/matroska/ebml/ebmlbinaryelement.cpp.o
[ 83%] Building CXX object taglib/CMakeFiles/tag.dir/matroska/ebml/ebmlelement.cpp.o
[ 83%] Building CXX object taglib/CMakeFiles/tag.dir/matroska/ebml/ebmlmasterelement.cpp.o
[ 84%] Building CXX object taglib/CMakeFiles/tag.dir/matroska/ebml/ebmlmkattachments.cpp.o
[ 85%] Building CXX object taglib/CMakeFiles/tag.dir/matroska/ebml/ebmlmkchapters.cpp.o
[ 86%] Building CXX object taglib/CMakeFiles/tag.dir/matroska/ebml/ebmlmkcues.cpp.o
[ 87%] Building CXX object taglib/CMakeFiles/tag.dir/matroska/ebml/ebmlmkseekhead.cpp.o
[ 88%] Building CXX object taglib/CMakeFiles/tag.dir/matroska/ebml/ebmlmksegment.cpp.o
[ 88%] Building CXX object taglib/CMakeFiles/tag.dir/matroska/ebml/ebmlmkinfo.cpp.o
[ 89%] Building CXX object taglib/CMakeFiles/tag.dir/matroska/ebml/ebmlmktracks.cpp.o
[ 90%] Building CXX object taglib/CMakeFiles/tag.dir/matroska/ebml/ebmlmktags.cpp.o
[ 91%] Building CXX object taglib/CMakeFiles/tag.dir/matroska/ebml/ebmlstringelement.cpp.o
[ 92%] Building CXX object taglib/CMakeFiles/tag.dir/matroska/ebml/ebmluintelement.cpp.o
[ 93%] Building CXX object taglib/CMakeFiles/tag.dir/matroska/ebml/ebmlfloatelement.cpp.o
[ 94%] Building CXX object taglib/CMakeFiles/tag.dir/matroska/ebml/ebmlutils.cpp.o
[ 94%] Building CXX object taglib/CMakeFiles/tag.dir/matroska/ebml/ebmlvoidelement.cpp.o
[ 95%] Building CXX object taglib/CMakeFiles/tag.dir/tag.cpp.o
[ 96%] Building CXX object taglib/CMakeFiles/tag.dir/tagunion.cpp.o
[ 97%] Building CXX object taglib/CMakeFiles/tag.dir/fileref.cpp.o
[ 98%] Building CXX object taglib/CMakeFiles/tag.dir/audioproperties.cpp.o
[ 99%] Building CXX object taglib/CMakeFiles/tag.dir/tagutils.cpp.o
[100%] Linking CXX static library libtag.a
[100%] Built target tag
-- Installing: /app/musikr/src/main/cpp/taglib/pkg/arm64-v8a/bin/taglib-config
-- Installing: /app/musikr/src/main/cpp/taglib/pkg/arm64-v8a/lib/pkgconfig/taglib.pc
-- Installing: /app/musikr/src/main/cpp/taglib/pkg/arm64-v8a/share/utf8cpp/cmake/utf8cppTargets.cmake
-- Installing: /app/musikr/src/main/cpp/taglib/pkg/arm64-v8a/share/utf8cpp/cmake/utf8cppConfig.cmake
-- Installing: /app/musikr/src/main/cpp/taglib/pkg/arm64-v8a/share/utf8cpp/cmake/utf8cppConfigVersion.cmake
-- Installing: /app/musikr/src/main/cpp/taglib/pkg/arm64-v8a/include/utf8cpp/utf8.h
-- Installing: /app/musikr/src/main/cpp/taglib/pkg/arm64-v8a/include/utf8cpp/utf8
-- Installing: /app/musikr/src/main/cpp/taglib/pkg/arm64-v8a/include/utf8cpp/utf8/cpp11.h
-- Installing: /app/musikr/src/main/cpp/taglib/pkg/arm64-v8a/include/utf8cpp/utf8/cpp17.h
-- Installing: /app/musikr/src/main/cpp/taglib/pkg/arm64-v8a/include/utf8cpp/utf8/core.h
-- Installing: /app/musikr/src/main/cpp/taglib/pkg/arm64-v8a/include/utf8cpp/utf8/checked.h
-- Installing: /app/musikr/src/main/cpp/taglib/pkg/arm64-v8a/include/utf8cpp/utf8/cpp20.h
-- Installing: /app/musikr/src/main/cpp/taglib/pkg/arm64-v8a/include/utf8cpp/utf8/unchecked.h
-- Installing: /app/musikr/src/main/cpp/taglib/pkg/arm64-v8a/lib/libtag.a
-- Installing: /app/musikr/src/main/cpp/taglib/pkg/arm64-v8a/include/taglib/tag.h
-- Installing: /app/musikr/src/main/cpp/taglib/pkg/arm64-v8a/include/taglib/fileref.h
-- Installing: /app/musikr/src/main/cpp/taglib/pkg/arm64-v8a/include/taglib/audioproperties.h
-- Installing: /app/musikr/src/main/cpp/taglib/pkg/arm64-v8a/include/taglib/taglib_export.h
-- Installing: /app/musikr/src/main/cpp/taglib/pkg/arm64-v8a/include/taglib/taglib_config.h
-- Installing: /app/musikr/src/main/cpp/taglib/pkg/arm64-v8a/include/taglib/taglib.h
-- Installing: /app/musikr/src/main/cpp/taglib/pkg/arm64-v8a/include/taglib/tstring.h
-- Installing: /app/musikr/src/main/cpp/taglib/pkg/arm64-v8a/include/taglib/tlist.h
-- Installing: /app/musikr/src/main/cpp/taglib/pkg/arm64-v8a/include/taglib/tlist.tcc
-- Installing: /app/musikr/src/main/cpp/taglib/pkg/arm64-v8a/include/taglib/tstringlist.h
-- Installing: /app/musikr/src/main/cpp/taglib/pkg/arm64-v8a/include/taglib/tbytevector.h
-- Installing: /app/musikr/src/main/cpp/taglib/pkg/arm64-v8a/include/taglib/tbytevectorlist.h
-- Installing: /app/musikr/src/main/cpp/taglib/pkg/arm64-v8a/include/taglib/tvariant.h
-- Installing: /app/musikr/src/main/cpp/taglib/pkg/arm64-v8a/include/taglib/tbytevectorstream.h
-- Installing: /app/musikr/src/main/cpp/taglib/pkg/arm64-v8a/include/taglib/tiostream.h
-- Installing: /app/musikr/src/main/cpp/taglib/pkg/arm64-v8a/include/taglib/tfile.h
-- Installing: /app/musikr/src/main/cpp/taglib/pkg/arm64-v8a/include/taglib/tfilestream.h
-- Installing: /app/musikr/src/main/cpp/taglib/pkg/arm64-v8a/include/taglib/tmap.h
-- Installing: /app/musikr/src/main/cpp/taglib/pkg/arm64-v8a/include/taglib/tmap.tcc
-- Installing: /app/musikr/src/main/cpp/taglib/pkg/arm64-v8a/include/taglib/tpicturetype.h
-- Installing: /app/musikr/src/main/cpp/taglib/pkg/arm64-v8a/include/taglib/tpropertymap.h
-- Installing: /app/musikr/src/main/cpp/taglib/pkg/arm64-v8a/include/taglib/tdebuglistener.h
-- Installing: /app/musikr/src/main/cpp/taglib/pkg/arm64-v8a/include/taglib/tversionnumber.h
-- Installing: /app/musikr/src/main/cpp/taglib/pkg/arm64-v8a/include/taglib/mpegfile.h
-- Installing: /app/musikr/src/main/cpp/taglib/pkg/arm64-v8a/include/taglib/mpegproperties.h
-- Installing: /app/musikr/src/main/cpp/taglib/pkg/arm64-v8a/include/taglib/mpegheader.h
-- Installing: /app/musikr/src/main/cpp/taglib/pkg/arm64-v8a/include/taglib/xingheader.h
-- Installing: /app/musikr/src/main/cpp/taglib/pkg/arm64-v8a/include/taglib/id3v1tag.h
-- Installing: /app/musikr/src/main/cpp/taglib/pkg/arm64-v8a/include/taglib/id3v1genres.h
-- Installing: /app/musikr/src/main/cpp/taglib/pkg/arm64-v8a/include/taglib/id3v2.h
-- Installing: /app/musikr/src/main/cpp/taglib/pkg/arm64-v8a/include/taglib/id3v2extendedheader.h
-- Installing: /app/musikr/src/main/cpp/taglib/pkg/arm64-v8a/include/taglib/id3v2frame.h
-- Installing: /app/musikr/src/main/cpp/taglib/pkg/arm64-v8a/include/taglib/id3v2header.h
-- Installing: /app/musikr/src/main/cpp/taglib/pkg/arm64-v8a/include/taglib/id3v2synchdata.h
-- Installing: /app/musikr/src/main/cpp/taglib/pkg/arm64-v8a/include/taglib/id3v2footer.h
-- Installing: /app/musikr/src/main/cpp/taglib/pkg/arm64-v8a/include/taglib/id3v2framefactory.h
-- Installing: /app/musikr/src/main/cpp/taglib/pkg/arm64-v8a/include/taglib/id3v2tag.h
-- Installing: /app/musikr/src/main/cpp/taglib/pkg/arm64-v8a/include/taglib/attachedpictureframe.h
-- Installing: /app/musikr/src/main/cpp/taglib/pkg/arm64-v8a/include/taglib/commentsframe.h
-- Installing: /app/musikr/src/main/cpp/taglib/pkg/arm64-v8a/include/taglib/eventtimingcodesframe.h
-- Installing: /app/musikr/src/main/cpp/taglib/pkg/arm64-v8a/include/taglib/generalencapsulatedobjectframe.h
-- Installing: /app/musikr/src/main/cpp/taglib/pkg/arm64-v8a/include/taglib/ownershipframe.h
-- Installing: /app/musikr/src/main/cpp/taglib/pkg/arm64-v8a/include/taglib/popularimeterframe.h
-- Installing: /app/musikr/src/main/cpp/taglib/pkg/arm64-v8a/include/taglib/privateframe.h
-- Installing: /app/musikr/src/main/cpp/taglib/pkg/arm64-v8a/include/taglib/relativevolumeframe.h
-- Installing: /app/musikr/src/main/cpp/taglib/pkg/arm64-v8a/include/taglib/synchronizedlyricsframe.h
-- Installing: /app/musikr/src/main/cpp/taglib/pkg/arm64-v8a/include/taglib/textidentificationframe.h
-- Installing: /app/musikr/src/main/cpp/taglib/pkg/arm64-v8a/include/taglib/uniquefileidentifierframe.h
-- Installing: /app/musikr/src/main/cpp/taglib/pkg/arm64-v8a/include/taglib/unknownframe.h
-- Installing: /app/musikr/src/main/cpp/taglib/pkg/arm64-v8a/include/taglib/unsynchronizedlyricsframe.h
-- Installing: /app/musikr/src/main/cpp/taglib/pkg/arm64-v8a/include/taglib/urllinkframe.h
-- Installing: /app/musikr/src/main/cpp/taglib/pkg/arm64-v8a/include/taglib/chapterframe.h
-- Installing: /app/musikr/src/main/cpp/taglib/pkg/arm64-v8a/include/taglib/tableofcontentsframe.h
-- Installing: /app/musikr/src/main/cpp/taglib/pkg/arm64-v8a/include/taglib/podcastframe.h
-- Installing: /app/musikr/src/main/cpp/taglib/pkg/arm64-v8a/include/taglib/oggfile.h
-- Installing: /app/musikr/src/main/cpp/taglib/pkg/arm64-v8a/include/taglib/oggpage.h
-- Installing: /app/musikr/src/main/cpp/taglib/pkg/arm64-v8a/include/taglib/oggpageheader.h
-- Installing: /app/musikr/src/main/cpp/taglib/pkg/arm64-v8a/include/taglib/xiphcomment.h
-- Installing: /app/musikr/src/main/cpp/taglib/pkg/arm64-v8a/include/taglib/vorbisfile.h
-- Installing: /app/musikr/src/main/cpp/taglib/pkg/arm64-v8a/include/taglib/vorbisproperties.h
-- Installing: /app/musikr/src/main/cpp/taglib/pkg/arm64-v8a/include/taglib/oggflacfile.h
-- Installing: /app/musikr/src/main/cpp/taglib/pkg/arm64-v8a/include/taglib/speexfile.h
-- Installing: /app/musikr/src/main/cpp/taglib/pkg/arm64-v8a/include/taglib/speexproperties.h
-- Installing: /app/musikr/src/main/cpp/taglib/pkg/arm64-v8a/include/taglib/opusfile.h
-- Installing: /app/musikr/src/main/cpp/taglib/pkg/arm64-v8a/include/taglib/opusproperties.h
-- Installing: /app/musikr/src/main/cpp/taglib/pkg/arm64-v8a/include/taglib/flacfile.h
-- Installing: /app/musikr/src/main/cpp/taglib/pkg/arm64-v8a/include/taglib/flacpicture.h
-- Installing: /app/musikr/src/main/cpp/taglib/pkg/arm64-v8a/include/taglib/flacproperties.h
-- Installing: /app/musikr/src/main/cpp/taglib/pkg/arm64-v8a/include/taglib/flacmetadatablock.h
-- Installing: /app/musikr/src/main/cpp/taglib/pkg/arm64-v8a/include/taglib/rifffile.h
-- Installing: /app/musikr/src/main/cpp/taglib/pkg/arm64-v8a/include/taglib/aifffile.h
-- Installing: /app/musikr/src/main/cpp/taglib/pkg/arm64-v8a/include/taglib/aiffproperties.h
-- Installing: /app/musikr/src/main/cpp/taglib/pkg/arm64-v8a/include/taglib/wavfile.h
-- Installing: /app/musikr/src/main/cpp/taglib/pkg/arm64-v8a/include/taglib/wavproperties.h
-- Installing: /app/musikr/src/main/cpp/taglib/pkg/arm64-v8a/include/taglib/infotag.h
-- Installing: /app/musikr/src/main/cpp/taglib/pkg/arm64-v8a/include/taglib/mp4file.h
-- Installing: /app/musikr/src/main/cpp/taglib/pkg/arm64-v8a/include/taglib/mp4atom.h
-- Installing: /app/musikr/src/main/cpp/taglib/pkg/arm64-v8a/include/taglib/mp4tag.h
-- Installing: /app/musikr/src/main/cpp/taglib/pkg/arm64-v8a/include/taglib/mp4item.h
-- Installing: /app/musikr/src/main/cpp/taglib/pkg/arm64-v8a/include/taglib/mp4properties.h
-- Installing: /app/musikr/src/main/cpp/taglib/pkg/arm64-v8a/include/taglib/mp4coverart.h
-- Installing: /app/musikr/src/main/cpp/taglib/pkg/arm64-v8a/include/taglib/mp4stem.h
-- Installing: /app/musikr/src/main/cpp/taglib/pkg/arm64-v8a/include/taglib/mp4itemfactory.h
-- Installing: /app/musikr/src/main/cpp/taglib/pkg/arm64-v8a/include/taglib/mp4chapter.h
-- Installing: /app/musikr/src/main/cpp/taglib/pkg/arm64-v8a/include/taglib/mp4chapterholder.h
-- Installing: /app/musikr/src/main/cpp/taglib/pkg/arm64-v8a/include/taglib/mp4nerochapterlist.h
-- Installing: /app/musikr/src/main/cpp/taglib/pkg/arm64-v8a/include/taglib/mp4qtchapterlist.h
-- Installing: /app/musikr/src/main/cpp/taglib/pkg/arm64-v8a/include/taglib/dsffile.h
-- Installing: /app/musikr/src/main/cpp/taglib/pkg/arm64-v8a/include/taglib/dsfproperties.h
-- Installing: /app/musikr/src/main/cpp/taglib/pkg/arm64-v8a/include/taglib/dsdifffile.h
-- Installing: /app/musikr/src/main/cpp/taglib/pkg/arm64-v8a/include/taglib/dsdiffproperties.h
-- Installing: /app/musikr/src/main/cpp/taglib/pkg/arm64-v8a/include/taglib/dsdiffdiintag.h
-- Installing: /app/musikr/src/main/cpp/taglib/pkg/arm64-v8a/include/taglib/matroskaattachedfile.h
-- Installing: /app/musikr/src/main/cpp/taglib/pkg/arm64-v8a/include/taglib/matroskaattachments.h
-- Installing: /app/musikr/src/main/cpp/taglib/pkg/arm64-v8a/include/taglib/matroskachapter.h
-- Installing: /app/musikr/src/main/cpp/taglib/pkg/arm64-v8a/include/taglib/matroskachapteredition.h
-- Installing: /app/musikr/src/main/cpp/taglib/pkg/arm64-v8a/include/taglib/matroskachapters.h
-- Installing: /app/musikr/src/main/cpp/taglib/pkg/arm64-v8a/include/taglib/matroskaelement.h
-- Installing: /app/musikr/src/main/cpp/taglib/pkg/arm64-v8a/include/taglib/matroskafile.h
-- Installing: /app/musikr/src/main/cpp/taglib/pkg/arm64-v8a/include/taglib/matroskaproperties.h
-- Installing: /app/musikr/src/main/cpp/taglib/pkg/arm64-v8a/include/taglib/matroskasimpletag.h
-- Installing: /app/musikr/src/main/cpp/taglib/pkg/arm64-v8a/include/taglib/matroskatag.h
-- Installing: /app/musikr/src/main/cpp/taglib/pkg/arm64-v8a/include/taglib/matroskawritestyle.h
-- Installing: /app/musikr/src/main/cpp/taglib/pkg/arm64-v8a/lib/cmake/taglib/taglib-targets.cmake
-- Installing: /app/musikr/src/main/cpp/taglib/pkg/arm64-v8a/lib/cmake/taglib/taglib-targets-release.cmake
-- Installing: /app/musikr/src/main/cpp/taglib/pkg/arm64-v8a/lib/cmake/taglib/taglib-config.cmake
-- Installing: /app/musikr/src/main/cpp/taglib/pkg/arm64-v8a/lib/cmake/taglib/taglib-config-version.cmake

> Task :musikr:preBuild UP-TO-DATE
> Task :musikr:preDebugBuild
> Task :musikr:generateDebugResources
> Task :musikr:packageDebugResources
> Task :app:packageStandardDebugResources
> Task :media-lib-common:processDebugNavigationResources
> Task :media-lib-container:processDebugNavigationResources
> Task :media-lib-database:processDebugNavigationResources
> Task :media-lib-datasource:processDebugNavigationResources
> Task :media-lib-decoder:processDebugNavigationResources
> Task :media-lib-decoder-ffmpeg:processDebugNavigationResources
> Task :media-lib-exoplayer:processDebugNavigationResources
> Task :media-lib-extractor:processDebugNavigationResources
> Task :musikr:processDebugNavigationResources
> Task :app:processStandardDebugNavigationResources
> Task :app:mergeStandardDebugResources
> Task :media-lib-common:parseDebugLocalResources
> Task :media-lib-common:generateDebugRFile
> Task :media-lib-container:parseDebugLocalResources
> Task :media-lib-container:generateDebugRFile
> Task :media-lib-database:parseDebugLocalResources
> Task :app:parseStandardDebugLocalResources
> Task :media-lib-database:generateDebugRFile
> Task :media-lib-datasource:parseDebugLocalResources
> Task :media-lib-decoder:parseDebugLocalResources
> Task :media-lib-datasource:generateDebugRFile
> Task :media-lib-decoder:generateDebugRFile
> Task :media-lib-decoder-ffmpeg:parseDebugLocalResources
> Task :media-lib-decoder-ffmpeg:generateDebugRFile
> Task :media-lib-exoplayer:parseDebugLocalResources
> Task :media-lib-extractor:parseDebugLocalResources
> Task :media-lib-exoplayer:generateDebugRFile
> Task :media-lib-extractor:generateDebugRFile
> Task :musikr:parseDebugLocalResources
> Task :app:generateSafeArgsStandardDebug
> Task :musikr:generateDebugRFile
> Task :app:generateStandardDebugBuildConfig
> Task :app:dataBindingGenBaseClassesStandardDebug
> Task :media-lib-common:compileDebugKotlin NO-SOURCE
> Task :media-lib-common:javaPreCompileDebug
> Task :app:generateStandardDebugRFile

> Task :media-lib-common:compileDebugJavaWithJavac
Java compiler version 21 has deprecated support for compiling with source/target version 8.
Try one of the following options:
    1. [Recommended] Use Java toolchain with a lower language version
    2. Set a higher source/target version
    3. Use a lower version of the JDK running the build (if you're not using Java toolchain)
For more details on how to configure these settings, see https://developer.android.com/build/jdks.
To suppress this warning, set android.javaCompile.suppressSourceTargetDeprecationWarning=true in gradle.properties.
warning: [options] source value 8 is obsolete and will be removed in a future release
warning: [options] target value 8 is obsolete and will be removed in a future release
warning: [options] To suppress warnings about obsolete options, use -Xlint:-options.
warning: unknown enum constant Level.FULL
  reason: class file for com.google.j2objc.annotations.ReflectionSupport$Level not found
Note: Some input files use or override a deprecated API.
Note: Recompile with -Xlint:deprecation for details.
4 warnings

> Task :media-lib-container:javaPreCompileDebug
> Task :media-lib-database:javaPreCompileDebug
> Task :media-lib-datasource:javaPreCompileDebug
> Task :media-lib-common:bundleLibCompileToJarDebug
> Task :media-lib-decoder:javaPreCompileDebug
> Task :media-lib-container:compileDebugKotlin NO-SOURCE

> Task :media-lib-container:compileDebugJavaWithJavac
Java compiler version 21 has deprecated support for compiling with source/target version 8.
Try one of the following options:
    1. [Recommended] Use Java toolchain with a lower language version
    2. Set a higher source/target version
    3. Use a lower version of the JDK running the build (if you're not using Java toolchain)
For more details on how to configure these settings, see https://developer.android.com/build/jdks.
To suppress this warning, set android.javaCompile.suppressSourceTargetDeprecationWarning=true in gradle.properties.
warning: [options] source value 8 is obsolete and will be removed in a future release
warning: [options] target value 8 is obsolete and will be removed in a future release
warning: [options] To suppress warnings about obsolete options, use -Xlint:-options.
warning: unknown enum constant MigrationStatus.STRICT
  reason: class file for kotlin.annotations.jvm.MigrationStatus not found
4 warnings

> Task :media-lib-container:bundleLibCompileToJarDebug
> Task :media-lib-database:compileDebugKotlin NO-SOURCE

> Task :media-lib-database:compileDebugJavaWithJavac
Java compiler version 21 has deprecated support for compiling with source/target version 8.
Try one of the following options:
    1. [Recommended] Use Java toolchain with a lower language version
    2. Set a higher source/target version
    3. Use a lower version of the JDK running the build (if you're not using Java toolchain)
For more details on how to configure these settings, see https://developer.android.com/build/jdks.
To suppress this warning, set android.javaCompile.suppressSourceTargetDeprecationWarning=true in gradle.properties.
warning: [options] source value 8 is obsolete and will be removed in a future release
warning: [options] target value 8 is obsolete and will be removed in a future release
warning: [options] To suppress warnings about obsolete options, use -Xlint:-options.
3 warnings

> Task :media-lib-database:bundleLibCompileToJarDebug
> Task :media-lib-decoder:compileDebugKotlin NO-SOURCE
> Task :media-lib-datasource:compileDebugKotlin NO-SOURCE

> Task :media-lib-datasource:compileDebugJavaWithJavac
Java compiler version 21 has deprecated support for compiling with source/target version 8.
Try one of the following options:
    1. [Recommended] Use Java toolchain with a lower language version
    2. Set a higher source/target version
    3. Use a lower version of the JDK running the build (if you're not using Java toolchain)
For more details on how to configure these settings, see https://developer.android.com/build/jdks.
To suppress this warning, set android.javaCompile.suppressSourceTargetDeprecationWarning=true in gradle.properties.
warning: [options] source value 8 is obsolete and will be removed in a future release
warning: [options] target value 8 is obsolete and will be removed in a future release
warning: [options] To suppress warnings about obsolete options, use -Xlint:-options.
3 warnings

> Task :media-lib-datasource:bundleLibCompileToJarDebug

> Task :media-lib-decoder:compileDebugJavaWithJavac
Java compiler version 21 has deprecated support for compiling with source/target version 8.
Try one of the following options:
    1. [Recommended] Use Java toolchain with a lower language version
    2. Set a higher source/target version
    3. Use a lower version of the JDK running the build (if you're not using Java toolchain)
For more details on how to configure these settings, see https://developer.android.com/build/jdks.
To suppress this warning, set android.javaCompile.suppressSourceTargetDeprecationWarning=true in gradle.properties.
warning: [options] source value 8 is obsolete and will be removed in a future release
warning: [options] target value 8 is obsolete and will be removed in a future release
warning: [options] To suppress warnings about obsolete options, use -Xlint:-options.
warning: unknown enum constant MigrationStatus.STRICT
  reason: class file for kotlin.annotations.jvm.MigrationStatus not found
4 warnings

> Task :media-lib-decoder:bundleLibCompileToJarDebug
> Task :media-lib-extractor:javaPreCompileDebug
> Task :media-lib-extractor:compileDebugKotlin NO-SOURCE

> Task :media-lib-extractor:compileDebugJavaWithJavac
Java compiler version 21 has deprecated support for compiling with source/target version 8.
Try one of the following options:
    1. [Recommended] Use Java toolchain with a lower language version
    2. Set a higher source/target version
    3. Use a lower version of the JDK running the build (if you're not using Java toolchain)
For more details on how to configure these settings, see https://developer.android.com/build/jdks.
To suppress this warning, set android.javaCompile.suppressSourceTargetDeprecationWarning=true in gradle.properties.
warning: [options] source value 8 is obsolete and will be removed in a future release
warning: [options] target value 8 is obsolete and will be removed in a future release
warning: [options] To suppress warnings about obsolete options, use -Xlint:-options.
warning: unknown enum constant When.MAYBE
  reason: class file for javax.annotation.meta.When not found
Note: Some input files use or override a deprecated API.
Note: Recompile with -Xlint:deprecation for details.
4 warnings

> Task :media-lib-exoplayer:javaPreCompileDebug
> Task :media-lib-decoder-ffmpeg:javaPreCompileDebug
> Task :musikr:generateDebugBuildConfig
> Task :media-lib-extractor:bundleLibCompileToJarDebug
> Task :media-lib-exoplayer:compileDebugKotlin NO-SOURCE

> Task :media-lib-exoplayer:compileDebugJavaWithJavac
Java compiler version 21 has deprecated support for compiling with source/target version 8.
Try one of the following options:
    1. [Recommended] Use Java toolchain with a lower language version
    2. Set a higher source/target version
    3. Use a lower version of the JDK running the build (if you're not using Java toolchain)
For more details on how to configure these settings, see https://developer.android.com/build/jdks.
To suppress this warning, set android.javaCompile.suppressSourceTargetDeprecationWarning=true in gradle.properties.
warning: [options] source value 8 is obsolete and will be removed in a future release
warning: [options] target value 8 is obsolete and will be removed in a future release
warning: [options] To suppress warnings about obsolete options, use -Xlint:-options.
warning: unknown enum constant Level.FULL
  reason: class file for com.google.j2objc.annotations.ReflectionSupport$Level not found
Note: Some input files use or override a deprecated API.
Note: Recompile with -Xlint:deprecation for details.
4 warnings

> Task :media-lib-exoplayer:bundleLibCompileToJarDebug
> Task :media-lib-decoder-ffmpeg:compileDebugKotlin NO-SOURCE

> Task :media-lib-decoder-ffmpeg:compileDebugJavaWithJavac
Java compiler version 21 has deprecated support for compiling with source/target version 8.
Try one of the following options:
    1. [Recommended] Use Java toolchain with a lower language version
    2. Set a higher source/target version
    3. Use a lower version of the JDK running the build (if you're not using Java toolchain)
For more details on how to configure these settings, see https://developer.android.com/build/jdks.
To suppress this warning, set android.javaCompile.suppressSourceTargetDeprecationWarning=true in gradle.properties.
warning: [options] source value 8 is obsolete and will be removed in a future release
warning: [options] target value 8 is obsolete and will be removed in a future release
warning: [options] To suppress warnings about obsolete options, use -Xlint:-options.
Note: /app/media/libraries/decoder_ffmpeg/src/main/java/androidx/media3/decoder/ffmpeg/FfmpegAudioRenderer.java uses or overrides a deprecated API.
Note: Recompile with -Xlint:deprecation for details.
3 warnings

> Task :media-lib-decoder-ffmpeg:bundleLibCompileToJarDebug
> Task :musikr:javaPreCompileDebug
> Task :app:javaPreCompileStandardDebug
> Task :media-lib-decoder-ffmpeg:bundleLibRuntimeToJarDebug
> Task :media-lib-extractor:bundleLibRuntimeToJarDebug
> Task :media-lib-container:bundleLibRuntimeToJarDebug
> Task :media-lib-datasource:bundleLibRuntimeToJarDebug
> Task :media-lib-decoder:bundleLibRuntimeToJarDebug
> Task :media-lib-database:bundleLibRuntimeToJarDebug
> Task :media-lib-common:bundleLibRuntimeToJarDebug
> Task :media-lib-exoplayer:bundleLibRuntimeToJarDebug
> Task :media-lib-common:writeDebugAarMetadata
> Task :media-lib-container:writeDebugAarMetadata
> Task :media-lib-database:writeDebugAarMetadata
> Task :media-lib-datasource:writeDebugAarMetadata
> Task :media-lib-decoder:writeDebugAarMetadata
> Task :media-lib-decoder-ffmpeg:writeDebugAarMetadata
> Task :media-lib-exoplayer:writeDebugAarMetadata
> Task :media-lib-extractor:writeDebugAarMetadata
> Task :musikr:writeDebugAarMetadata
> Task :app:checkStandardDebugAarMetadata
> Task :app:mapStandardDebugSourceSetPaths
> Task :app:compileStandardDebugNavigationResources
> Task :app:createStandardDebugCompatibleScreenManifests
> Task :app:extractDeepLinksStandardDebug
> Task :media-lib-common:extractDeepLinksDebug

> Task :media-lib-common:processDebugManifest
package="androidx.media3.common" found in source AndroidManifest.xml: /app/media/libraries/common/src/main/AndroidManifest.xml.
Setting the namespace via the package attribute in the source AndroidManifest.xml is no longer supported, and the value is ignored.
Recommendation: remove package="androidx.media3.common" from the source AndroidManifest.xml: /app/media/libraries/common/src/main/AndroidManifest.xml.

> Task :media-lib-container:extractDeepLinksDebug

> Task :media-lib-container:processDebugManifest
package="androidx.media3.container" found in source AndroidManifest.xml: /app/media/libraries/container/src/main/AndroidManifest.xml.
Setting the namespace via the package attribute in the source AndroidManifest.xml is no longer supported, and the value is ignored.
Recommendation: remove package="androidx.media3.container" from the source AndroidManifest.xml: /app/media/libraries/container/src/main/AndroidManifest.xml.

> Task :media-lib-database:extractDeepLinksDebug

> Task :media-lib-database:processDebugManifest
package="androidx.media3.database" found in source AndroidManifest.xml: /app/media/libraries/database/src/main/AndroidManifest.xml.
Setting the namespace via the package attribute in the source AndroidManifest.xml is no longer supported, and the value is ignored.
Recommendation: remove package="androidx.media3.database" from the source AndroidManifest.xml: /app/media/libraries/database/src/main/AndroidManifest.xml.

> Task :media-lib-datasource:extractDeepLinksDebug

> Task :media-lib-datasource:processDebugManifest
package="androidx.media3.datasource" found in source AndroidManifest.xml: /app/media/libraries/datasource/src/main/AndroidManifest.xml.
Setting the namespace via the package attribute in the source AndroidManifest.xml is no longer supported, and the value is ignored.
Recommendation: remove package="androidx.media3.datasource" from the source AndroidManifest.xml: /app/media/libraries/datasource/src/main/AndroidManifest.xml.

> Task :media-lib-decoder:extractDeepLinksDebug

> Task :media-lib-decoder:processDebugManifest
package="androidx.media3.decoder" found in source AndroidManifest.xml: /app/media/libraries/decoder/src/main/AndroidManifest.xml.
Setting the namespace via the package attribute in the source AndroidManifest.xml is no longer supported, and the value is ignored.
Recommendation: remove package="androidx.media3.decoder" from the source AndroidManifest.xml: /app/media/libraries/decoder/src/main/AndroidManifest.xml.

> Task :media-lib-decoder-ffmpeg:extractDeepLinksDebug

> Task :media-lib-decoder-ffmpeg:processDebugManifest
package="androidx.media3.decoder.ffmpeg" found in source AndroidManifest.xml: /app/media/libraries/decoder_ffmpeg/src/main/AndroidManifest.xml.
Setting the namespace via the package attribute in the source AndroidManifest.xml is no longer supported, and the value is ignored.
Recommendation: remove package="androidx.media3.decoder.ffmpeg" from the source AndroidManifest.xml: /app/media/libraries/decoder_ffmpeg/src/main/AndroidManifest.xml.

> Task :media-lib-exoplayer:extractDeepLinksDebug

> Task :media-lib-exoplayer:processDebugManifest
package="androidx.media3.exoplayer" found in source AndroidManifest.xml: /app/media/libraries/exoplayer/src/main/AndroidManifest.xml.
Setting the namespace via the package attribute in the source AndroidManifest.xml is no longer supported, and the value is ignored.
Recommendation: remove package="androidx.media3.exoplayer" from the source AndroidManifest.xml: /app/media/libraries/exoplayer/src/main/AndroidManifest.xml.

> Task :media-lib-extractor:extractDeepLinksDebug

> Task :media-lib-extractor:processDebugManifest
package="androidx.media3.extractor" found in source AndroidManifest.xml: /app/media/libraries/extractor/src/main/AndroidManifest.xml.
Setting the namespace via the package attribute in the source AndroidManifest.xml is no longer supported, and the value is ignored.
Recommendation: remove package="androidx.media3.extractor" from the source AndroidManifest.xml: /app/media/libraries/extractor/src/main/AndroidManifest.xml.

> Task :musikr:extractDeepLinksDebug
> Task :musikr:processDebugManifest
> Task :app:processStandardDebugMainManifest
> Task :app:processStandardDebugManifest
> Task :app:processStandardDebugManifestForPackage
> Task :media-lib-common:mapDebugSourceSetPaths
> Task :media-lib-common:compileDebugLibraryResources
> Task :media-lib-container:mapDebugSourceSetPaths
> Task :media-lib-container:compileDebugLibraryResources
> Task :media-lib-database:mapDebugSourceSetPaths
> Task :media-lib-database:compileDebugLibraryResources
> Task :media-lib-datasource:mapDebugSourceSetPaths
> Task :media-lib-datasource:compileDebugLibraryResources
> Task :media-lib-decoder:mapDebugSourceSetPaths
> Task :media-lib-decoder:compileDebugLibraryResources
> Task :media-lib-decoder-ffmpeg:mapDebugSourceSetPaths
> Task :media-lib-decoder-ffmpeg:compileDebugLibraryResources
> Task :media-lib-exoplayer:mapDebugSourceSetPaths
> Task :media-lib-exoplayer:compileDebugLibraryResources
> Task :media-lib-extractor:mapDebugSourceSetPaths
> Task :media-lib-extractor:compileDebugLibraryResources
> Task :musikr:mapDebugSourceSetPaths
> Task :musikr:compileDebugLibraryResources
> Task :app:processStandardDebugResources
> Task :app:generateStandardDebugAssets UP-TO-DATE
> Task :media-lib-common:generateDebugAssets UP-TO-DATE
> Task :media-lib-common:mergeDebugAssets
> Task :media-lib-container:generateDebugAssets UP-TO-DATE
> Task :media-lib-container:mergeDebugAssets
> Task :media-lib-database:generateDebugAssets UP-TO-DATE
> Task :media-lib-database:mergeDebugAssets
> Task :media-lib-datasource:generateDebugAssets UP-TO-DATE
> Task :media-lib-datasource:mergeDebugAssets
> Task :media-lib-decoder:generateDebugAssets UP-TO-DATE
> Task :media-lib-decoder:mergeDebugAssets
> Task :media-lib-decoder-ffmpeg:generateDebugAssets UP-TO-DATE
> Task :media-lib-decoder-ffmpeg:mergeDebugAssets
> Task :media-lib-exoplayer:generateDebugAssets UP-TO-DATE
> Task :media-lib-exoplayer:mergeDebugAssets
> Task :media-lib-extractor:generateDebugAssets UP-TO-DATE
> Task :media-lib-extractor:mergeDebugAssets
> Task :musikr:generateDebugAssets UP-TO-DATE
> Task :musikr:mergeDebugAssets
> Task :app:mergeStandardDebugAssets
> Task :app:preStandardDebugUnitTestBuild UP-TO-DATE
> Task :app:packageStandardDebugUnitTestForUnitTest

> Task :app:processStandardDebugUnitTestManifest
/app/app/src/main/AndroidManifest.xml:23:5-25:31 Warning:
	uses-permission#android.permission.ACCESS_NETWORK_STATE was tagged at AndroidManifest.xml:23 to remove other declarations but no other declaration present

> Task :app:generateStandardDebugUnitTestConfig
> Task :app:javaPreCompileStandardDebugUnitTest
> Task :media-lib-common:processDebugJavaRes NO-SOURCE
> Task :media-lib-container:processDebugJavaRes NO-SOURCE
> Task :media-lib-database:processDebugJavaRes NO-SOURCE
> Task :media-lib-datasource:processDebugJavaRes NO-SOURCE
> Task :media-lib-decoder:processDebugJavaRes NO-SOURCE
> Task :media-lib-decoder-ffmpeg:processDebugJavaRes NO-SOURCE
> Task :media-lib-exoplayer:processDebugJavaRes NO-SOURCE
> Task :media-lib-extractor:processDebugJavaRes NO-SOURCE
> Task :musikr:kspDebugKotlin

> Task :musikr:compileDebugKotlin
w: file:///app/musikr/src/main/java/org/oxycblt/musikr/graph/MusicGraph.kt:63:49 Elvis operator (?:) always returns the left operand of non-nullable type 'String'.

> Task :musikr:compileDebugJavaWithJavac
> Task :musikr:bundleLibCompileToJarDebug
> Task :musikr:bundleLibRuntimeToJarDebug
> Task :musikr:processDebugJavaRes
> Task :app:kspStandardDebugKotlin

> Task :app:compileStandardDebugKotlin
w: file:///app/app/src/main/java/org/oxycblt/auxio/AuxioService.kt:26:8 'class MediaBrowserCompat : Any' is deprecated. Deprecated in Java.
w: file:///app/app/src/main/java/org/oxycblt/auxio/AuxioService.kt:32:8 'class MediaBrowserServiceCompat : Service' is deprecated. Deprecated in Java.
w: file:///app/app/src/main/java/org/oxycblt/auxio/AuxioService.kt:33:8 'class MediaConstants : Any' is deprecated. Deprecated in Java.
w: file:///app/app/src/main/java/org/oxycblt/auxio/AuxioService.kt:45:5 'class MediaBrowserServiceCompat : Service' is deprecated. Deprecated in Java.
w: file:///app/app/src/main/java/org/oxycblt/auxio/AuxioService.kt:119:8 'class BrowserRoot : Any' is deprecated. Deprecated in Java.
w: file:///app/app/src/main/java/org/oxycblt/auxio/AuxioService.kt:123:53 'class Result<T : Any!> : Any' is deprecated. Deprecated in Java.
w: file:///app/app/src/main/java/org/oxycblt/auxio/AuxioService.kt:123:60 'class MediaItem : Any, Parcelable' is deprecated. Deprecated in Java.
w: file:///app/app/src/main/java/org/oxycblt/auxio/AuxioService.kt:127:59 'class Result<T : Any!> : Any' is deprecated. Deprecated in Java.
w: file:///app/app/src/main/java/org/oxycblt/auxio/AuxioService.kt:127:78 'class MediaItem : Any, Parcelable' is deprecated. Deprecated in Java.
w: file:///app/app/src/main/java/org/oxycblt/auxio/AuxioService.kt:134:17 'class Result<T : Any!> : Any' is deprecated. Deprecated in Java.
w: file:///app/app/src/main/java/org/oxycblt/auxio/AuxioService.kt:134:36 'class MediaItem : Any, Parcelable' is deprecated. Deprecated in Java.
w: file:///app/app/src/main/java/org/oxycblt/auxio/AuxioService.kt:141:67 'class Result<T : Any!> : Any' is deprecated. Deprecated in Java.
w: file:///app/app/src/main/java/org/oxycblt/auxio/AuxioService.kt:141:86 'class MediaItem : Any, Parcelable' is deprecated. Deprecated in Java.
w: file:///app/app/src/main/java/org/oxycblt/auxio/AuxioService.kt:147:13 'class MediaConstants : Any' is deprecated. Deprecated in Java.
w: file:///app/app/src/main/java/org/oxycblt/auxio/headunit/topway/TopwayBridgeExtrasPolicy.kt:68:77 'fun get(p0: String!): Any?' is deprecated. Deprecated in Java.
w: file:///app/app/src/main/java/org/oxycblt/auxio/home/ThemedSpeedDialView.kt:434:18 This declaration overrides a deprecated member but is not marked as deprecated itself. Add the '@Deprecated' annotation or suppress the diagnostic.
w: file:///app/app/src/main/java/org/oxycblt/auxio/image/CoverView.kt:636:22 This declaration overrides a deprecated member but is not marked as deprecated itself. Add the '@Deprecated' annotation or suppress the diagnostic.
w: file:///app/app/src/main/java/org/oxycblt/auxio/image/coil/RoundedRectTransformation.kt:79:29 'fun computeSizeMultiplier(srcWidth: Int, srcHeight: Int, dstWidth: Int, dstHeight: Int, scale: Scale): Double' is deprecated. Migrate to the variant that accepts a 'maxSize'.
w: file:///app/app/src/main/java/org/oxycblt/auxio/image/coil/RoundedRectTransformation.kt:121:25 'fun computeSizeMultiplier(srcWidth: Int, srcHeight: Int, dstWidth: Int, dstHeight: Int, scale: Scale): Double' is deprecated. Migrate to the variant that accepts a 'maxSize'.
w: file:///app/app/src/main/java/org/oxycblt/auxio/music/service/MediaItemTranslation.kt:25:8 'class MediaBrowserCompat : Any' is deprecated. Deprecated in Java.
w: file:///app/app/src/main/java/org/oxycblt/auxio/music/service/MediaItemTranslation.kt:26:8 'class MediaDescriptionCompat : Any, Parcelable' is deprecated. Deprecated in Java.
w: file:///app/app/src/main/java/org/oxycblt/auxio/music/service/MediaItemTranslation.kt:28:8 'class MediaConstants : Any' is deprecated. Deprecated in Java.
w: file:///app/app/src/main/java/org/oxycblt/auxio/music/service/MediaItemTranslation.kt:90:9 'class MediaConstants : Any' is deprecated. Deprecated in Java.
w: file:///app/app/src/main/java/org/oxycblt/auxio/music/service/MediaItemTranslation.kt:96:15 'class MediaConstants : Any' is deprecated. Deprecated in Java.
w: file:///app/app/src/main/java/org/oxycblt/auxio/music/service/MediaItemTranslation.kt:104:12 'class MediaConstants : Any' is deprecated. Deprecated in Java.
w: file:///app/app/src/main/java/org/oxycblt/auxio/music/service/MediaItemTranslation.kt:111:44 'class MediaItem : Any, Parcelable' is deprecated. Deprecated in Java.
w: file:///app/app/src/main/java/org/oxycblt/auxio/music/service/MediaItemTranslation.kt:115:19 'class MediaConstants : Any' is deprecated. Deprecated in Java.
w: file:///app/app/src/main/java/org/oxycblt/auxio/music/service/MediaItemTranslation.kt:119:9 'class MediaDescriptionCompat : Any, Parcelable' is deprecated. Deprecated in Java.
w: file:///app/app/src/main/java/org/oxycblt/auxio/music/service/MediaItemTranslation.kt:119:32 'constructor(): MediaDescriptionCompat.Builder' is deprecated. Deprecated in Java.
w: file:///app/app/src/main/java/org/oxycblt/auxio/music/service/MediaItemTranslation.kt:127:12 'constructor(p0: MediaDescriptionCompat, p1: Int): MediaBrowserCompat.MediaItem' is deprecated. Deprecated in Java.
w: file:///app/app/src/main/java/org/oxycblt/auxio/music/service/MediaItemTranslation.kt:127:43 'class MediaItem : Any, Parcelable' is deprecated. Deprecated in Java.
w: file:///app/app/src/main/java/org/oxycblt/auxio/music/service/MediaItemTranslation.kt:130:69 'class MediaDescriptionCompat : Any, Parcelable' is deprecated. Deprecated in Java.
w: file:///app/app/src/main/java/org/oxycblt/auxio/music/service/MediaItemTranslation.kt:133:12 'class MediaDescriptionCompat : Any, Parcelable' is deprecated. Deprecated in Java.
w: file:///app/app/src/main/java/org/oxycblt/auxio/music/service/MediaItemTranslation.kt:133:35 'constructor(): MediaDescriptionCompat.Builder' is deprecated. Deprecated in Java.
w: file:///app/app/src/main/java/org/oxycblt/auxio/music/service/MediaItemTranslation.kt:144:62 'class MediaItem : Any, Parcelable' is deprecated. Deprecated in Java.
w: file:///app/app/src/main/java/org/oxycblt/auxio/music/service/MediaItemTranslation.kt:145:12 'constructor(p0: MediaDescriptionCompat, p1: Int): MediaBrowserCompat.MediaItem' is deprecated. Deprecated in Java.
w: file:///app/app/src/main/java/org/oxycblt/auxio/music/service/MediaItemTranslation.kt:145:59 'class MediaItem : Any, Parcelable' is deprecated. Deprecated in Java.
w: file:///app/app/src/main/java/org/oxycblt/auxio/music/service/MediaItemTranslation.kt:148:63 'class MediaItem : Any, Parcelable' is deprecated. Deprecated in Java.
w: file:///app/app/src/main/java/org/oxycblt/auxio/music/service/MediaItemTranslation.kt:153:9 'class MediaDescriptionCompat : Any, Parcelable' is deprecated. Deprecated in Java.
w: file:///app/app/src/main/java/org/oxycblt/auxio/music/service/MediaItemTranslation.kt:153:32 'constructor(): MediaDescriptionCompat.Builder' is deprecated. Deprecated in Java.
w: file:///app/app/src/main/java/org/oxycblt/auxio/music/service/MediaItemTranslation.kt:165:12 'constructor(p0: MediaDescriptionCompat, p1: Int): MediaBrowserCompat.MediaItem' is deprecated. Deprecated in Java.
w: file:///app/app/src/main/java/org/oxycblt/auxio/music/service/MediaItemTranslation.kt:165:35 'class MediaItem : Any, Parcelable' is deprecated. Deprecated in Java.
w: file:///app/app/src/main/java/org/oxycblt/auxio/music/service/MediaItemTranslation.kt:168:64 'class MediaItem : Any, Parcelable' is deprecated. Deprecated in Java.
w: file:///app/app/src/main/java/org/oxycblt/auxio/music/service/MediaItemTranslation.kt:186:9 'class MediaDescriptionCompat : Any, Parcelable' is deprecated. Deprecated in Java.
w: file:///app/app/src/main/java/org/oxycblt/auxio/music/service/MediaItemTranslation.kt:186:32 'constructor(): MediaDescriptionCompat.Builder' is deprecated. Deprecated in Java.
w: file:///app/app/src/main/java/org/oxycblt/auxio/music/service/MediaItemTranslation.kt:198:12 'constructor(p0: MediaDescriptionCompat, p1: Int): MediaBrowserCompat.MediaItem' is deprecated. Deprecated in Java.
w: file:///app/app/src/main/java/org/oxycblt/auxio/music/service/MediaItemTranslation.kt:198:35 'class MediaItem : Any, Parcelable' is deprecated. Deprecated in Java.
w: file:///app/app/src/main/java/org/oxycblt/auxio/music/service/MediaItemTranslation.kt:201:63 'class MediaItem : Any, Parcelable' is deprecated. Deprecated in Java.
w: file:///app/app/src/main/java/org/oxycblt/auxio/music/service/MediaItemTranslation.kt:211:9 'class MediaDescriptionCompat : Any, Parcelable' is deprecated. Deprecated in Java.
w: file:///app/app/src/main/java/org/oxycblt/auxio/music/service/MediaItemTranslation.kt:211:32 'constructor(): MediaDescriptionCompat.Builder' is deprecated. Deprecated in Java.
w: file:///app/app/src/main/java/org/oxycblt/auxio/music/service/MediaItemTranslation.kt:222:12 'constructor(p0: MediaDescriptionCompat, p1: Int): MediaBrowserCompat.MediaItem' is deprecated. Deprecated in Java.
w: file:///app/app/src/main/java/org/oxycblt/auxio/music/service/MediaItemTranslation.kt:222:35 'class MediaItem : Any, Parcelable' is deprecated. Deprecated in Java.
w: file:///app/app/src/main/java/org/oxycblt/auxio/music/service/MediaItemTranslation.kt:225:66 'class MediaItem : Any, Parcelable' is deprecated. Deprecated in Java.
w: file:///app/app/src/main/java/org/oxycblt/auxio/music/service/MediaItemTranslation.kt:235:9 'class MediaDescriptionCompat : Any, Parcelable' is deprecated. Deprecated in Java.
w: file:///app/app/src/main/java/org/oxycblt/auxio/music/service/MediaItemTranslation.kt:235:32 'constructor(): MediaDescriptionCompat.Builder' is deprecated. Deprecated in Java.
w: file:///app/app/src/main/java/org/oxycblt/auxio/music/service/MediaItemTranslation.kt:247:12 'constructor(p0: MediaDescriptionCompat, p1: Int): MediaBrowserCompat.MediaItem' is deprecated. Deprecated in Java.
w: file:///app/app/src/main/java/org/oxycblt/auxio/music/service/MediaItemTranslation.kt:247:35 'class MediaItem : Any, Parcelable' is deprecated. Deprecated in Java.
w: file:///app/app/src/main/java/org/oxycblt/auxio/music/service/MusicBrowser.kt:22:8 'class MediaBrowserCompat : Any' is deprecated. Deprecated in Java.
w: file:///app/app/src/main/java/org/oxycblt/auxio/music/service/MusicBrowser.kt:23:8 'class MediaDescriptionCompat : Any, Parcelable' is deprecated. Deprecated in Java.
w: file:///app/app/src/main/java/org/oxycblt/auxio/music/service/MusicBrowser.kt:116:35 'class MediaItem : Any, Parcelable' is deprecated. Deprecated in Java.
w: file:///app/app/src/main/java/org/oxycblt/auxio/music/service/MusicBrowser.kt:134:59 'class MediaItem : Any, Parcelable' is deprecated. Deprecated in Java.
w: file:///app/app/src/main/java/org/oxycblt/auxio/music/service/MusicBrowser.kt:143:52 'class MediaItem : Any, Parcelable' is deprecated. Deprecated in Java.
w: file:///app/app/src/main/java/org/oxycblt/auxio/music/service/MusicBrowser.kt:159:64 'class MediaItem : Any, Parcelable' is deprecated. Deprecated in Java.
w: file:///app/app/src/main/java/org/oxycblt/auxio/music/service/MusicBrowser.kt:160:35 'class MediaItem : Any, Parcelable' is deprecated. Deprecated in Java.
w: file:///app/app/src/main/java/org/oxycblt/auxio/music/service/MusicBrowser.kt:179:66 'class MediaItem : Any, Parcelable' is deprecated. Deprecated in Java.
w: file:///app/app/src/main/java/org/oxycblt/auxio/music/service/MusicBrowser.kt:275:58 'class MediaItem : Any, Parcelable' is deprecated. Deprecated in Java.
w: file:///app/app/src/main/java/org/oxycblt/auxio/music/service/MusicBrowser.kt:303:56 'class MediaItem : Any, Parcelable' is deprecated. Deprecated in Java.
w: file:///app/app/src/main/java/org/oxycblt/auxio/music/service/MusicBrowser.kt:305:49 'class MediaItem : Any, Parcelable' is deprecated. Deprecated in Java.
w: file:///app/app/src/main/java/org/oxycblt/auxio/music/service/MusicBrowser.kt:306:9 'constructor(p0: MediaDescriptionCompat, p1: Int): MediaBrowserCompat.MediaItem' is deprecated. Deprecated in Java.
w: file:///app/app/src/main/java/org/oxycblt/auxio/music/service/MusicBrowser.kt:307:13 'class MediaDescriptionCompat : Any, Parcelable' is deprecated. Deprecated in Java.
w: file:///app/app/src/main/java/org/oxycblt/auxio/music/service/MusicBrowser.kt:307:36 'constructor(): MediaDescriptionCompat.Builder' is deprecated. Deprecated in Java.
w: file:///app/app/src/main/java/org/oxycblt/auxio/music/service/MusicBrowser.kt:311:13 'class MediaItem : Any, Parcelable' is deprecated. Deprecated in Java.
w: file:///app/app/src/main/java/org/oxycblt/auxio/music/service/MusicServiceFragment.kt:23:8 'class MediaBrowserCompat : Any' is deprecated. Deprecated in Java.
w: file:///app/app/src/main/java/org/oxycblt/auxio/music/service/MusicServiceFragment.kt:24:8 'class MediaBrowserServiceCompat : Service' is deprecated. Deprecated in Java.
w: file:///app/app/src/main/java/org/oxycblt/auxio/music/service/MusicServiceFragment.kt:25:8 'class MediaBrowserServiceCompat : Service' is deprecated. Deprecated in Java.
w: file:///app/app/src/main/java/org/oxycblt/auxio/music/service/MusicServiceFragment.kt:97:21 'constructor(p0: String, p1: Bundle?): MediaBrowserServiceCompat.BrowserRoot' is deprecated. Deprecated in Java.
w: file:///app/app/src/main/java/org/oxycblt/auxio/music/service/MusicServiceFragment.kt:99:42 'class Result<T : Any!> : Any' is deprecated. Deprecated in Java.
w: file:///app/app/src/main/java/org/oxycblt/auxio/music/service/MusicServiceFragment.kt:99:49 'class MediaItem : Any, Parcelable' is deprecated. Deprecated in Java.
w: file:///app/app/src/main/java/org/oxycblt/auxio/music/service/MusicServiceFragment.kt:102:60 'class Result<T : Any!> : Any' is deprecated. Deprecated in Java.
w: file:///app/app/src/main/java/org/oxycblt/auxio/music/service/MusicServiceFragment.kt:102:79 'class MediaItem : Any, Parcelable' is deprecated. Deprecated in Java.
w: file:///app/app/src/main/java/org/oxycblt/auxio/music/service/MusicServiceFragment.kt:105:39 'class Result<T : Any!> : Any' is deprecated. Deprecated in Java.
w: file:///app/app/src/main/java/org/oxycblt/auxio/music/service/MusicServiceFragment.kt:105:58 'class MediaItem : Any, Parcelable' is deprecated. Deprecated in Java.
w: file:///app/app/src/main/java/org/oxycblt/auxio/music/service/MusicServiceFragment.kt:108:21 'class Result<T : Any!> : Any' is deprecated. Deprecated in Java.
w: file:///app/app/src/main/java/org/oxycblt/auxio/music/service/MusicServiceFragment.kt:121:21 'class Result<T : Any!> : Any' is deprecated. Deprecated in Java.
w: file:///app/app/src/main/java/org/oxycblt/auxio/playback/PlaybackPanelFragment.kt:122:30 Unnecessary safe call on a non-null receiver of type 'ViewPager2'.
w: file:///app/app/src/main/java/org/oxycblt/auxio/playback/PlaybackPanelFragment.kt:172:34 Unnecessary safe call on a non-null receiver of type 'ViewPager2'.
w: file:///app/app/src/main/java/org/oxycblt/auxio/playback/PlaybackPanelFragment.kt:272:30 Unnecessary safe call on a non-null receiver of type 'ViewPager2'.
w: file:///app/app/src/main/java/org/oxycblt/auxio/playback/replaygain/ReplayGainAudioProcessor.kt:57:13 'fun flush(): Unit' is deprecated. Deprecated in Java.
w: file:///app/app/src/main/java/org/oxycblt/auxio/playback/service/ExoPlaybackStateHolder.kt:29:8 'class AudioAttributesCompat : Any, VersionedParcelable' is deprecated. Deprecated in Java.
w: file:///app/app/src/main/java/org/oxycblt/auxio/playback/service/ExoPlaybackStateHolder.kt:30:8 'class AudioFocusRequestCompat : Any' is deprecated. Deprecated in Java.
w: file:///app/app/src/main/java/org/oxycblt/auxio/playback/service/ExoPlaybackStateHolder.kt:31:8 'class AudioManagerCompat : Any' is deprecated. Deprecated in Java.
w: file:///app/app/src/main/java/org/oxycblt/auxio/playback/service/ExoPlaybackStateHolder.kt:113:31 'class AudioFocusRequestCompat : Any' is deprecated. Deprecated in Java.
w: file:///app/app/src/main/java/org/oxycblt/auxio/playback/service/ExoPlaybackStateHolder.kt:114:9 'class AudioFocusRequestCompat : Any' is deprecated. Deprecated in Java.
w: file:///app/app/src/main/java/org/oxycblt/auxio/playback/service/ExoPlaybackStateHolder.kt:114:33 'constructor(p0: Int): AudioFocusRequestCompat.Builder' is deprecated. Deprecated in Java.
w: file:///app/app/src/main/java/org/oxycblt/auxio/playback/service/ExoPlaybackStateHolder.kt:114:41 'class AudioManagerCompat : Any' is deprecated. Deprecated in Java.
w: file:///app/app/src/main/java/org/oxycblt/auxio/playback/service/ExoPlaybackStateHolder.kt:116:17 'class AudioAttributesCompat : Any, VersionedParcelable' is deprecated. Deprecated in Java.
w: file:///app/app/src/main/java/org/oxycblt/auxio/playback/service/ExoPlaybackStateHolder.kt:116:39 'constructor(): AudioAttributesCompat.Builder' is deprecated. Deprecated in Java.
w: file:///app/app/src/main/java/org/oxycblt/auxio/playback/service/ExoPlaybackStateHolder.kt:117:31 'class AudioAttributesCompat : Any, VersionedParcelable' is deprecated. Deprecated in Java.
w: file:///app/app/src/main/java/org/oxycblt/auxio/playback/service/ExoPlaybackStateHolder.kt:118:37 'class AudioAttributesCompat : Any, VersionedParcelable' is deprecated. Deprecated in Java.
w: file:///app/app/src/main/java/org/oxycblt/auxio/playback/service/ExoPlaybackStateHolder.kt:725:22 'class AudioManagerCompat : Any' is deprecated. Deprecated in Java.
w: file:///app/app/src/main/java/org/oxycblt/auxio/playback/service/ExoPlaybackStateHolder.kt:732:9 'class AudioManagerCompat : Any' is deprecated. Deprecated in Java.
w: file:///app/app/src/main/java/org/oxycblt/auxio/playback/service/MediaSessionHolder.kt:26:8 'class MediaMetadataCompat : Any, Parcelable' is deprecated. Deprecated in Java.
w: file:///app/app/src/main/java/org/oxycblt/auxio/playback/service/MediaSessionHolder.kt:27:8 'class MediaSessionCompat : Any' is deprecated. Deprecated in Java.
w: file:///app/app/src/main/java/org/oxycblt/auxio/playback/service/MediaSessionHolder.kt:28:8 'class PlaybackStateCompat : Any, Parcelable' is deprecated. Deprecated in Java.
w: file:///app/app/src/main/java/org/oxycblt/auxio/playback/service/MediaSessionHolder.kt:32:8 'class NotificationCompat : Any' is deprecated. Deprecated in Java.
w: file:///app/app/src/main/java/org/oxycblt/auxio/playback/service/MediaSessionHolder.kt:33:8 'class MediaButtonReceiver : BroadcastReceiver' is deprecated. Deprecated in Java.
w: file:///app/app/src/main/java/org/oxycblt/auxio/playback/service/MediaSessionHolder.kt:98:32 'constructor(p0: Context, p1: String): MediaSessionCompat' is deprecated. Deprecated in Java.
w: file:///app/app/src/main/java/org/oxycblt/auxio/playback/service/MediaSessionHolder.kt:99:35 'class Token : Any, Parcelable' is deprecated. Deprecated in Java.
w: file:///app/app/src/main/java/org/oxycblt/auxio/playback/service/MediaSessionHolder.kt:119:9 'class MediaButtonReceiver : BroadcastReceiver' is deprecated. Deprecated in Java.
w: file:///app/app/src/main/java/org/oxycblt/auxio/playback/service/MediaSessionHolder.kt:169:17 'class PlaybackStateCompat : Any, Parcelable' is deprecated. Deprecated in Java.
w: file:///app/app/src/main/java/org/oxycblt/auxio/playback/service/MediaSessionHolder.kt:171:17 'class PlaybackStateCompat : Any, Parcelable' is deprecated. Deprecated in Java.
w: file:///app/app/src/main/java/org/oxycblt/auxio/playback/service/MediaSessionHolder.kt:218:36 'class PlaybackStateCompat : Any, Parcelable' is deprecated. Deprecated in Java.
w: file:///app/app/src/main/java/org/oxycblt/auxio/playback/service/MediaSessionHolder.kt:219:37 'class PlaybackStateCompat : Any, Parcelable' is deprecated. Deprecated in Java.
w: file:///app/app/src/main/java/org/oxycblt/auxio/playback/service/MediaSessionHolder.kt:220:35 'class PlaybackStateCompat : Any, Parcelable' is deprecated. Deprecated in Java.
w: file:///app/app/src/main/java/org/oxycblt/auxio/playback/service/MediaSessionHolder.kt:287:17 'class MediaMetadataCompat : Any, Parcelable' is deprecated. Deprecated in Java.
w: file:///app/app/src/main/java/org/oxycblt/auxio/playback/service/MediaSessionHolder.kt:287:37 'constructor(): MediaMetadataCompat.Builder' is deprecated. Deprecated in Java.
w: file:///app/app/src/main/java/org/oxycblt/auxio/playback/service/MediaSessionHolder.kt:288:30 'class MediaMetadataCompat : Any, Parcelable' is deprecated. Deprecated in Java.
w: file:///app/app/src/main/java/org/oxycblt/auxio/playback/service/MediaSessionHolder.kt:289:30 'class MediaMetadataCompat : Any, Parcelable' is deprecated. Deprecated in Java.
w: file:///app/app/src/main/java/org/oxycblt/auxio/playback/service/MediaSessionHolder.kt:290:30 'class MediaMetadataCompat : Any, Parcelable' is deprecated. Deprecated in Java.
w: file:///app/app/src/main/java/org/oxycblt/auxio/playback/service/MediaSessionHolder.kt:292:25 'class MediaMetadataCompat : Any, Parcelable' is deprecated. Deprecated in Java.
w: file:///app/app/src/main/java/org/oxycblt/auxio/playback/service/MediaSessionHolder.kt:295:30 'class MediaMetadataCompat : Any, Parcelable' is deprecated. Deprecated in Java.
w: file:///app/app/src/main/java/org/oxycblt/auxio/playback/service/MediaSessionHolder.kt:296:30 'class MediaMetadataCompat : Any, Parcelable' is deprecated. Deprecated in Java.
w: file:///app/app/src/main/java/org/oxycblt/auxio/playback/service/MediaSessionHolder.kt:297:30 'class MediaMetadataCompat : Any, Parcelable' is deprecated. Deprecated in Java.
w: file:///app/app/src/main/java/org/oxycblt/auxio/playback/service/MediaSessionHolder.kt:299:25 'class MediaMetadataCompat : Any, Parcelable' is deprecated. Deprecated in Java.
w: file:///app/app/src/main/java/org/oxycblt/auxio/playback/service/MediaSessionHolder.kt:303:25 'class MediaMetadataCompat : Any, Parcelable' is deprecated. Deprecated in Java.
w: file:///app/app/src/main/java/org/oxycblt/auxio/playback/service/MediaSessionHolder.kt:307:25 'class MediaMetadataCompat : Any, Parcelable' is deprecated. Deprecated in Java.
w: file:///app/app/src/main/java/org/oxycblt/auxio/playback/service/MediaSessionHolder.kt:311:25 'class MediaMetadataCompat : Any, Parcelable' is deprecated. Deprecated in Java.
w: file:///app/app/src/main/java/org/oxycblt/auxio/playback/service/MediaSessionHolder.kt:314:32 'class MediaMetadataCompat : Any, Parcelable' is deprecated. Deprecated in Java.
w: file:///app/app/src/main/java/org/oxycblt/auxio/playback/service/MediaSessionHolder.kt:316:25 'class MediaMetadataCompat : Any, Parcelable' is deprecated. Deprecated in Java.
w: file:///app/app/src/main/java/org/oxycblt/auxio/playback/service/MediaSessionHolder.kt:319:30 'class MediaMetadataCompat : Any, Parcelable' is deprecated. Deprecated in Java.
w: file:///app/app/src/main/java/org/oxycblt/auxio/playback/service/MediaSessionHolder.kt:336:33 'class MediaMetadataCompat : Any, Parcelable' is deprecated. Deprecated in Java.
w: file:///app/app/src/main/java/org/oxycblt/auxio/playback/service/MediaSessionHolder.kt:340:33 'class MediaMetadataCompat : Any, Parcelable' is deprecated. Deprecated in Java.
w: file:///app/app/src/main/java/org/oxycblt/auxio/playback/service/MediaSessionHolder.kt:344:35 'class MediaMetadataCompat : Any, Parcelable' is deprecated. Deprecated in Java.
w: file:///app/app/src/main/java/org/oxycblt/auxio/playback/service/MediaSessionHolder.kt:345:33 'class MediaMetadataCompat : Any, Parcelable' is deprecated. Deprecated in Java.
w: file:///app/app/src/main/java/org/oxycblt/auxio/playback/service/MediaSessionHolder.kt:375:47 'class MediaMetadataCompat : Any, Parcelable' is deprecated. Deprecated in Java.
w: file:///app/app/src/main/java/org/oxycblt/auxio/playback/service/MediaSessionHolder.kt:376:47 'class MediaMetadataCompat : Any, Parcelable' is deprecated. Deprecated in Java.
w: file:///app/app/src/main/java/org/oxycblt/auxio/playback/service/MediaSessionHolder.kt:381:33 'class MediaMetadataCompat : Any, Parcelable' is deprecated. Deprecated in Java.
w: file:///app/app/src/main/java/org/oxycblt/auxio/playback/service/MediaSessionHolder.kt:385:33 'class MediaMetadataCompat : Any, Parcelable' is deprecated. Deprecated in Java.
w: file:///app/app/src/main/java/org/oxycblt/auxio/playback/service/MediaSessionHolder.kt:389:33 'class MediaMetadataCompat : Any, Parcelable' is deprecated. Deprecated in Java.
w: file:///app/app/src/main/java/org/oxycblt/auxio/playback/service/MediaSessionHolder.kt:429:17 'class MediaMetadataCompat : Any, Parcelable' is deprecated. Deprecated in Java.
w: file:///app/app/src/main/java/org/oxycblt/auxio/playback/service/MediaSessionHolder.kt:429:37 'constructor(): MediaMetadataCompat.Builder' is deprecated. Deprecated in Java.
w: file:///app/app/src/main/java/org/oxycblt/auxio/playback/service/MediaSessionHolder.kt:430:30 'class MediaMetadataCompat : Any, Parcelable' is deprecated. Deprecated in Java.
w: file:///app/app/src/main/java/org/oxycblt/auxio/playback/service/MediaSessionHolder.kt:431:30 'class MediaMetadataCompat : Any, Parcelable' is deprecated. Deprecated in Java.
w: file:///app/app/src/main/java/org/oxycblt/auxio/playback/service/MediaSessionHolder.kt:432:30 'class MediaMetadataCompat : Any, Parcelable' is deprecated. Deprecated in Java.
w: file:///app/app/src/main/java/org/oxycblt/auxio/playback/service/MediaSessionHolder.kt:434:25 'class MediaMetadataCompat : Any, Parcelable' is deprecated. Deprecated in Java.
w: file:///app/app/src/main/java/org/oxycblt/auxio/playback/service/MediaSessionHolder.kt:437:30 'class MediaMetadataCompat : Any, Parcelable' is deprecated. Deprecated in Java.
w: file:///app/app/src/main/java/org/oxycblt/auxio/playback/service/MediaSessionHolder.kt:439:25 'class MediaMetadataCompat : Any, Parcelable' is deprecated. Deprecated in Java.
w: file:///app/app/src/main/java/org/oxycblt/auxio/playback/service/MediaSessionHolder.kt:443:25 'class MediaMetadataCompat : Any, Parcelable' is deprecated. Deprecated in Java.
w: file:///app/app/src/main/java/org/oxycblt/auxio/playback/service/MediaSessionHolder.kt:447:25 'class MediaMetadataCompat : Any, Parcelable' is deprecated. Deprecated in Java.
w: file:///app/app/src/main/java/org/oxycblt/auxio/playback/service/MediaSessionHolder.kt:450:32 'class MediaMetadataCompat : Any, Parcelable' is deprecated. Deprecated in Java.
w: file:///app/app/src/main/java/org/oxycblt/auxio/playback/service/MediaSessionHolder.kt:452:25 'class MediaMetadataCompat : Any, Parcelable' is deprecated. Deprecated in Java.
w: file:///app/app/src/main/java/org/oxycblt/auxio/playback/service/MediaSessionHolder.kt:455:30 'class MediaMetadataCompat : Any, Parcelable' is deprecated. Deprecated in Java.
w: file:///app/app/src/main/java/org/oxycblt/auxio/playback/service/MediaSessionHolder.kt:488:21 'class MediaSessionCompat : Any' is deprecated. Deprecated in Java.
w: file:///app/app/src/main/java/org/oxycblt/auxio/playback/service/MediaSessionHolder.kt:488:40 'constructor(p0: MediaDescriptionCompat!, p1: Long): MediaSessionCompat.QueueItem' is deprecated. Deprecated in Java.
w: file:///app/app/src/main/java/org/oxycblt/auxio/playback/service/MediaSessionHolder.kt:502:36 'class PlaybackStateCompat : Any, Parcelable' is deprecated. Deprecated in Java.
w: file:///app/app/src/main/java/org/oxycblt/auxio/playback/service/MediaSessionHolder.kt:502:56 'constructor(): PlaybackStateCompat.Builder' is deprecated. Deprecated in Java.
w: file:///app/app/src/main/java/org/oxycblt/auxio/playback/service/MediaSessionHolder.kt:511:13 'class PlaybackStateCompat : Any, Parcelable' is deprecated. Deprecated in Java.
w: file:///app/app/src/main/java/org/oxycblt/auxio/playback/service/MediaSessionHolder.kt:511:33 'class CustomAction : Any, Parcelable' is deprecated. Deprecated in Java.
w: file:///app/app/src/main/java/org/oxycblt/auxio/playback/service/MediaSessionHolder.kt:521:13 'class PlaybackStateCompat : Any, Parcelable' is deprecated. Deprecated in Java.
w: file:///app/app/src/main/java/org/oxycblt/auxio/playback/service/MediaSessionHolder.kt:521:33 'class CustomAction : Any, Parcelable' is deprecated. Deprecated in Java.
w: file:///app/app/src/main/java/org/oxycblt/auxio/playback/service/MediaSessionHolder.kt:588:37 'class MediaMetadataCompat : Any, Parcelable' is deprecated. Deprecated in Java.
w: file:///app/app/src/main/java/org/oxycblt/auxio/playback/service/MediaSessionHolder.kt:588:57 'constructor(): MediaMetadataCompat.Builder' is deprecated. Deprecated in Java.
w: file:///app/app/src/main/java/org/oxycblt/auxio/playback/service/MediaSessionHolder.kt:601:38 'class Token : Any, Parcelable' is deprecated. Deprecated in Java.
w: file:///app/app/src/main/java/org/oxycblt/auxio/playback/service/MediaSessionHolder.kt:632:13 'constructor(p0: NotificationCompat.Builder!): NotificationCompat.MediaStyle' is deprecated. Deprecated in Java.
w: file:///app/app/src/main/java/org/oxycblt/auxio/playback/service/MediaSessionHolder.kt:646:34 'class MediaMetadataCompat : Any, Parcelable' is deprecated. Deprecated in Java.
w: file:///app/app/src/main/java/org/oxycblt/auxio/playback/service/MediaSessionHolder.kt:650:36 'class MediaMetadataCompat : Any, Parcelable' is deprecated. Deprecated in Java.
w: file:///app/app/src/main/java/org/oxycblt/auxio/playback/service/MediaSessionHolder.kt:660:32 'class MediaMetadataCompat : Any, Parcelable' is deprecated. Deprecated in Java.
w: file:///app/app/src/main/java/org/oxycblt/auxio/playback/service/MediaSessionHolder.kt:665:30 'class MediaMetadataCompat : Any, Parcelable' is deprecated. Deprecated in Java.
w: file:///app/app/src/main/java/org/oxycblt/auxio/playback/service/MediaSessionHolder.kt:670:30 'class MediaMetadataCompat : Any, Parcelable' is deprecated. Deprecated in Java.
w: file:///app/app/src/main/java/org/oxycblt/auxio/playback/service/MediaSessionInterface.kt:25:8 'class MediaDescriptionCompat : Any, Parcelable' is deprecated. Deprecated in Java.
w: file:///app/app/src/main/java/org/oxycblt/auxio/playback/service/MediaSessionInterface.kt:26:8 'class MediaSessionCompat : Any' is deprecated. Deprecated in Java.
w: file:///app/app/src/main/java/org/oxycblt/auxio/playback/service/MediaSessionInterface.kt:27:8 'class PlaybackStateCompat : Any, Parcelable' is deprecated. Deprecated in Java.
w: file:///app/app/src/main/java/org/oxycblt/auxio/playback/service/MediaSessionInterface.kt:57:24 'class Callback : Any' is deprecated. Deprecated in Java.
w: file:///app/app/src/main/java/org/oxycblt/auxio/playback/service/MediaSessionInterface.kt:98:46 'class MediaDescriptionCompat : Any, Parcelable' is deprecated. Deprecated in Java.
w: file:///app/app/src/main/java/org/oxycblt/auxio/playback/service/MediaSessionInterface.kt:111:49 'class MediaDescriptionCompat : Any, Parcelable' is deprecated. Deprecated in Java.
w: file:///app/app/src/main/java/org/oxycblt/auxio/playback/service/MediaSessionInterface.kt:167:17 'class PlaybackStateCompat : Any, Parcelable' is deprecated. Deprecated in Java.
w: file:///app/app/src/main/java/org/oxycblt/auxio/playback/service/MediaSessionInterface.kt:168:17 'class PlaybackStateCompat : Any, Parcelable' is deprecated. Deprecated in Java.
w: file:///app/app/src/main/java/org/oxycblt/auxio/playback/service/MediaSessionInterface.kt:169:17 'class PlaybackStateCompat : Any, Parcelable' is deprecated. Deprecated in Java.
w: file:///app/app/src/main/java/org/oxycblt/auxio/playback/service/MediaSessionInterface.kt:177:28 'class PlaybackStateCompat : Any, Parcelable' is deprecated. Deprecated in Java.
w: file:///app/app/src/main/java/org/oxycblt/auxio/playback/service/MediaSessionInterface.kt:178:32 'class PlaybackStateCompat : Any, Parcelable' is deprecated. Deprecated in Java.
w: file:///app/app/src/main/java/org/oxycblt/auxio/playback/service/MediaSessionInterface.kt:303:13 'class PlaybackStateCompat : Any, Parcelable' is deprecated. Deprecated in Java.
w: file:///app/app/src/main/java/org/oxycblt/auxio/playback/service/MediaSessionInterface.kt:304:17 'class PlaybackStateCompat : Any, Parcelable' is deprecated. Deprecated in Java.
w: file:///app/app/src/main/java/org/oxycblt/auxio/playback/service/MediaSessionInterface.kt:305:17 'class PlaybackStateCompat : Any, Parcelable' is deprecated. Deprecated in Java.
w: file:///app/app/src/main/java/org/oxycblt/auxio/playback/service/MediaSessionInterface.kt:306:17 'class PlaybackStateCompat : Any, Parcelable' is deprecated. Deprecated in Java.
w: file:///app/app/src/main/java/org/oxycblt/auxio/playback/service/MediaSessionInterface.kt:307:17 'class PlaybackStateCompat : Any, Parcelable' is deprecated. Deprecated in Java.
w: file:///app/app/src/main/java/org/oxycblt/auxio/playback/service/MediaSessionInterface.kt:308:17 'class PlaybackStateCompat : Any, Parcelable' is deprecated. Deprecated in Java.
w: file:///app/app/src/main/java/org/oxycblt/auxio/playback/service/MediaSessionInterface.kt:309:17 'class PlaybackStateCompat : Any, Parcelable' is deprecated. Deprecated in Java.
w: file:///app/app/src/main/java/org/oxycblt/auxio/playback/service/MediaSessionInterface.kt:310:17 'class PlaybackStateCompat : Any, Parcelable' is deprecated. Deprecated in Java.
w: file:///app/app/src/main/java/org/oxycblt/auxio/playback/service/MediaSessionInterface.kt:311:17 'class PlaybackStateCompat : Any, Parcelable' is deprecated. Deprecated in Java.
w: file:///app/app/src/main/java/org/oxycblt/auxio/playback/service/MediaSessionInterface.kt:312:17 'class PlaybackStateCompat : Any, Parcelable' is deprecated. Deprecated in Java.
w: file:///app/app/src/main/java/org/oxycblt/auxio/playback/service/MediaSessionInterface.kt:313:17 'class PlaybackStateCompat : Any, Parcelable' is deprecated. Deprecated in Java.
w: file:///app/app/src/main/java/org/oxycblt/auxio/playback/service/MediaSessionInterface.kt:314:17 'class PlaybackStateCompat : Any, Parcelable' is deprecated. Deprecated in Java.
w: file:///app/app/src/main/java/org/oxycblt/auxio/playback/service/MediaSessionInterface.kt:315:17 'class PlaybackStateCompat : Any, Parcelable' is deprecated. Deprecated in Java.
w: file:///app/app/src/main/java/org/oxycblt/auxio/playback/service/PlaybackServiceFragment.kt:23:8 'class MediaSessionCompat : Any' is deprecated. Deprecated in Java.
w: file:///app/app/src/main/java/org/oxycblt/auxio/playback/service/PlaybackServiceFragment.kt:127:38 'class Token : Any, Parcelable' is deprecated. Deprecated in Java.
w: file:///app/app/src/main/java/org/oxycblt/auxio/playback/state/PlaybackStateHolder.kt:23:8 'class PlaybackStateCompat : Any, Parcelable' is deprecated. Deprecated in Java.
w: file:///app/app/src/main/java/org/oxycblt/auxio/playback/state/PlaybackStateHolder.kt:363:56 'class Builder : Any' is deprecated. Deprecated in Java.
w: file:///app/app/src/main/java/org/oxycblt/auxio/playback/state/PlaybackStateHolder.kt:363:86 'class Builder : Any' is deprecated. Deprecated in Java.
w: file:///app/app/src/main/java/org/oxycblt/auxio/playback/state/PlaybackStateHolder.kt:368:17 'class PlaybackStateCompat : Any, Parcelable' is deprecated. Deprecated in Java.
w: file:///app/app/src/main/java/org/oxycblt/auxio/playback/state/PlaybackStateHolder.kt:370:17 'class PlaybackStateCompat : Any, Parcelable' is deprecated. Deprecated in Java.
w: file:///app/app/src/main/java/org/oxycblt/auxio/ui/SquareMaskableFrameLayout.kt:57:23 'fun getPathForSize(p0: Int, p1: Int, p2: Path): Unit' is deprecated. Deprecated in Java.

> Task :app:compileStandardDebugJavaWithJavac
Note: Some input files use or override a deprecated API.
Note: Recompile with -Xlint:deprecation for details.

> Task :app:hiltSyncStandardDebug
> Task :app:hiltAggregateDepsStandardDebug
> Task :app:processStandardDebugJavaRes
> Task :app:hiltJavaCompileStandardDebug
> Task :app:bundleStandardDebugClassesToCompileJar
> Task :app:kspStandardDebugUnitTestKotlin UP-TO-DATE
> Task :app:transformStandardDebugClassesWithAsm
> Task :app:bundleStandardDebugClassesToRuntimeJar
> Task :app:compileStandardDebugUnitTestKotlin
> Task :app:compileStandardDebugUnitTestJavaWithJavac NO-SOURCE
> Task :app:processStandardDebugUnitTestJavaRes
> Task :app:hiltSyncStandardDebugUnitTest
> Task :app:hiltAggregateDepsStandardDebugUnitTest
> Task :app:hiltJavaCompileStandardDebugUnitTest NO-SOURCE
> Task :app:transformStandardDebugUnitTestClassesWithAsm
> Task :app:testStandardDebugUnitTest
> Task :app:finalizeTestRoborazziStandardDebug SKIPPED

[Incubating] Problems report is available at: file:///app/build/reports/problems/problems-report.html

Deprecated Gradle features were used in this build, making it incompatible with Gradle 10.

You can use '--warning-mode all' to show the individual deprecation warnings and determine if they come from your own scripts or plugins.

For more on this, please refer to https://docs.gradle.org/9.5.1/userguide/command_line_interface.html#sec:command_line_warnings in the Gradle documentation.

BUILD SUCCESSFUL in 5m 53s
197 actionable tasks: 195 executed, 2 up-to-date
Consider enabling configuration cache to speed up this build: https://docs.gradle.org/9.5.1/userguide/configuration_cache_enabling.html
