[INFO] Running Gradle command:
  ./gradlew  --no-daemon  --stacktrace  --console=plain  --build-cache  --warning-mode  summary  :musikr:compileDebugKotlin  :app:compileStandardDebugKotlin  :app:testStandardDebugUnitTest  :musikr:testDebugUnitTest  :app:lintStandardDebug  :app:assembleStandardDebug  --stacktrace
To honour the JVM settings for this build a single-use Daemon process will be forked. For more on this, please refer to https://docs.gradle.org/9.5.1/userguide/gradle_daemon.html#sec:disabling_the_daemon in the Gradle documentation.
Daemon will be stopped at the end of the build 

> Task :musikr:assembleTaglib
Working directory is at /home/runner/work/Auxio-TS/Auxio-TS/musikr/src/main/cpp
Taglib source is at /home/runner/work/Auxio-TS/Auxio-TS/musikr/src/main/cpp/taglib
Taglib build is at /home/runner/work/Auxio-TS/Auxio-TS/musikr/src/main/cpp/taglib/build
Taglib package is at /home/runner/work/Auxio-TS/Auxio-TS/musikr/src/main/cpp/taglib/pkg
NDK toolchain is at /home/runner/work/Auxio-TS/Auxio-TS/musikr/src/main/cpp/android.toolchain.cmake
NDK path is at /usr/local/lib/android/sdk/ndk/28.2.13676358
-- Android: Targeting API '21' with architecture 'x86', ABI 'x86', and processor 'i686'
-- Android: Selected unified Clang toolchain
-- The C compiler identification is Clang 19.0.1
-- The CXX compiler identification is Clang 19.0.1
-- Detecting C compiler ABI info
-- Detecting C compiler ABI info - done
-- Check for working C compiler: /usr/local/lib/android/sdk/ndk/28.2.13676358/toolchains/llvm/prebuilt/linux-x86_64/bin/clang - skipped
-- Detecting C compile features
-- Detecting C compile features - done
-- Detecting CXX compiler ABI info
[INFO] Gradle still running: 0m 30s elapsed; no output for 0s
-- Detecting CXX compiler ABI info - done
-- Check for working CXX compiler: /usr/local/lib/android/sdk/ndk/28.2.13676358/toolchains/llvm/prebuilt/linux-x86_64/bin/clang++ - skipped
-- Detecting CXX compile features
-- Detecting CXX compile features - done
-- Looking for sys/types.h
-- Looking for sys/types.h - found
-- Looking for stdint.h
-- Looking for stdint.h - found
-- Looking for stddef.h
-- Looking for stddef.h - found
-- Check size of short
-- Check size of short - done
-- Check size of int
-- Check size of int - done
-- Check size of long long
-- Check size of long long - done
-- Check size of wchar_t
-- Check size of wchar_t - done
-- Check size of float
-- Check size of float - done
-- Check size of double
-- Check size of double - done
-- Performing Test HAVE_GCC_BYTESWAP
-- Performing Test HAVE_GCC_BYTESWAP - Success
-- Performing Test HAVE_ISO_STRDUP
-- Performing Test HAVE_ISO_STRDUP - Failed
-- Could NOT find utf8cpp (missing: utf8cpp_INCLUDE_DIR) 
-- Using utfcpp from /home/runner/work/Auxio-TS/Auxio-TS/musikr/src/main/cpp/taglib/3rdparty/utfcpp
-- 
-- Configuring done (9.7s)
-- Generating done (0.1s)
-- Build files have been written to: /home/runner/work/Auxio-TS/Auxio-TS/musikr/src/main/cpp/taglib/build/x86
[  0%] Building CXX object taglib/CMakeFiles/tag.dir/mpeg/mpegfile.cpp.o
[  1%] Building CXX object taglib/CMakeFiles/tag.dir/mpeg/mpegproperties.cpp.o
[  2%] Building CXX object taglib/CMakeFiles/tag.dir/mpeg/mpegheader.cpp.o
[  3%] Building CXX object taglib/CMakeFiles/tag.dir/mpeg/xingheader.cpp.o
[  4%] Building CXX object taglib/CMakeFiles/tag.dir/mpeg/id3v1/id3v1tag.cpp.o
[  5%] Building CXX object taglib/CMakeFiles/tag.dir/mpeg/id3v1/id3v1genres.cpp.o
[  5%] Building CXX object taglib/CMakeFiles/tag.dir/mpeg/id3v2/id3v2framefactory.cpp.o
[  6%] Building CXX object taglib/CMakeFiles/tag.dir/mpeg/id3v2/id3v2synchdata.cpp.o
[  7%] Building CXX object taglib/CMakeFiles/tag.dir/mpeg/id3v2/id3v2tag.cpp.o
[  8%] Building CXX object taglib/CMakeFiles/tag.dir/mpeg/id3v2/id3v2header.cpp.o
[  9%] Building CXX object taglib/CMakeFiles/tag.dir/mpeg/id3v2/id3v2frame.cpp.o
[ 10%] Building CXX object taglib/CMakeFiles/tag.dir/mpeg/id3v2/id3v2footer.cpp.o
[ 11%] Building CXX object taglib/CMakeFiles/tag.dir/mpeg/id3v2/id3v2extendedheader.cpp.o
[ 11%] Building CXX object taglib/CMakeFiles/tag.dir/mpeg/id3v2/frames/attachedpictureframe.cpp.o
[ 12%] Building CXX object taglib/CMakeFiles/tag.dir/mpeg/id3v2/frames/commentsframe.cpp.o
[ 13%] Building CXX object taglib/CMakeFiles/tag.dir/mpeg/id3v2/frames/eventtimingcodesframe.cpp.o
[ 14%] Building CXX object taglib/CMakeFiles/tag.dir/mpeg/id3v2/frames/generalencapsulatedobjectframe.cpp.o
[ 15%] Building CXX object taglib/CMakeFiles/tag.dir/mpeg/id3v2/frames/ownershipframe.cpp.o
[ 16%] Building CXX object taglib/CMakeFiles/tag.dir/mpeg/id3v2/frames/popularimeterframe.cpp.o
[ 16%] Building CXX object taglib/CMakeFiles/tag.dir/mpeg/id3v2/frames/privateframe.cpp.o
[ 17%] Building CXX object taglib/CMakeFiles/tag.dir/mpeg/id3v2/frames/relativevolumeframe.cpp.o
[ 18%] Building CXX object taglib/CMakeFiles/tag.dir/mpeg/id3v2/frames/synchronizedlyricsframe.cpp.o
[ 19%] Building CXX object taglib/CMakeFiles/tag.dir/mpeg/id3v2/frames/textidentificationframe.cpp.o
[ 20%] Building CXX object taglib/CMakeFiles/tag.dir/mpeg/id3v2/frames/uniquefileidentifierframe.cpp.o
[ 21%] Building CXX object taglib/CMakeFiles/tag.dir/mpeg/id3v2/frames/unknownframe.cpp.o
[ 22%] Building CXX object taglib/CMakeFiles/tag.dir/mpeg/id3v2/frames/unsynchronizedlyricsframe.cpp.o
[ 22%] Building CXX object taglib/CMakeFiles/tag.dir/mpeg/id3v2/frames/urllinkframe.cpp.o
[ 23%] Building CXX object taglib/CMakeFiles/tag.dir/mpeg/id3v2/frames/chapterframe.cpp.o
[ 24%] Building CXX object taglib/CMakeFiles/tag.dir/mpeg/id3v2/frames/tableofcontentsframe.cpp.o
[ 25%] Building CXX object taglib/CMakeFiles/tag.dir/mpeg/id3v2/frames/podcastframe.cpp.o
[ 26%] Building CXX object taglib/CMakeFiles/tag.dir/ogg/oggfile.cpp.o
[ 27%] Building CXX object taglib/CMakeFiles/tag.dir/ogg/oggpage.cpp.o
[ 27%] Building CXX object taglib/CMakeFiles/tag.dir/ogg/oggpageheader.cpp.o
[ 28%] Building CXX object taglib/CMakeFiles/tag.dir/ogg/xiphcomment.cpp.o
[ 29%] Building CXX object taglib/CMakeFiles/tag.dir/ogg/vorbis/vorbisfile.cpp.o
[ 30%] Building CXX object taglib/CMakeFiles/tag.dir/ogg/vorbis/vorbisproperties.cpp.o
[ 31%] Building CXX object taglib/CMakeFiles/tag.dir/ogg/flac/oggflacfile.cpp.o
[ 32%] Building CXX object taglib/CMakeFiles/tag.dir/toolkit/tstring.cpp.o
[ 33%] Building CXX object taglib/CMakeFiles/tag.dir/toolkit/tstringlist.cpp.o
[ 33%] Building CXX object taglib/CMakeFiles/tag.dir/toolkit/tbytevector.cpp.o
[ 34%] Building CXX object taglib/CMakeFiles/tag.dir/toolkit/tbytevectorlist.cpp.o
[ 35%] Building CXX object taglib/CMakeFiles/tag.dir/toolkit/tvariant.cpp.o
[ 36%] Building CXX object taglib/CMakeFiles/tag.dir/toolkit/tbytevectorstream.cpp.o
[ 37%] Building CXX object taglib/CMakeFiles/tag.dir/toolkit/tiostream.cpp.o
[ 38%] Building CXX object taglib/CMakeFiles/tag.dir/toolkit/tfile.cpp.o
[ 38%] Building CXX object taglib/CMakeFiles/tag.dir/toolkit/tfilestream.cpp.o
[ 39%] Building CXX object taglib/CMakeFiles/tag.dir/toolkit/tdebug.cpp.o
[ 40%] Building CXX object taglib/CMakeFiles/tag.dir/toolkit/tpicturetype.cpp.o
[ 41%] Building CXX object taglib/CMakeFiles/tag.dir/toolkit/tpropertymap.cpp.o
[ 42%] Building CXX object taglib/CMakeFiles/tag.dir/toolkit/tdebuglistener.cpp.o
[ 43%] Building CXX object taglib/CMakeFiles/tag.dir/toolkit/tzlib.cpp.o
[ 44%] Building CXX object taglib/CMakeFiles/tag.dir/toolkit/tversionnumber.cpp.o
[ 44%] Building CXX object taglib/CMakeFiles/tag.dir/flac/flacfile.cpp.o
[ 45%] Building CXX object taglib/CMakeFiles/tag.dir/flac/flacpicture.cpp.o
[ 46%] Building CXX object taglib/CMakeFiles/tag.dir/flac/flacproperties.cpp.o
[ 47%] Building CXX object taglib/CMakeFiles/tag.dir/flac/flacmetadatablock.cpp.o
[ 48%] Building CXX object taglib/CMakeFiles/tag.dir/flac/flacunknownmetadatablock.cpp.o
[ 49%] Building CXX object taglib/CMakeFiles/tag.dir/ogg/speex/speexfile.cpp.o
[ 50%] Building CXX object taglib/CMakeFiles/tag.dir/ogg/speex/speexproperties.cpp.o
[ 50%] Building CXX object taglib/CMakeFiles/tag.dir/riff/rifffile.cpp.o
[ 51%] Building CXX object taglib/CMakeFiles/tag.dir/riff/aiff/aifffile.cpp.o
[ 52%] Building CXX object taglib/CMakeFiles/tag.dir/riff/aiff/aiffproperties.cpp.o
[ 53%] Building CXX object taglib/CMakeFiles/tag.dir/riff/wav/wavfile.cpp.o
[ 54%] Building CXX object taglib/CMakeFiles/tag.dir/riff/wav/wavproperties.cpp.o
[ 55%] Building CXX object taglib/CMakeFiles/tag.dir/riff/wav/infotag.cpp.o
[ 55%] Building CXX object taglib/CMakeFiles/tag.dir/mp4/mp4file.cpp.o
[ 56%] Building CXX object taglib/CMakeFiles/tag.dir/mp4/mp4atom.cpp.o
[ 57%] Building CXX object taglib/CMakeFiles/tag.dir/mp4/mp4tag.cpp.o
[ 58%] Building CXX object taglib/CMakeFiles/tag.dir/mp4/mp4item.cpp.o
[ 59%] Building CXX object taglib/CMakeFiles/tag.dir/mp4/mp4properties.cpp.o
[ 60%] Building CXX object taglib/CMakeFiles/tag.dir/mp4/mp4coverart.cpp.o
[ 61%] Building CXX object taglib/CMakeFiles/tag.dir/mp4/mp4stem.cpp.o
[ 61%] Building CXX object taglib/CMakeFiles/tag.dir/mp4/mp4itemfactory.cpp.o
[ 62%] Building CXX object taglib/CMakeFiles/tag.dir/mp4/mp4chapter.cpp.o
[ 63%] Building CXX object taglib/CMakeFiles/tag.dir/mp4/mp4nerochapterlist.cpp.o
[ 64%] Building CXX object taglib/CMakeFiles/tag.dir/mp4/mp4qtchapterlist.cpp.o
[ 65%] Building CXX object taglib/CMakeFiles/tag.dir/ogg/opus/opusfile.cpp.o
[ 66%] Building CXX object taglib/CMakeFiles/tag.dir/ogg/opus/opusproperties.cpp.o
[ 66%] Building CXX object taglib/CMakeFiles/tag.dir/dsf/dsffile.cpp.o
[ 67%] Building CXX object taglib/CMakeFiles/tag.dir/dsf/dsfproperties.cpp.o
[ 68%] Building CXX object taglib/CMakeFiles/tag.dir/dsdiff/dsdifffile.cpp.o
[ 69%] Building CXX object taglib/CMakeFiles/tag.dir/dsdiff/dsdiffproperties.cpp.o
[ 70%] Building CXX object taglib/CMakeFiles/tag.dir/dsdiff/dsdiffdiintag.cpp.o
[ 71%] Building CXX object taglib/CMakeFiles/tag.dir/matroska/matroskaattachedfile.cpp.o
[ 72%] Building CXX object taglib/CMakeFiles/tag.dir/matroska/matroskaattachments.cpp.o
[ 72%] Building CXX object taglib/CMakeFiles/tag.dir/matroska/matroskachapter.cpp.o
[ 73%] Building CXX object taglib/CMakeFiles/tag.dir/matroska/matroskachapteredition.cpp.o
[ 74%] Building CXX object taglib/CMakeFiles/tag.dir/matroska/matroskachapters.cpp.o
[ 75%] Building CXX object taglib/CMakeFiles/tag.dir/matroska/matroskacues.cpp.o
[INFO] Gradle still running: 1m 00s elapsed; no output for 0s
[ 76%] Building CXX object taglib/CMakeFiles/tag.dir/matroska/matroskaelement.cpp.o
[ 77%] Building CXX object taglib/CMakeFiles/tag.dir/matroska/matroskafile.cpp.o
[ 77%] Building CXX object taglib/CMakeFiles/tag.dir/matroska/matroskaproperties.cpp.o
[ 78%] Building CXX object taglib/CMakeFiles/tag.dir/matroska/matroskaseekhead.cpp.o
[ 79%] Building CXX object taglib/CMakeFiles/tag.dir/matroska/matroskasegment.cpp.o
[ 80%] Building CXX object taglib/CMakeFiles/tag.dir/matroska/matroskasimpletag.cpp.o
[ 81%] Building CXX object taglib/CMakeFiles/tag.dir/matroska/matroskatag.cpp.o
[ 82%] Building CXX object taglib/CMakeFiles/tag.dir/matroska/ebml/ebmlbinaryelement.cpp.o
[ 83%] Building CXX object taglib/CMakeFiles/tag.dir/matroska/ebml/ebmlelement.cpp.o
[ 83%] Building CXX object taglib/CMakeFiles/tag.dir/matroska/ebml/ebmlmasterelement.cpp.o
[ 84%] Building CXX object taglib/CMakeFiles/tag.dir/matroska/ebml/ebmlmkattachments.cpp.o
[ 85%] Building CXX object taglib/CMakeFiles/tag.dir/matroska/ebml/ebmlmkchapters.cpp.o
[ 86%] Building CXX object taglib/CMakeFiles/tag.dir/matroska/ebml/ebmlmkcues.cpp.o
[ 87%] Building CXX object taglib/CMakeFiles/tag.dir/matroska/ebml/ebmlmkseekhead.cpp.o
[ 88%] Building CXX object taglib/CMakeFiles/tag.dir/matroska/ebml/ebmlmksegment.cpp.o
[ 88%] Building CXX object taglib/CMakeFiles/tag.dir/matroska/ebml/ebmlmkinfo.cpp.o
[ 89%] Building CXX object taglib/CMakeFiles/tag.dir/matroska/ebml/ebmlmktracks.cpp.o
[ 90%] Building CXX object taglib/CMakeFiles/tag.dir/matroska/ebml/ebmlmktags.cpp.o
[ 91%] Building CXX object taglib/CMakeFiles/tag.dir/matroska/ebml/ebmlstringelement.cpp.o
[ 92%] Building CXX object taglib/CMakeFiles/tag.dir/matroska/ebml/ebmluintelement.cpp.o
[ 93%] Building CXX object taglib/CMakeFiles/tag.dir/matroska/ebml/ebmlfloatelement.cpp.o
[ 94%] Building CXX object taglib/CMakeFiles/tag.dir/matroska/ebml/ebmlutils.cpp.o
[ 94%] Building CXX object taglib/CMakeFiles/tag.dir/matroska/ebml/ebmlvoidelement.cpp.o
[ 95%] Building CXX object taglib/CMakeFiles/tag.dir/tag.cpp.o
[ 96%] Building CXX object taglib/CMakeFiles/tag.dir/tagunion.cpp.o
[ 97%] Building CXX object taglib/CMakeFiles/tag.dir/fileref.cpp.o
[ 98%] Building CXX object taglib/CMakeFiles/tag.dir/audioproperties.cpp.o
[ 99%] Building CXX object taglib/CMakeFiles/tag.dir/tagutils.cpp.o
[100%] Linking CXX static library libtag.a
[100%] Built target tag
-- Installing: /home/runner/work/Auxio-TS/Auxio-TS/musikr/src/main/cpp/taglib/pkg/x86/bin/taglib-config
-- Installing: /home/runner/work/Auxio-TS/Auxio-TS/musikr/src/main/cpp/taglib/pkg/x86/lib/pkgconfig/taglib.pc
-- Installing: /home/runner/work/Auxio-TS/Auxio-TS/musikr/src/main/cpp/taglib/pkg/x86/share/utf8cpp/cmake/utf8cppTargets.cmake
-- Installing: /home/runner/work/Auxio-TS/Auxio-TS/musikr/src/main/cpp/taglib/pkg/x86/share/utf8cpp/cmake/utf8cppConfig.cmake
-- Installing: /home/runner/work/Auxio-TS/Auxio-TS/musikr/src/main/cpp/taglib/pkg/x86/share/utf8cpp/cmake/utf8cppConfigVersion.cmake
-- Installing: /home/runner/work/Auxio-TS/Auxio-TS/musikr/src/main/cpp/taglib/pkg/x86/include/utf8cpp/utf8.h
-- Installing: /home/runner/work/Auxio-TS/Auxio-TS/musikr/src/main/cpp/taglib/pkg/x86/include/utf8cpp/utf8
-- Installing: /home/runner/work/Auxio-TS/Auxio-TS/musikr/src/main/cpp/taglib/pkg/x86/include/utf8cpp/utf8/core.h
-- Installing: /home/runner/work/Auxio-TS/Auxio-TS/musikr/src/main/cpp/taglib/pkg/x86/include/utf8cpp/utf8/unchecked.h
-- Installing: /home/runner/work/Auxio-TS/Auxio-TS/musikr/src/main/cpp/taglib/pkg/x86/include/utf8cpp/utf8/checked.h
-- Installing: /home/runner/work/Auxio-TS/Auxio-TS/musikr/src/main/cpp/taglib/pkg/x86/include/utf8cpp/utf8/cpp17.h
-- Installing: /home/runner/work/Auxio-TS/Auxio-TS/musikr/src/main/cpp/taglib/pkg/x86/include/utf8cpp/utf8/cpp20.h
-- Installing: /home/runner/work/Auxio-TS/Auxio-TS/musikr/src/main/cpp/taglib/pkg/x86/include/utf8cpp/utf8/cpp11.h
-- Installing: /home/runner/work/Auxio-TS/Auxio-TS/musikr/src/main/cpp/taglib/pkg/x86/lib/libtag.a
-- Installing: /home/runner/work/Auxio-TS/Auxio-TS/musikr/src/main/cpp/taglib/pkg/x86/include/taglib/tag.h
-- Installing: /home/runner/work/Auxio-TS/Auxio-TS/musikr/src/main/cpp/taglib/pkg/x86/include/taglib/fileref.h
-- Installing: /home/runner/work/Auxio-TS/Auxio-TS/musikr/src/main/cpp/taglib/pkg/x86/include/taglib/audioproperties.h
-- Installing: /home/runner/work/Auxio-TS/Auxio-TS/musikr/src/main/cpp/taglib/pkg/x86/include/taglib/taglib_export.h
-- Installing: /home/runner/work/Auxio-TS/Auxio-TS/musikr/src/main/cpp/taglib/pkg/x86/include/taglib/taglib_config.h
-- Installing: /home/runner/work/Auxio-TS/Auxio-TS/musikr/src/main/cpp/taglib/pkg/x86/include/taglib/taglib.h
-- Installing: /home/runner/work/Auxio-TS/Auxio-TS/musikr/src/main/cpp/taglib/pkg/x86/include/taglib/tstring.h
-- Installing: /home/runner/work/Auxio-TS/Auxio-TS/musikr/src/main/cpp/taglib/pkg/x86/include/taglib/tlist.h
-- Installing: /home/runner/work/Auxio-TS/Auxio-TS/musikr/src/main/cpp/taglib/pkg/x86/include/taglib/tlist.tcc
-- Installing: /home/runner/work/Auxio-TS/Auxio-TS/musikr/src/main/cpp/taglib/pkg/x86/include/taglib/tstringlist.h
-- Installing: /home/runner/work/Auxio-TS/Auxio-TS/musikr/src/main/cpp/taglib/pkg/x86/include/taglib/tbytevector.h
-- Installing: /home/runner/work/Auxio-TS/Auxio-TS/musikr/src/main/cpp/taglib/pkg/x86/include/taglib/tbytevectorlist.h
-- Installing: /home/runner/work/Auxio-TS/Auxio-TS/musikr/src/main/cpp/taglib/pkg/x86/include/taglib/tvariant.h
-- Installing: /home/runner/work/Auxio-TS/Auxio-TS/musikr/src/main/cpp/taglib/pkg/x86/include/taglib/tbytevectorstream.h
-- Installing: /home/runner/work/Auxio-TS/Auxio-TS/musikr/src/main/cpp/taglib/pkg/x86/include/taglib/tiostream.h
-- Installing: /home/runner/work/Auxio-TS/Auxio-TS/musikr/src/main/cpp/taglib/pkg/x86/include/taglib/tfile.h
-- Installing: /home/runner/work/Auxio-TS/Auxio-TS/musikr/src/main/cpp/taglib/pkg/x86/include/taglib/tfilestream.h
-- Installing: /home/runner/work/Auxio-TS/Auxio-TS/musikr/src/main/cpp/taglib/pkg/x86/include/taglib/tmap.h
-- Installing: /home/runner/work/Auxio-TS/Auxio-TS/musikr/src/main/cpp/taglib/pkg/x86/include/taglib/tmap.tcc
-- Installing: /home/runner/work/Auxio-TS/Auxio-TS/musikr/src/main/cpp/taglib/pkg/x86/include/taglib/tpicturetype.h
-- Installing: /home/runner/work/Auxio-TS/Auxio-TS/musikr/src/main/cpp/taglib/pkg/x86/include/taglib/tpropertymap.h
-- Installing: /home/runner/work/Auxio-TS/Auxio-TS/musikr/src/main/cpp/taglib/pkg/x86/include/taglib/tdebuglistener.h
-- Installing: /home/runner/work/Auxio-TS/Auxio-TS/musikr/src/main/cpp/taglib/pkg/x86/include/taglib/tversionnumber.h
-- Installing: /home/runner/work/Auxio-TS/Auxio-TS/musikr/src/main/cpp/taglib/pkg/x86/include/taglib/mpegfile.h
-- Installing: /home/runner/work/Auxio-TS/Auxio-TS/musikr/src/main/cpp/taglib/pkg/x86/include/taglib/mpegproperties.h
-- Installing: /home/runner/work/Auxio-TS/Auxio-TS/musikr/src/main/cpp/taglib/pkg/x86/include/taglib/mpegheader.h
-- Installing: /home/runner/work/Auxio-TS/Auxio-TS/musikr/src/main/cpp/taglib/pkg/x86/include/taglib/xingheader.h
-- Installing: /home/runner/work/Auxio-TS/Auxio-TS/musikr/src/main/cpp/taglib/pkg/x86/include/taglib/id3v1tag.h
-- Installing: /home/runner/work/Auxio-TS/Auxio-TS/musikr/src/main/cpp/taglib/pkg/x86/include/taglib/id3v1genres.h
-- Installing: /home/runner/work/Auxio-TS/Auxio-TS/musikr/src/main/cpp/taglib/pkg/x86/include/taglib/id3v2.h
-- Installing: /home/runner/work/Auxio-TS/Auxio-TS/musikr/src/main/cpp/taglib/pkg/x86/include/taglib/id3v2extendedheader.h
-- Installing: /home/runner/work/Auxio-TS/Auxio-TS/musikr/src/main/cpp/taglib/pkg/x86/include/taglib/id3v2frame.h
-- Installing: /home/runner/work/Auxio-TS/Auxio-TS/musikr/src/main/cpp/taglib/pkg/x86/include/taglib/id3v2header.h
-- Installing: /home/runner/work/Auxio-TS/Auxio-TS/musikr/src/main/cpp/taglib/pkg/x86/include/taglib/id3v2synchdata.h
-- Installing: /home/runner/work/Auxio-TS/Auxio-TS/musikr/src/main/cpp/taglib/pkg/x86/include/taglib/id3v2footer.h
-- Installing: /home/runner/work/Auxio-TS/Auxio-TS/musikr/src/main/cpp/taglib/pkg/x86/include/taglib/id3v2framefactory.h
-- Installing: /home/runner/work/Auxio-TS/Auxio-TS/musikr/src/main/cpp/taglib/pkg/x86/include/taglib/id3v2tag.h
-- Installing: /home/runner/work/Auxio-TS/Auxio-TS/musikr/src/main/cpp/taglib/pkg/x86/include/taglib/attachedpictureframe.h
-- Installing: /home/runner/work/Auxio-TS/Auxio-TS/musikr/src/main/cpp/taglib/pkg/x86/include/taglib/commentsframe.h
-- Installing: /home/runner/work/Auxio-TS/Auxio-TS/musikr/src/main/cpp/taglib/pkg/x86/include/taglib/eventtimingcodesframe.h
-- Installing: /home/runner/work/Auxio-TS/Auxio-TS/musikr/src/main/cpp/taglib/pkg/x86/include/taglib/generalencapsulatedobjectframe.h
-- Installing: /home/runner/work/Auxio-TS/Auxio-TS/musikr/src/main/cpp/taglib/pkg/x86/include/taglib/ownershipframe.h
-- Installing: /home/runner/work/Auxio-TS/Auxio-TS/musikr/src/main/cpp/taglib/pkg/x86/include/taglib/popularimeterframe.h
-- Installing: /home/runner/work/Auxio-TS/Auxio-TS/musikr/src/main/cpp/taglib/pkg/x86/include/taglib/privateframe.h
-- Installing: /home/runner/work/Auxio-TS/Auxio-TS/musikr/src/main/cpp/taglib/pkg/x86/include/taglib/relativevolumeframe.h
-- Installing: /home/runner/work/Auxio-TS/Auxio-TS/musikr/src/main/cpp/taglib/pkg/x86/include/taglib/synchronizedlyricsframe.h
-- Installing: /home/runner/work/Auxio-TS/Auxio-TS/musikr/src/main/cpp/taglib/pkg/x86/include/taglib/textidentificationframe.h
-- Installing: /home/runner/work/Auxio-TS/Auxio-TS/musikr/src/main/cpp/taglib/pkg/x86/include/taglib/uniquefileidentifierframe.h
-- Installing: /home/runner/work/Auxio-TS/Auxio-TS/musikr/src/main/cpp/taglib/pkg/x86/include/taglib/unknownframe.h
-- Installing: /home/runner/work/Auxio-TS/Auxio-TS/musikr/src/main/cpp/taglib/pkg/x86/include/taglib/unsynchronizedlyricsframe.h
-- Installing: /home/runner/work/Auxio-TS/Auxio-TS/musikr/src/main/cpp/taglib/pkg/x86/include/taglib/urllinkframe.h
-- Installing: /home/runner/work/Auxio-TS/Auxio-TS/musikr/src/main/cpp/taglib/pkg/x86/include/taglib/chapterframe.h
-- Installing: /home/runner/work/Auxio-TS/Auxio-TS/musikr/src/main/cpp/taglib/pkg/x86/include/taglib/tableofcontentsframe.h
-- Installing: /home/runner/work/Auxio-TS/Auxio-TS/musikr/src/main/cpp/taglib/pkg/x86/include/taglib/podcastframe.h
-- Installing: /home/runner/work/Auxio-TS/Auxio-TS/musikr/src/main/cpp/taglib/pkg/x86/include/taglib/oggfile.h
-- Installing: /home/runner/work/Auxio-TS/Auxio-TS/musikr/src/main/cpp/taglib/pkg/x86/include/taglib/oggpage.h
-- Installing: /home/runner/work/Auxio-TS/Auxio-TS/musikr/src/main/cpp/taglib/pkg/x86/include/taglib/oggpageheader.h
-- Installing: /home/runner/work/Auxio-TS/Auxio-TS/musikr/src/main/cpp/taglib/pkg/x86/include/taglib/xiphcomment.h
-- Installing: /home/runner/work/Auxio-TS/Auxio-TS/musikr/src/main/cpp/taglib/pkg/x86/include/taglib/vorbisfile.h
-- Installing: /home/runner/work/Auxio-TS/Auxio-TS/musikr/src/main/cpp/taglib/pkg/x86/include/taglib/vorbisproperties.h
-- Installing: /home/runner/work/Auxio-TS/Auxio-TS/musikr/src/main/cpp/taglib/pkg/x86/include/taglib/oggflacfile.h
-- Installing: /home/runner/work/Auxio-TS/Auxio-TS/musikr/src/main/cpp/taglib/pkg/x86/include/taglib/speexfile.h
-- Installing: /home/runner/work/Auxio-TS/Auxio-TS/musikr/src/main/cpp/taglib/pkg/x86/include/taglib/speexproperties.h
-- Installing: /home/runner/work/Auxio-TS/Auxio-TS/musikr/src/main/cpp/taglib/pkg/x86/include/taglib/opusfile.h
-- Installing: /home/runner/work/Auxio-TS/Auxio-TS/musikr/src/main/cpp/taglib/pkg/x86/include/taglib/opusproperties.h
-- Installing: /home/runner/work/Auxio-TS/Auxio-TS/musikr/src/main/cpp/taglib/pkg/x86/include/taglib/flacfile.h
-- Installing: /home/runner/work/Auxio-TS/Auxio-TS/musikr/src/main/cpp/taglib/pkg/x86/include/taglib/flacpicture.h
-- Installing: /home/runner/work/Auxio-TS/Auxio-TS/musikr/src/main/cpp/taglib/pkg/x86/include/taglib/flacproperties.h
-- Installing: /home/runner/work/Auxio-TS/Auxio-TS/musikr/src/main/cpp/taglib/pkg/x86/include/taglib/flacmetadatablock.h
-- Installing: /home/runner/work/Auxio-TS/Auxio-TS/musikr/src/main/cpp/taglib/pkg/x86/include/taglib/rifffile.h
-- Installing: /home/runner/work/Auxio-TS/Auxio-TS/musikr/src/main/cpp/taglib/pkg/x86/include/taglib/aifffile.h
-- Installing: /home/runner/work/Auxio-TS/Auxio-TS/musikr/src/main/cpp/taglib/pkg/x86/include/taglib/aiffproperties.h
-- Installing: /home/runner/work/Auxio-TS/Auxio-TS/musikr/src/main/cpp/taglib/pkg/x86/include/taglib/wavfile.h
-- Installing: /home/runner/work/Auxio-TS/Auxio-TS/musikr/src/main/cpp/taglib/pkg/x86/include/taglib/wavproperties.h
-- Installing: /home/runner/work/Auxio-TS/Auxio-TS/musikr/src/main/cpp/taglib/pkg/x86/include/taglib/infotag.h
-- Installing: /home/runner/work/Auxio-TS/Auxio-TS/musikr/src/main/cpp/taglib/pkg/x86/include/taglib/mp4file.h
-- Installing: /home/runner/work/Auxio-TS/Auxio-TS/musikr/src/main/cpp/taglib/pkg/x86/include/taglib/mp4atom.h
-- Installing: /home/runner/work/Auxio-TS/Auxio-TS/musikr/src/main/cpp/taglib/pkg/x86/include/taglib/mp4tag.h
-- Installing: /home/runner/work/Auxio-TS/Auxio-TS/musikr/src/main/cpp/taglib/pkg/x86/include/taglib/mp4item.h
-- Installing: /home/runner/work/Auxio-TS/Auxio-TS/musikr/src/main/cpp/taglib/pkg/x86/include/taglib/mp4properties.h
-- Installing: /home/runner/work/Auxio-TS/Auxio-TS/musikr/src/main/cpp/taglib/pkg/x86/include/taglib/mp4coverart.h
-- Installing: /home/runner/work/Auxio-TS/Auxio-TS/musikr/src/main/cpp/taglib/pkg/x86/include/taglib/mp4stem.h
-- Installing: /home/runner/work/Auxio-TS/Auxio-TS/musikr/src/main/cpp/taglib/pkg/x86/include/taglib/mp4itemfactory.h
-- Installing: /home/runner/work/Auxio-TS/Auxio-TS/musikr/src/main/cpp/taglib/pkg/x86/include/taglib/mp4chapter.h
-- Installing: /home/runner/work/Auxio-TS/Auxio-TS/musikr/src/main/cpp/taglib/pkg/x86/include/taglib/mp4chapterholder.h
-- Installing: /home/runner/work/Auxio-TS/Auxio-TS/musikr/src/main/cpp/taglib/pkg/x86/include/taglib/mp4nerochapterlist.h
-- Installing: /home/runner/work/Auxio-TS/Auxio-TS/musikr/src/main/cpp/taglib/pkg/x86/include/taglib/mp4qtchapterlist.h
-- Installing: /home/runner/work/Auxio-TS/Auxio-TS/musikr/src/main/cpp/taglib/pkg/x86/include/taglib/dsffile.h
-- Installing: /home/runner/work/Auxio-TS/Auxio-TS/musikr/src/main/cpp/taglib/pkg/x86/include/taglib/dsfproperties.h
-- Installing: /home/runner/work/Auxio-TS/Auxio-TS/musikr/src/main/cpp/taglib/pkg/x86/include/taglib/dsdifffile.h
-- Installing: /home/runner/work/Auxio-TS/Auxio-TS/musikr/src/main/cpp/taglib/pkg/x86/include/taglib/dsdiffproperties.h
-- Installing: /home/runner/work/Auxio-TS/Auxio-TS/musikr/src/main/cpp/taglib/pkg/x86/include/taglib/dsdiffdiintag.h
-- Installing: /home/runner/work/Auxio-TS/Auxio-TS/musikr/src/main/cpp/taglib/pkg/x86/include/taglib/matroskaattachedfile.h
-- Installing: /home/runner/work/Auxio-TS/Auxio-TS/musikr/src/main/cpp/taglib/pkg/x86/include/taglib/matroskaattachments.h
-- Installing: /home/runner/work/Auxio-TS/Auxio-TS/musikr/src/main/cpp/taglib/pkg/x86/include/taglib/matroskachapter.h
-- Installing: /home/runner/work/Auxio-TS/Auxio-TS/musikr/src/main/cpp/taglib/pkg/x86/include/taglib/matroskachapteredition.h
-- Installing: /home/runner/work/Auxio-TS/Auxio-TS/musikr/src/main/cpp/taglib/pkg/x86/include/taglib/matroskachapters.h
-- Installing: /home/runner/work/Auxio-TS/Auxio-TS/musikr/src/main/cpp/taglib/pkg/x86/include/taglib/matroskaelement.h
-- Installing: /home/runner/work/Auxio-TS/Auxio-TS/musikr/src/main/cpp/taglib/pkg/x86/include/taglib/matroskafile.h
-- Installing: /home/runner/work/Auxio-TS/Auxio-TS/musikr/src/main/cpp/taglib/pkg/x86/include/taglib/matroskaproperties.h
-- Installing: /home/runner/work/Auxio-TS/Auxio-TS/musikr/src/main/cpp/taglib/pkg/x86/include/taglib/matroskasimpletag.h
-- Installing: /home/runner/work/Auxio-TS/Auxio-TS/musikr/src/main/cpp/taglib/pkg/x86/include/taglib/matroskatag.h
-- Installing: /home/runner/work/Auxio-TS/Auxio-TS/musikr/src/main/cpp/taglib/pkg/x86/include/taglib/matroskawritestyle.h
-- Installing: /home/runner/work/Auxio-TS/Auxio-TS/musikr/src/main/cpp/taglib/pkg/x86/lib/cmake/taglib/taglib-targets.cmake
-- Installing: /home/runner/work/Auxio-TS/Auxio-TS/musikr/src/main/cpp/taglib/pkg/x86/lib/cmake/taglib/taglib-targets-release.cmake
-- Installing: /home/runner/work/Auxio-TS/Auxio-TS/musikr/src/main/cpp/taglib/pkg/x86/lib/cmake/taglib/taglib-config.cmake
-- Installing: /home/runner/work/Auxio-TS/Auxio-TS/musikr/src/main/cpp/taglib/pkg/x86/lib/cmake/taglib/taglib-config-version.cmake
-- Android: Targeting API '21' with architecture 'x86_64', ABI 'x86_64', and processor 'x86_64'
-- Android: Selected unified Clang toolchain
-- The C compiler identification is Clang 19.0.1
-- The CXX compiler identification is Clang 19.0.1
-- Detecting C compiler ABI info
-- Detecting C compiler ABI info - done
-- Check for working C compiler: /usr/local/lib/android/sdk/ndk/28.2.13676358/toolchains/llvm/prebuilt/linux-x86_64/bin/clang - skipped
-- Detecting C compile features
-- Detecting C compile features - done
-- Detecting CXX compiler ABI info
-- Detecting CXX compiler ABI info - done
-- Check for working CXX compiler: /usr/local/lib/android/sdk/ndk/28.2.13676358/toolchains/llvm/prebuilt/linux-x86_64/bin/clang++ - skipped
-- Detecting CXX compile features
-- Detecting CXX compile features - done
-- Looking for sys/types.h
-- Looking for sys/types.h - found
-- Looking for stdint.h
-- Looking for stdint.h - found
-- Looking for stddef.h
-- Looking for stddef.h - found
-- Check size of short
-- Check size of short - done
-- Check size of int
-- Check size of int - done
-- Check size of long long
-- Check size of long long - done
-- Check size of wchar_t
-- Check size of wchar_t - done
-- Check size of float
-- Check size of float - done
-- Check size of double
-- Check size of double - done
-- Performing Test HAVE_GCC_BYTESWAP
-- Performing Test HAVE_GCC_BYTESWAP - Success
-- Performing Test HAVE_ISO_STRDUP
-- Performing Test HAVE_ISO_STRDUP - Failed
-- Could NOT find utf8cpp (missing: utf8cpp_INCLUDE_DIR) 
-- Using utfcpp from /home/runner/work/Auxio-TS/Auxio-TS/musikr/src/main/cpp/taglib/3rdparty/utfcpp
-- 
-- Configuring done (1.5s)
-- Generating done (0.0s)
-- Build files have been written to: /home/runner/work/Auxio-TS/Auxio-TS/musikr/src/main/cpp/taglib/build/x86_64
[  1%] Building CXX object taglib/CMakeFiles/tag.dir/mpeg/mpegproperties.cpp.o
[  2%] Building CXX object taglib/CMakeFiles/tag.dir/mpeg/mpegfile.cpp.o
[  3%] Building CXX object taglib/CMakeFiles/tag.dir/mpeg/xingheader.cpp.o
[  2%] Building CXX object taglib/CMakeFiles/tag.dir/mpeg/mpegheader.cpp.o
[  4%] Building CXX object taglib/CMakeFiles/tag.dir/mpeg/id3v1/id3v1tag.cpp.o
[  5%] Building CXX object taglib/CMakeFiles/tag.dir/mpeg/id3v1/id3v1genres.cpp.o
[  5%] Building CXX object taglib/CMakeFiles/tag.dir/mpeg/id3v2/id3v2framefactory.cpp.o
[  6%] Building CXX object taglib/CMakeFiles/tag.dir/mpeg/id3v2/id3v2synchdata.cpp.o
[  7%] Building CXX object taglib/CMakeFiles/tag.dir/mpeg/id3v2/id3v2tag.cpp.o
[  8%] Building CXX object taglib/CMakeFiles/tag.dir/mpeg/id3v2/id3v2header.cpp.o
[  9%] Building CXX object taglib/CMakeFiles/tag.dir/mpeg/id3v2/id3v2frame.cpp.o
[ 10%] Building CXX object taglib/CMakeFiles/tag.dir/mpeg/id3v2/id3v2footer.cpp.o
[ 11%] Building CXX object taglib/CMakeFiles/tag.dir/mpeg/id3v2/id3v2extendedheader.cpp.o
[ 11%] Building CXX object taglib/CMakeFiles/tag.dir/mpeg/id3v2/frames/attachedpictureframe.cpp.o
[ 12%] Building CXX object taglib/CMakeFiles/tag.dir/mpeg/id3v2/frames/commentsframe.cpp.o
[ 13%] Building CXX object taglib/CMakeFiles/tag.dir/mpeg/id3v2/frames/eventtimingcodesframe.cpp.o
[ 14%] Building CXX object taglib/CMakeFiles/tag.dir/mpeg/id3v2/frames/generalencapsulatedobjectframe.cpp.o
[ 15%] Building CXX object taglib/CMakeFiles/tag.dir/mpeg/id3v2/frames/ownershipframe.cpp.o
[ 16%] Building CXX object taglib/CMakeFiles/tag.dir/mpeg/id3v2/frames/popularimeterframe.cpp.o
[ 16%] Building CXX object taglib/CMakeFiles/tag.dir/mpeg/id3v2/frames/privateframe.cpp.o
[ 17%] Building CXX object taglib/CMakeFiles/tag.dir/mpeg/id3v2/frames/relativevolumeframe.cpp.o
[ 18%] Building CXX object taglib/CMakeFiles/tag.dir/mpeg/id3v2/frames/synchronizedlyricsframe.cpp.o
[ 19%] Building CXX object taglib/CMakeFiles/tag.dir/mpeg/id3v2/frames/textidentificationframe.cpp.o
[ 20%] Building CXX object taglib/CMakeFiles/tag.dir/mpeg/id3v2/frames/uniquefileidentifierframe.cpp.o
[ 21%] Building CXX object taglib/CMakeFiles/tag.dir/mpeg/id3v2/frames/unknownframe.cpp.o
[ 22%] Building CXX object taglib/CMakeFiles/tag.dir/mpeg/id3v2/frames/unsynchronizedlyricsframe.cpp.o
[ 22%] Building CXX object taglib/CMakeFiles/tag.dir/mpeg/id3v2/frames/urllinkframe.cpp.o
[ 23%] Building CXX object taglib/CMakeFiles/tag.dir/mpeg/id3v2/frames/chapterframe.cpp.o
[ 24%] Building CXX object taglib/CMakeFiles/tag.dir/mpeg/id3v2/frames/tableofcontentsframe.cpp.o
[ 25%] Building CXX object taglib/CMakeFiles/tag.dir/mpeg/id3v2/frames/podcastframe.cpp.o
[ 26%] Building CXX object taglib/CMakeFiles/tag.dir/ogg/oggfile.cpp.o
[ 27%] Building CXX object taglib/CMakeFiles/tag.dir/ogg/oggpage.cpp.o
[ 27%] Building CXX object taglib/CMakeFiles/tag.dir/ogg/oggpageheader.cpp.o
[ 28%] Building CXX object taglib/CMakeFiles/tag.dir/ogg/xiphcomment.cpp.o
[ 29%] Building CXX object taglib/CMakeFiles/tag.dir/ogg/vorbis/vorbisfile.cpp.o
[ 30%] Building CXX object taglib/CMakeFiles/tag.dir/ogg/vorbis/vorbisproperties.cpp.o
[ 31%] Building CXX object taglib/CMakeFiles/tag.dir/ogg/flac/oggflacfile.cpp.o
[ 32%] Building CXX object taglib/CMakeFiles/tag.dir/toolkit/tstring.cpp.o
[ 33%] Building CXX object taglib/CMakeFiles/tag.dir/toolkit/tstringlist.cpp.o
[ 33%] Building CXX object taglib/CMakeFiles/tag.dir/toolkit/tbytevector.cpp.o
[ 34%] Building CXX object taglib/CMakeFiles/tag.dir/toolkit/tbytevectorlist.cpp.o
[ 35%] Building CXX object taglib/CMakeFiles/tag.dir/toolkit/tvariant.cpp.o
[ 36%] Building CXX object taglib/CMakeFiles/tag.dir/toolkit/tbytevectorstream.cpp.o
[ 37%] Building CXX object taglib/CMakeFiles/tag.dir/toolkit/tiostream.cpp.o
[ 38%] Building CXX object taglib/CMakeFiles/tag.dir/toolkit/tfile.cpp.o
[ 38%] Building CXX object taglib/CMakeFiles/tag.dir/toolkit/tfilestream.cpp.o
[ 39%] Building CXX object taglib/CMakeFiles/tag.dir/toolkit/tdebug.cpp.o
[ 40%] Building CXX object taglib/CMakeFiles/tag.dir/toolkit/tpicturetype.cpp.o
[ 41%] Building CXX object taglib/CMakeFiles/tag.dir/toolkit/tpropertymap.cpp.o
[ 42%] Building CXX object taglib/CMakeFiles/tag.dir/toolkit/tdebuglistener.cpp.o
[ 43%] Building CXX object taglib/CMakeFiles/tag.dir/toolkit/tzlib.cpp.o
[ 44%] Building CXX object taglib/CMakeFiles/tag.dir/toolkit/tversionnumber.cpp.o
[ 44%] Building CXX object taglib/CMakeFiles/tag.dir/flac/flacfile.cpp.o
[ 45%] Building CXX object taglib/CMakeFiles/tag.dir/flac/flacpicture.cpp.o
[ 46%] Building CXX object taglib/CMakeFiles/tag.dir/flac/flacproperties.cpp.o
[ 47%] Building CXX object taglib/CMakeFiles/tag.dir/flac/flacmetadatablock.cpp.o
[ 48%] Building CXX object taglib/CMakeFiles/tag.dir/flac/flacunknownmetadatablock.cpp.o
[ 49%] Building CXX object taglib/CMakeFiles/tag.dir/ogg/speex/speexfile.cpp.o
[ 50%] Building CXX object taglib/CMakeFiles/tag.dir/ogg/speex/speexproperties.cpp.o
[ 50%] Building CXX object taglib/CMakeFiles/tag.dir/riff/rifffile.cpp.o
[ 51%] Building CXX object taglib/CMakeFiles/tag.dir/riff/aiff/aifffile.cpp.o
[ 52%] Building CXX object taglib/CMakeFiles/tag.dir/riff/aiff/aiffproperties.cpp.o
[ 53%] Building CXX object taglib/CMakeFiles/tag.dir/riff/wav/wavfile.cpp.o
[INFO] Gradle still running: 1m 30s elapsed; no output for 1s
[ 54%] Building CXX object taglib/CMakeFiles/tag.dir/riff/wav/wavproperties.cpp.o
[ 55%] Building CXX object taglib/CMakeFiles/tag.dir/riff/wav/infotag.cpp.o
[ 55%] Building CXX object taglib/CMakeFiles/tag.dir/mp4/mp4file.cpp.o
[ 56%] Building CXX object taglib/CMakeFiles/tag.dir/mp4/mp4atom.cpp.o
[ 57%] Building CXX object taglib/CMakeFiles/tag.dir/mp4/mp4tag.cpp.o
[ 58%] Building CXX object taglib/CMakeFiles/tag.dir/mp4/mp4item.cpp.o
[ 59%] Building CXX object taglib/CMakeFiles/tag.dir/mp4/mp4properties.cpp.o
[ 60%] Building CXX object taglib/CMakeFiles/tag.dir/mp4/mp4coverart.cpp.o
[ 61%] Building CXX object taglib/CMakeFiles/tag.dir/mp4/mp4stem.cpp.o
[ 61%] Building CXX object taglib/CMakeFiles/tag.dir/mp4/mp4itemfactory.cpp.o
[ 62%] Building CXX object taglib/CMakeFiles/tag.dir/mp4/mp4chapter.cpp.o
[ 63%] Building CXX object taglib/CMakeFiles/tag.dir/mp4/mp4nerochapterlist.cpp.o
[ 64%] Building CXX object taglib/CMakeFiles/tag.dir/mp4/mp4qtchapterlist.cpp.o
[ 65%] Building CXX object taglib/CMakeFiles/tag.dir/ogg/opus/opusfile.cpp.o
[ 66%] Building CXX object taglib/CMakeFiles/tag.dir/ogg/opus/opusproperties.cpp.o
[ 66%] Building CXX object taglib/CMakeFiles/tag.dir/dsf/dsffile.cpp.o
[ 67%] Building CXX object taglib/CMakeFiles/tag.dir/dsf/dsfproperties.cpp.o
[ 68%] Building CXX object taglib/CMakeFiles/tag.dir/dsdiff/dsdifffile.cpp.o
[ 69%] Building CXX object taglib/CMakeFiles/tag.dir/dsdiff/dsdiffproperties.cpp.o
[ 70%] Building CXX object taglib/CMakeFiles/tag.dir/dsdiff/dsdiffdiintag.cpp.o
[ 71%] Building CXX object taglib/CMakeFiles/tag.dir/matroska/matroskaattachedfile.cpp.o
[ 72%] Building CXX object taglib/CMakeFiles/tag.dir/matroska/matroskaattachments.cpp.o
[ 72%] Building CXX object taglib/CMakeFiles/tag.dir/matroska/matroskachapter.cpp.o
[ 73%] Building CXX object taglib/CMakeFiles/tag.dir/matroska/matroskachapteredition.cpp.o
[ 74%] Building CXX object taglib/CMakeFiles/tag.dir/matroska/matroskachapters.cpp.o
[ 75%] Building CXX object taglib/CMakeFiles/tag.dir/matroska/matroskacues.cpp.o
[ 76%] Building CXX object taglib/CMakeFiles/tag.dir/matroska/matroskaelement.cpp.o
[ 77%] Building CXX object taglib/CMakeFiles/tag.dir/matroska/matroskafile.cpp.o
[ 77%] Building CXX object taglib/CMakeFiles/tag.dir/matroska/matroskaproperties.cpp.o
[ 78%] Building CXX object taglib/CMakeFiles/tag.dir/matroska/matroskaseekhead.cpp.o
[ 79%] Building CXX object taglib/CMakeFiles/tag.dir/matroska/matroskasegment.cpp.o
[ 80%] Building CXX object taglib/CMakeFiles/tag.dir/matroska/matroskasimpletag.cpp.o
[ 81%] Building CXX object taglib/CMakeFiles/tag.dir/matroska/matroskatag.cpp.o
[ 82%] Building CXX object taglib/CMakeFiles/tag.dir/matroska/ebml/ebmlbinaryelement.cpp.o
[ 83%] Building CXX object taglib/CMakeFiles/tag.dir/matroska/ebml/ebmlelement.cpp.o
[ 83%] Building CXX object taglib/CMakeFiles/tag.dir/matroska/ebml/ebmlmasterelement.cpp.o
[ 84%] Building CXX object taglib/CMakeFiles/tag.dir/matroska/ebml/ebmlmkattachments.cpp.o
[ 85%] Building CXX object taglib/CMakeFiles/tag.dir/matroska/ebml/ebmlmkchapters.cpp.o
[ 86%] Building CXX object taglib/CMakeFiles/tag.dir/matroska/ebml/ebmlmkcues.cpp.o
[ 87%] Building CXX object taglib/CMakeFiles/tag.dir/matroska/ebml/ebmlmkseekhead.cpp.o
[ 88%] Building CXX object taglib/CMakeFiles/tag.dir/matroska/ebml/ebmlmksegment.cpp.o
[ 88%] Building CXX object taglib/CMakeFiles/tag.dir/matroska/ebml/ebmlmkinfo.cpp.o
[ 89%] Building CXX object taglib/CMakeFiles/tag.dir/matroska/ebml/ebmlmktracks.cpp.o
[ 90%] Building CXX object taglib/CMakeFiles/tag.dir/matroska/ebml/ebmlmktags.cpp.o
[ 91%] Building CXX object taglib/CMakeFiles/tag.dir/matroska/ebml/ebmlstringelement.cpp.o
[ 92%] Building CXX object taglib/CMakeFiles/tag.dir/matroska/ebml/ebmluintelement.cpp.o
[ 93%] Building CXX object taglib/CMakeFiles/tag.dir/matroska/ebml/ebmlfloatelement.cpp.o
[ 94%] Building CXX object taglib/CMakeFiles/tag.dir/matroska/ebml/ebmlutils.cpp.o
[ 94%] Building CXX object taglib/CMakeFiles/tag.dir/matroska/ebml/ebmlvoidelement.cpp.o
[ 95%] Building CXX object taglib/CMakeFiles/tag.dir/tag.cpp.o
[ 96%] Building CXX object taglib/CMakeFiles/tag.dir/tagunion.cpp.o
[ 97%] Building CXX object taglib/CMakeFiles/tag.dir/fileref.cpp.o
[ 98%] Building CXX object taglib/CMakeFiles/tag.dir/audioproperties.cpp.o
[ 99%] Building CXX object taglib/CMakeFiles/tag.dir/tagutils.cpp.o
[100%] Linking CXX static library libtag.a
[100%] Built target tag
-- Installing: /home/runner/work/Auxio-TS/Auxio-TS/musikr/src/main/cpp/taglib/pkg/x86_64/bin/taglib-config
-- Installing: /home/runner/work/Auxio-TS/Auxio-TS/musikr/src/main/cpp/taglib/pkg/x86_64/lib/pkgconfig/taglib.pc
-- Installing: /home/runner/work/Auxio-TS/Auxio-TS/musikr/src/main/cpp/taglib/pkg/x86_64/share/utf8cpp/cmake/utf8cppTargets.cmake
-- Installing: /home/runner/work/Auxio-TS/Auxio-TS/musikr/src/main/cpp/taglib/pkg/x86_64/share/utf8cpp/cmake/utf8cppConfig.cmake
-- Installing: /home/runner/work/Auxio-TS/Auxio-TS/musikr/src/main/cpp/taglib/pkg/x86_64/share/utf8cpp/cmake/utf8cppConfigVersion.cmake
-- Installing: /home/runner/work/Auxio-TS/Auxio-TS/musikr/src/main/cpp/taglib/pkg/x86_64/include/utf8cpp/utf8.h
-- Installing: /home/runner/work/Auxio-TS/Auxio-TS/musikr/src/main/cpp/taglib/pkg/x86_64/include/utf8cpp/utf8
-- Installing: /home/runner/work/Auxio-TS/Auxio-TS/musikr/src/main/cpp/taglib/pkg/x86_64/include/utf8cpp/utf8/core.h
-- Installing: /home/runner/work/Auxio-TS/Auxio-TS/musikr/src/main/cpp/taglib/pkg/x86_64/include/utf8cpp/utf8/unchecked.h
-- Installing: /home/runner/work/Auxio-TS/Auxio-TS/musikr/src/main/cpp/taglib/pkg/x86_64/include/utf8cpp/utf8/checked.h
-- Installing: /home/runner/work/Auxio-TS/Auxio-TS/musikr/src/main/cpp/taglib/pkg/x86_64/include/utf8cpp/utf8/cpp17.h
-- Installing: /home/runner/work/Auxio-TS/Auxio-TS/musikr/src/main/cpp/taglib/pkg/x86_64/include/utf8cpp/utf8/cpp20.h
-- Installing: /home/runner/work/Auxio-TS/Auxio-TS/musikr/src/main/cpp/taglib/pkg/x86_64/include/utf8cpp/utf8/cpp11.h
-- Installing: /home/runner/work/Auxio-TS/Auxio-TS/musikr/src/main/cpp/taglib/pkg/x86_64/lib/libtag.a
-- Installing: /home/runner/work/Auxio-TS/Auxio-TS/musikr/src/main/cpp/taglib/pkg/x86_64/include/taglib/tag.h
-- Installing: /home/runner/work/Auxio-TS/Auxio-TS/musikr/src/main/cpp/taglib/pkg/x86_64/include/taglib/fileref.h
-- Installing: /home/runner/work/Auxio-TS/Auxio-TS/musikr/src/main/cpp/taglib/pkg/x86_64/include/taglib/audioproperties.h
-- Installing: /home/runner/work/Auxio-TS/Auxio-TS/musikr/src/main/cpp/taglib/pkg/x86_64/include/taglib/taglib_export.h
-- Installing: /home/runner/work/Auxio-TS/Auxio-TS/musikr/src/main/cpp/taglib/pkg/x86_64/include/taglib/taglib_config.h
-- Installing: /home/runner/work/Auxio-TS/Auxio-TS/musikr/src/main/cpp/taglib/pkg/x86_64/include/taglib/taglib.h
-- Installing: /home/runner/work/Auxio-TS/Auxio-TS/musikr/src/main/cpp/taglib/pkg/x86_64/include/taglib/tstring.h
-- Installing: /home/runner/work/Auxio-TS/Auxio-TS/musikr/src/main/cpp/taglib/pkg/x86_64/include/taglib/tlist.h
-- Installing: /home/runner/work/Auxio-TS/Auxio-TS/musikr/src/main/cpp/taglib/pkg/x86_64/include/taglib/tlist.tcc
-- Installing: /home/runner/work/Auxio-TS/Auxio-TS/musikr/src/main/cpp/taglib/pkg/x86_64/include/taglib/tstringlist.h
-- Installing: /home/runner/work/Auxio-TS/Auxio-TS/musikr/src/main/cpp/taglib/pkg/x86_64/include/taglib/tbytevector.h
-- Installing: /home/runner/work/Auxio-TS/Auxio-TS/musikr/src/main/cpp/taglib/pkg/x86_64/include/taglib/tbytevectorlist.h
-- Installing: /home/runner/work/Auxio-TS/Auxio-TS/musikr/src/main/cpp/taglib/pkg/x86_64/include/taglib/tvariant.h
-- Installing: /home/runner/work/Auxio-TS/Auxio-TS/musikr/src/main/cpp/taglib/pkg/x86_64/include/taglib/tbytevectorstream.h
-- Installing: /home/runner/work/Auxio-TS/Auxio-TS/musikr/src/main/cpp/taglib/pkg/x86_64/include/taglib/tiostream.h
-- Installing: /home/runner/work/Auxio-TS/Auxio-TS/musikr/src/main/cpp/taglib/pkg/x86_64/include/taglib/tfile.h
-- Installing: /home/runner/work/Auxio-TS/Auxio-TS/musikr/src/main/cpp/taglib/pkg/x86_64/include/taglib/tfilestream.h
-- Installing: /home/runner/work/Auxio-TS/Auxio-TS/musikr/src/main/cpp/taglib/pkg/x86_64/include/taglib/tmap.h
-- Installing: /home/runner/work/Auxio-TS/Auxio-TS/musikr/src/main/cpp/taglib/pkg/x86_64/include/taglib/tmap.tcc
-- Installing: /home/runner/work/Auxio-TS/Auxio-TS/musikr/src/main/cpp/taglib/pkg/x86_64/include/taglib/tpicturetype.h
-- Installing: /home/runner/work/Auxio-TS/Auxio-TS/musikr/src/main/cpp/taglib/pkg/x86_64/include/taglib/tpropertymap.h
-- Installing: /home/runner/work/Auxio-TS/Auxio-TS/musikr/src/main/cpp/taglib/pkg/x86_64/include/taglib/tdebuglistener.h
-- Installing: /home/runner/work/Auxio-TS/Auxio-TS/musikr/src/main/cpp/taglib/pkg/x86_64/include/taglib/tversionnumber.h
-- Installing: /home/runner/work/Auxio-TS/Auxio-TS/musikr/src/main/cpp/taglib/pkg/x86_64/include/taglib/mpegfile.h
-- Installing: /home/runner/work/Auxio-TS/Auxio-TS/musikr/src/main/cpp/taglib/pkg/x86_64/include/taglib/mpegproperties.h
-- Installing: /home/runner/work/Auxio-TS/Auxio-TS/musikr/src/main/cpp/taglib/pkg/x86_64/include/taglib/mpegheader.h
-- Installing: /home/runner/work/Auxio-TS/Auxio-TS/musikr/src/main/cpp/taglib/pkg/x86_64/include/taglib/xingheader.h
-- Installing: /home/runner/work/Auxio-TS/Auxio-TS/musikr/src/main/cpp/taglib/pkg/x86_64/include/taglib/id3v1tag.h
-- Installing: /home/runner/work/Auxio-TS/Auxio-TS/musikr/src/main/cpp/taglib/pkg/x86_64/include/taglib/id3v1genres.h
-- Installing: /home/runner/work/Auxio-TS/Auxio-TS/musikr/src/main/cpp/taglib/pkg/x86_64/include/taglib/id3v2.h
-- Installing: /home/runner/work/Auxio-TS/Auxio-TS/musikr/src/main/cpp/taglib/pkg/x86_64/include/taglib/id3v2extendedheader.h
-- Installing: /home/runner/work/Auxio-TS/Auxio-TS/musikr/src/main/cpp/taglib/pkg/x86_64/include/taglib/id3v2frame.h
-- Installing: /home/runner/work/Auxio-TS/Auxio-TS/musikr/src/main/cpp/taglib/pkg/x86_64/include/taglib/id3v2header.h
-- Installing: /home/runner/work/Auxio-TS/Auxio-TS/musikr/src/main/cpp/taglib/pkg/x86_64/include/taglib/id3v2synchdata.h
-- Installing: /home/runner/work/Auxio-TS/Auxio-TS/musikr/src/main/cpp/taglib/pkg/x86_64/include/taglib/id3v2footer.h
-- Installing: /home/runner/work/Auxio-TS/Auxio-TS/musikr/src/main/cpp/taglib/pkg/x86_64/include/taglib/id3v2framefactory.h
-- Installing: /home/runner/work/Auxio-TS/Auxio-TS/musikr/src/main/cpp/taglib/pkg/x86_64/include/taglib/id3v2tag.h
-- Installing: /home/runner/work/Auxio-TS/Auxio-TS/musikr/src/main/cpp/taglib/pkg/x86_64/include/taglib/attachedpictureframe.h
-- Installing: /home/runner/work/Auxio-TS/Auxio-TS/musikr/src/main/cpp/taglib/pkg/x86_64/include/taglib/commentsframe.h
-- Installing: /home/runner/work/Auxio-TS/Auxio-TS/musikr/src/main/cpp/taglib/pkg/x86_64/include/taglib/eventtimingcodesframe.h
-- Installing: /home/runner/work/Auxio-TS/Auxio-TS/musikr/src/main/cpp/taglib/pkg/x86_64/include/taglib/generalencapsulatedobjectframe.h
-- Installing: /home/runner/work/Auxio-TS/Auxio-TS/musikr/src/main/cpp/taglib/pkg/x86_64/include/taglib/ownershipframe.h
-- Installing: /home/runner/work/Auxio-TS/Auxio-TS/musikr/src/main/cpp/taglib/pkg/x86_64/include/taglib/popularimeterframe.h
-- Installing: /home/runner/work/Auxio-TS/Auxio-TS/musikr/src/main/cpp/taglib/pkg/x86_64/include/taglib/privateframe.h
-- Installing: /home/runner/work/Auxio-TS/Auxio-TS/musikr/src/main/cpp/taglib/pkg/x86_64/include/taglib/relativevolumeframe.h
-- Installing: /home/runner/work/Auxio-TS/Auxio-TS/musikr/src/main/cpp/taglib/pkg/x86_64/include/taglib/synchronizedlyricsframe.h
-- Installing: /home/runner/work/Auxio-TS/Auxio-TS/musikr/src/main/cpp/taglib/pkg/x86_64/include/taglib/textidentificationframe.h
-- Installing: /home/runner/work/Auxio-TS/Auxio-TS/musikr/src/main/cpp/taglib/pkg/x86_64/include/taglib/uniquefileidentifierframe.h
-- Installing: /home/runner/work/Auxio-TS/Auxio-TS/musikr/src/main/cpp/taglib/pkg/x86_64/include/taglib/unknownframe.h
-- Installing: /home/runner/work/Auxio-TS/Auxio-TS/musikr/src/main/cpp/taglib/pkg/x86_64/include/taglib/unsynchronizedlyricsframe.h
-- Installing: /home/runner/work/Auxio-TS/Auxio-TS/musikr/src/main/cpp/taglib/pkg/x86_64/include/taglib/urllinkframe.h
-- Installing: /home/runner/work/Auxio-TS/Auxio-TS/musikr/src/main/cpp/taglib/pkg/x86_64/include/taglib/chapterframe.h
-- Installing: /home/runner/work/Auxio-TS/Auxio-TS/musikr/src/main/cpp/taglib/pkg/x86_64/include/taglib/tableofcontentsframe.h
-- Installing: /home/runner/work/Auxio-TS/Auxio-TS/musikr/src/main/cpp/taglib/pkg/x86_64/include/taglib/podcastframe.h
-- Installing: /home/runner/work/Auxio-TS/Auxio-TS/musikr/src/main/cpp/taglib/pkg/x86_64/include/taglib/oggfile.h
-- Installing: /home/runner/work/Auxio-TS/Auxio-TS/musikr/src/main/cpp/taglib/pkg/x86_64/include/taglib/oggpage.h
-- Installing: /home/runner/work/Auxio-TS/Auxio-TS/musikr/src/main/cpp/taglib/pkg/x86_64/include/taglib/oggpageheader.h
-- Installing: /home/runner/work/Auxio-TS/Auxio-TS/musikr/src/main/cpp/taglib/pkg/x86_64/include/taglib/xiphcomment.h
-- Installing: /home/runner/work/Auxio-TS/Auxio-TS/musikr/src/main/cpp/taglib/pkg/x86_64/include/taglib/vorbisfile.h
-- Installing: /home/runner/work/Auxio-TS/Auxio-TS/musikr/src/main/cpp/taglib/pkg/x86_64/include/taglib/vorbisproperties.h
-- Installing: /home/runner/work/Auxio-TS/Auxio-TS/musikr/src/main/cpp/taglib/pkg/x86_64/include/taglib/oggflacfile.h
-- Installing: /home/runner/work/Auxio-TS/Auxio-TS/musikr/src/main/cpp/taglib/pkg/x86_64/include/taglib/speexfile.h
-- Installing: /home/runner/work/Auxio-TS/Auxio-TS/musikr/src/main/cpp/taglib/pkg/x86_64/include/taglib/speexproperties.h
-- Installing: /home/runner/work/Auxio-TS/Auxio-TS/musikr/src/main/cpp/taglib/pkg/x86_64/include/taglib/opusfile.h
-- Installing: /home/runner/work/Auxio-TS/Auxio-TS/musikr/src/main/cpp/taglib/pkg/x86_64/include/taglib/opusproperties.h
-- Installing: /home/runner/work/Auxio-TS/Auxio-TS/musikr/src/main/cpp/taglib/pkg/x86_64/include/taglib/flacfile.h
-- Installing: /home/runner/work/Auxio-TS/Auxio-TS/musikr/src/main/cpp/taglib/pkg/x86_64/include/taglib/flacpicture.h
-- Installing: /home/runner/work/Auxio-TS/Auxio-TS/musikr/src/main/cpp/taglib/pkg/x86_64/include/taglib/flacproperties.h
-- Installing: /home/runner/work/Auxio-TS/Auxio-TS/musikr/src/main/cpp/taglib/pkg/x86_64/include/taglib/flacmetadatablock.h
-- Installing: /home/runner/work/Auxio-TS/Auxio-TS/musikr/src/main/cpp/taglib/pkg/x86_64/include/taglib/rifffile.h
-- Installing: /home/runner/work/Auxio-TS/Auxio-TS/musikr/src/main/cpp/taglib/pkg/x86_64/include/taglib/aifffile.h
-- Installing: /home/runner/work/Auxio-TS/Auxio-TS/musikr/src/main/cpp/taglib/pkg/x86_64/include/taglib/aiffproperties.h
-- Installing: /home/runner/work/Auxio-TS/Auxio-TS/musikr/src/main/cpp/taglib/pkg/x86_64/include/taglib/wavfile.h
-- Installing: /home/runner/work/Auxio-TS/Auxio-TS/musikr/src/main/cpp/taglib/pkg/x86_64/include/taglib/wavproperties.h
-- Installing: /home/runner/work/Auxio-TS/Auxio-TS/musikr/src/main/cpp/taglib/pkg/x86_64/include/taglib/infotag.h
-- Installing: /home/runner/work/Auxio-TS/Auxio-TS/musikr/src/main/cpp/taglib/pkg/x86_64/include/taglib/mp4file.h
-- Installing: /home/runner/work/Auxio-TS/Auxio-TS/musikr/src/main/cpp/taglib/pkg/x86_64/include/taglib/mp4atom.h
-- Installing: /home/runner/work/Auxio-TS/Auxio-TS/musikr/src/main/cpp/taglib/pkg/x86_64/include/taglib/mp4tag.h
-- Installing: /home/runner/work/Auxio-TS/Auxio-TS/musikr/src/main/cpp/taglib/pkg/x86_64/include/taglib/mp4item.h
-- Installing: /home/runner/work/Auxio-TS/Auxio-TS/musikr/src/main/cpp/taglib/pkg/x86_64/include/taglib/mp4properties.h
-- Installing: /home/runner/work/Auxio-TS/Auxio-TS/musikr/src/main/cpp/taglib/pkg/x86_64/include/taglib/mp4coverart.h
-- Installing: /home/runner/work/Auxio-TS/Auxio-TS/musikr/src/main/cpp/taglib/pkg/x86_64/include/taglib/mp4stem.h
-- Installing: /home/runner/work/Auxio-TS/Auxio-TS/musikr/src/main/cpp/taglib/pkg/x86_64/include/taglib/mp4itemfactory.h
-- Installing: /home/runner/work/Auxio-TS/Auxio-TS/musikr/src/main/cpp/taglib/pkg/x86_64/include/taglib/mp4chapter.h
-- Installing: /home/runner/work/Auxio-TS/Auxio-TS/musikr/src/main/cpp/taglib/pkg/x86_64/include/taglib/mp4chapterholder.h
-- Installing: /home/runner/work/Auxio-TS/Auxio-TS/musikr/src/main/cpp/taglib/pkg/x86_64/include/taglib/mp4nerochapterlist.h
-- Installing: /home/runner/work/Auxio-TS/Auxio-TS/musikr/src/main/cpp/taglib/pkg/x86_64/include/taglib/mp4qtchapterlist.h
-- Installing: /home/runner/work/Auxio-TS/Auxio-TS/musikr/src/main/cpp/taglib/pkg/x86_64/include/taglib/dsffile.h
-- Installing: /home/runner/work/Auxio-TS/Auxio-TS/musikr/src/main/cpp/taglib/pkg/x86_64/include/taglib/dsfproperties.h
-- Installing: /home/runner/work/Auxio-TS/Auxio-TS/musikr/src/main/cpp/taglib/pkg/x86_64/include/taglib/dsdifffile.h
-- Installing: /home/runner/work/Auxio-TS/Auxio-TS/musikr/src/main/cpp/taglib/pkg/x86_64/include/taglib/dsdiffproperties.h
-- Installing: /home/runner/work/Auxio-TS/Auxio-TS/musikr/src/main/cpp/taglib/pkg/x86_64/include/taglib/dsdiffdiintag.h
-- Installing: /home/runner/work/Auxio-TS/Auxio-TS/musikr/src/main/cpp/taglib/pkg/x86_64/include/taglib/matroskaattachedfile.h
-- Installing: /home/runner/work/Auxio-TS/Auxio-TS/musikr/src/main/cpp/taglib/pkg/x86_64/include/taglib/matroskaattachments.h
-- Installing: /home/runner/work/Auxio-TS/Auxio-TS/musikr/src/main/cpp/taglib/pkg/x86_64/include/taglib/matroskachapter.h
-- Installing: /home/runner/work/Auxio-TS/Auxio-TS/musikr/src/main/cpp/taglib/pkg/x86_64/include/taglib/matroskachapteredition.h
-- Installing: /home/runner/work/Auxio-TS/Auxio-TS/musikr/src/main/cpp/taglib/pkg/x86_64/include/taglib/matroskachapters.h
-- Installing: /home/runner/work/Auxio-TS/Auxio-TS/musikr/src/main/cpp/taglib/pkg/x86_64/include/taglib/matroskaelement.h
-- Installing: /home/runner/work/Auxio-TS/Auxio-TS/musikr/src/main/cpp/taglib/pkg/x86_64/include/taglib/matroskafile.h
-- Installing: /home/runner/work/Auxio-TS/Auxio-TS/musikr/src/main/cpp/taglib/pkg/x86_64/include/taglib/matroskaproperties.h
-- Installing: /home/runner/work/Auxio-TS/Auxio-TS/musikr/src/main/cpp/taglib/pkg/x86_64/include/taglib/matroskasimpletag.h
-- Installing: /home/runner/work/Auxio-TS/Auxio-TS/musikr/src/main/cpp/taglib/pkg/x86_64/include/taglib/matroskatag.h
-- Installing: /home/runner/work/Auxio-TS/Auxio-TS/musikr/src/main/cpp/taglib/pkg/x86_64/include/taglib/matroskawritestyle.h
-- Installing: /home/runner/work/Auxio-TS/Auxio-TS/musikr/src/main/cpp/taglib/pkg/x86_64/lib/cmake/taglib/taglib-targets.cmake
-- Installing: /home/runner/work/Auxio-TS/Auxio-TS/musikr/src/main/cpp/taglib/pkg/x86_64/lib/cmake/taglib/taglib-targets-release.cmake
-- Installing: /home/runner/work/Auxio-TS/Auxio-TS/musikr/src/main/cpp/taglib/pkg/x86_64/lib/cmake/taglib/taglib-config.cmake
-- Installing: /home/runner/work/Auxio-TS/Auxio-TS/musikr/src/main/cpp/taglib/pkg/x86_64/lib/cmake/taglib/taglib-config-version.cmake
-- Android: Targeting API '21' with architecture 'arm', ABI 'armeabi-v7a', and processor 'armv7-a'
-- Android: Selected unified Clang toolchain
-- The C compiler identification is Clang 19.0.1
-- The CXX compiler identification is Clang 19.0.1
-- Detecting C compiler ABI info
-- Detecting C compiler ABI info - done
-- Check for working C compiler: /usr/local/lib/android/sdk/ndk/28.2.13676358/toolchains/llvm/prebuilt/linux-x86_64/bin/clang - skipped
-- Detecting C compile features
-- Detecting C compile features - done
-- Detecting CXX compiler ABI info
-- Detecting CXX compiler ABI info - done
-- Check for working CXX compiler: /usr/local/lib/android/sdk/ndk/28.2.13676358/toolchains/llvm/prebuilt/linux-x86_64/bin/clang++ - skipped
-- Detecting CXX compile features
-- Detecting CXX compile features - done
-- Looking for sys/types.h
-- Looking for sys/types.h - found
-- Looking for stdint.h
-- Looking for stdint.h - found
-- Looking for stddef.h
-- Looking for stddef.h - found
-- Check size of short
-- Check size of short - done
-- Check size of int
-- Check size of int - done
-- Check size of long long
-- Check size of long long - done
-- Check size of wchar_t
-- Check size of wchar_t - done
-- Check size of float
-- Check size of float - done
-- Check size of double
-- Check size of double - done
-- Performing Test HAVE_GCC_BYTESWAP
-- Performing Test HAVE_GCC_BYTESWAP - Success
-- Performing Test HAVE_ISO_STRDUP
-- Performing Test HAVE_ISO_STRDUP - Failed
-- Could NOT find utf8cpp (missing: utf8cpp_INCLUDE_DIR) 
-- Using utfcpp from /home/runner/work/Auxio-TS/Auxio-TS/musikr/src/main/cpp/taglib/3rdparty/utfcpp
-- 
-- Configuring done (1.5s)
-- Generating done (0.0s)
-- Build files have been written to: /home/runner/work/Auxio-TS/Auxio-TS/musikr/src/main/cpp/taglib/build/armeabi-v7a
[  0%] Building CXX object taglib/CMakeFiles/tag.dir/mpeg/mpegfile.cpp.o
[  1%] Building CXX object taglib/CMakeFiles/tag.dir/mpeg/mpegproperties.cpp.o
[  2%] Building CXX object taglib/CMakeFiles/tag.dir/mpeg/mpegheader.cpp.o
[  3%] Building CXX object taglib/CMakeFiles/tag.dir/mpeg/xingheader.cpp.o
[  4%] Building CXX object taglib/CMakeFiles/tag.dir/mpeg/id3v1/id3v1tag.cpp.o
[  5%] Building CXX object taglib/CMakeFiles/tag.dir/mpeg/id3v1/id3v1genres.cpp.o
[  5%] Building CXX object taglib/CMakeFiles/tag.dir/mpeg/id3v2/id3v2framefactory.cpp.o
[  6%] Building CXX object taglib/CMakeFiles/tag.dir/mpeg/id3v2/id3v2synchdata.cpp.o
[  7%] Building CXX object taglib/CMakeFiles/tag.dir/mpeg/id3v2/id3v2tag.cpp.o
[  8%] Building CXX object taglib/CMakeFiles/tag.dir/mpeg/id3v2/id3v2header.cpp.o
[  9%] Building CXX object taglib/CMakeFiles/tag.dir/mpeg/id3v2/id3v2frame.cpp.o
[ 10%] Building CXX object taglib/CMakeFiles/tag.dir/mpeg/id3v2/id3v2footer.cpp.o
[ 11%] Building CXX object taglib/CMakeFiles/tag.dir/mpeg/id3v2/id3v2extendedheader.cpp.o
[ 11%] Building CXX object taglib/CMakeFiles/tag.dir/mpeg/id3v2/frames/attachedpictureframe.cpp.o
[ 12%] Building CXX object taglib/CMakeFiles/tag.dir/mpeg/id3v2/frames/commentsframe.cpp.o
[ 13%] Building CXX object taglib/CMakeFiles/tag.dir/mpeg/id3v2/frames/eventtimingcodesframe.cpp.o
[ 14%] Building CXX object taglib/CMakeFiles/tag.dir/mpeg/id3v2/frames/generalencapsulatedobjectframe.cpp.o
[ 15%] Building CXX object taglib/CMakeFiles/tag.dir/mpeg/id3v2/frames/ownershipframe.cpp.o
[ 16%] Building CXX object taglib/CMakeFiles/tag.dir/mpeg/id3v2/frames/popularimeterframe.cpp.o
[ 16%] Building CXX object taglib/CMakeFiles/tag.dir/mpeg/id3v2/frames/privateframe.cpp.o
[ 17%] Building CXX object taglib/CMakeFiles/tag.dir/mpeg/id3v2/frames/relativevolumeframe.cpp.o
[ 18%] Building CXX object taglib/CMakeFiles/tag.dir/mpeg/id3v2/frames/synchronizedlyricsframe.cpp.o
[ 19%] Building CXX object taglib/CMakeFiles/tag.dir/mpeg/id3v2/frames/textidentificationframe.cpp.o
[ 20%] Building CXX object taglib/CMakeFiles/tag.dir/mpeg/id3v2/frames/uniquefileidentifierframe.cpp.o
[ 21%] Building CXX object taglib/CMakeFiles/tag.dir/mpeg/id3v2/frames/unknownframe.cpp.o
[ 22%] Building CXX object taglib/CMakeFiles/tag.dir/mpeg/id3v2/frames/unsynchronizedlyricsframe.cpp.o
[ 22%] Building CXX object taglib/CMakeFiles/tag.dir/mpeg/id3v2/frames/urllinkframe.cpp.o
[ 23%] Building CXX object taglib/CMakeFiles/tag.dir/mpeg/id3v2/frames/chapterframe.cpp.o
[ 24%] Building CXX object taglib/CMakeFiles/tag.dir/mpeg/id3v2/frames/tableofcontentsframe.cpp.o
[ 25%] Building CXX object taglib/CMakeFiles/tag.dir/mpeg/id3v2/frames/podcastframe.cpp.o
[ 26%] Building CXX object taglib/CMakeFiles/tag.dir/ogg/oggfile.cpp.o
[ 27%] Building CXX object taglib/CMakeFiles/tag.dir/ogg/oggpage.cpp.o
[ 27%] Building CXX object taglib/CMakeFiles/tag.dir/ogg/oggpageheader.cpp.o
[ 28%] Building CXX object taglib/CMakeFiles/tag.dir/ogg/xiphcomment.cpp.o
[ 29%] Building CXX object taglib/CMakeFiles/tag.dir/ogg/vorbis/vorbisfile.cpp.o
[ 30%] Building CXX object taglib/CMakeFiles/tag.dir/ogg/vorbis/vorbisproperties.cpp.o
[ 31%] Building CXX object taglib/CMakeFiles/tag.dir/ogg/flac/oggflacfile.cpp.o
[INFO] Gradle still running: 2m 00s elapsed; no output for 0s
[ 32%] Building CXX object taglib/CMakeFiles/tag.dir/toolkit/tstring.cpp.o
[ 33%] Building CXX object taglib/CMakeFiles/tag.dir/toolkit/tstringlist.cpp.o
[ 33%] Building CXX object taglib/CMakeFiles/tag.dir/toolkit/tbytevector.cpp.o
[ 34%] Building CXX object taglib/CMakeFiles/tag.dir/toolkit/tbytevectorlist.cpp.o
[ 35%] Building CXX object taglib/CMakeFiles/tag.dir/toolkit/tvariant.cpp.o
[ 36%] Building CXX object taglib/CMakeFiles/tag.dir/toolkit/tbytevectorstream.cpp.o
[ 37%] Building CXX object taglib/CMakeFiles/tag.dir/toolkit/tiostream.cpp.o
[ 38%] Building CXX object taglib/CMakeFiles/tag.dir/toolkit/tfile.cpp.o
[ 38%] Building CXX object taglib/CMakeFiles/tag.dir/toolkit/tfilestream.cpp.o
[ 39%] Building CXX object taglib/CMakeFiles/tag.dir/toolkit/tdebug.cpp.o
[ 40%] Building CXX object taglib/CMakeFiles/tag.dir/toolkit/tpicturetype.cpp.o
[ 41%] Building CXX object taglib/CMakeFiles/tag.dir/toolkit/tpropertymap.cpp.o
[ 42%] Building CXX object taglib/CMakeFiles/tag.dir/toolkit/tdebuglistener.cpp.o
[ 43%] Building CXX object taglib/CMakeFiles/tag.dir/toolkit/tzlib.cpp.o
[ 44%] Building CXX object taglib/CMakeFiles/tag.dir/toolkit/tversionnumber.cpp.o
[ 44%] Building CXX object taglib/CMakeFiles/tag.dir/flac/flacfile.cpp.o
[ 45%] Building CXX object taglib/CMakeFiles/tag.dir/flac/flacpicture.cpp.o
[ 46%] Building CXX object taglib/CMakeFiles/tag.dir/flac/flacproperties.cpp.o
[ 47%] Building CXX object taglib/CMakeFiles/tag.dir/flac/flacmetadatablock.cpp.o
[ 48%] Building CXX object taglib/CMakeFiles/tag.dir/flac/flacunknownmetadatablock.cpp.o
[ 49%] Building CXX object taglib/CMakeFiles/tag.dir/ogg/speex/speexfile.cpp.o
[ 50%] Building CXX object taglib/CMakeFiles/tag.dir/ogg/speex/speexproperties.cpp.o
[ 50%] Building CXX object taglib/CMakeFiles/tag.dir/riff/rifffile.cpp.o
[ 51%] Building CXX object taglib/CMakeFiles/tag.dir/riff/aiff/aifffile.cpp.o
[ 52%] Building CXX object taglib/CMakeFiles/tag.dir/riff/aiff/aiffproperties.cpp.o
[ 53%] Building CXX object taglib/CMakeFiles/tag.dir/riff/wav/wavfile.cpp.o
[ 54%] Building CXX object taglib/CMakeFiles/tag.dir/riff/wav/wavproperties.cpp.o
[ 55%] Building CXX object taglib/CMakeFiles/tag.dir/riff/wav/infotag.cpp.o
[ 55%] Building CXX object taglib/CMakeFiles/tag.dir/mp4/mp4file.cpp.o
[ 56%] Building CXX object taglib/CMakeFiles/tag.dir/mp4/mp4atom.cpp.o
[ 57%] Building CXX object taglib/CMakeFiles/tag.dir/mp4/mp4tag.cpp.o
[ 58%] Building CXX object taglib/CMakeFiles/tag.dir/mp4/mp4item.cpp.o
[ 59%] Building CXX object taglib/CMakeFiles/tag.dir/mp4/mp4properties.cpp.o
[ 60%] Building CXX object taglib/CMakeFiles/tag.dir/mp4/mp4coverart.cpp.o
[ 61%] Building CXX object taglib/CMakeFiles/tag.dir/mp4/mp4stem.cpp.o
[ 61%] Building CXX object taglib/CMakeFiles/tag.dir/mp4/mp4itemfactory.cpp.o
[ 62%] Building CXX object taglib/CMakeFiles/tag.dir/mp4/mp4chapter.cpp.o
[ 63%] Building CXX object taglib/CMakeFiles/tag.dir/mp4/mp4nerochapterlist.cpp.o
[ 64%] Building CXX object taglib/CMakeFiles/tag.dir/mp4/mp4qtchapterlist.cpp.o
[ 65%] Building CXX object taglib/CMakeFiles/tag.dir/ogg/opus/opusfile.cpp.o
[ 66%] Building CXX object taglib/CMakeFiles/tag.dir/ogg/opus/opusproperties.cpp.o
[ 66%] Building CXX object taglib/CMakeFiles/tag.dir/dsf/dsffile.cpp.o
[ 67%] Building CXX object taglib/CMakeFiles/tag.dir/dsf/dsfproperties.cpp.o
[ 68%] Building CXX object taglib/CMakeFiles/tag.dir/dsdiff/dsdifffile.cpp.o
[ 69%] Building CXX object taglib/CMakeFiles/tag.dir/dsdiff/dsdiffproperties.cpp.o
[ 70%] Building CXX object taglib/CMakeFiles/tag.dir/dsdiff/dsdiffdiintag.cpp.o
[ 71%] Building CXX object taglib/CMakeFiles/tag.dir/matroska/matroskaattachedfile.cpp.o
[ 72%] Building CXX object taglib/CMakeFiles/tag.dir/matroska/matroskaattachments.cpp.o
[ 72%] Building CXX object taglib/CMakeFiles/tag.dir/matroska/matroskachapter.cpp.o
[ 73%] Building CXX object taglib/CMakeFiles/tag.dir/matroska/matroskachapteredition.cpp.o
[ 74%] Building CXX object taglib/CMakeFiles/tag.dir/matroska/matroskachapters.cpp.o
[ 75%] Building CXX object taglib/CMakeFiles/tag.dir/matroska/matroskacues.cpp.o
[ 76%] Building CXX object taglib/CMakeFiles/tag.dir/matroska/matroskaelement.cpp.o
[ 77%] Building CXX object taglib/CMakeFiles/tag.dir/matroska/matroskafile.cpp.o
[ 77%] Building CXX object taglib/CMakeFiles/tag.dir/matroska/matroskaproperties.cpp.o
[ 78%] Building CXX object taglib/CMakeFiles/tag.dir/matroska/matroskaseekhead.cpp.o
[ 79%] Building CXX object taglib/CMakeFiles/tag.dir/matroska/matroskasegment.cpp.o
[ 80%] Building CXX object taglib/CMakeFiles/tag.dir/matroska/matroskasimpletag.cpp.o
[ 81%] Building CXX object taglib/CMakeFiles/tag.dir/matroska/matroskatag.cpp.o
[ 82%] Building CXX object taglib/CMakeFiles/tag.dir/matroska/ebml/ebmlbinaryelement.cpp.o
[ 83%] Building CXX object taglib/CMakeFiles/tag.dir/matroska/ebml/ebmlelement.cpp.o
[ 83%] Building CXX object taglib/CMakeFiles/tag.dir/matroska/ebml/ebmlmasterelement.cpp.o
[ 84%] Building CXX object taglib/CMakeFiles/tag.dir/matroska/ebml/ebmlmkattachments.cpp.o
[ 85%] Building CXX object taglib/CMakeFiles/tag.dir/matroska/ebml/ebmlmkchapters.cpp.o
[ 86%] Building CXX object taglib/CMakeFiles/tag.dir/matroska/ebml/ebmlmkcues.cpp.o
[ 87%] Building CXX object taglib/CMakeFiles/tag.dir/matroska/ebml/ebmlmkseekhead.cpp.o
[ 88%] Building CXX object taglib/CMakeFiles/tag.dir/matroska/ebml/ebmlmksegment.cpp.o
[ 88%] Building CXX object taglib/CMakeFiles/tag.dir/matroska/ebml/ebmlmkinfo.cpp.o
[ 89%] Building CXX object taglib/CMakeFiles/tag.dir/matroska/ebml/ebmlmktracks.cpp.o
[ 90%] Building CXX object taglib/CMakeFiles/tag.dir/matroska/ebml/ebmlmktags.cpp.o
[ 91%] Building CXX object taglib/CMakeFiles/tag.dir/matroska/ebml/ebmlstringelement.cpp.o
[ 92%] Building CXX object taglib/CMakeFiles/tag.dir/matroska/ebml/ebmluintelement.cpp.o
[ 93%] Building CXX object taglib/CMakeFiles/tag.dir/matroska/ebml/ebmlfloatelement.cpp.o
[ 94%] Building CXX object taglib/CMakeFiles/tag.dir/matroska/ebml/ebmlutils.cpp.o
[ 94%] Building CXX object taglib/CMakeFiles/tag.dir/matroska/ebml/ebmlvoidelement.cpp.o
[ 95%] Building CXX object taglib/CMakeFiles/tag.dir/tag.cpp.o
[ 96%] Building CXX object taglib/CMakeFiles/tag.dir/tagunion.cpp.o
[ 97%] Building CXX object taglib/CMakeFiles/tag.dir/fileref.cpp.o
[ 98%] Building CXX object taglib/CMakeFiles/tag.dir/audioproperties.cpp.o
[ 99%] Building CXX object taglib/CMakeFiles/tag.dir/tagutils.cpp.o
[100%] Linking CXX static library libtag.a
[100%] Built target tag
-- Installing: /home/runner/work/Auxio-TS/Auxio-TS/musikr/src/main/cpp/taglib/pkg/armeabi-v7a/bin/taglib-config
-- Installing: /home/runner/work/Auxio-TS/Auxio-TS/musikr/src/main/cpp/taglib/pkg/armeabi-v7a/lib/pkgconfig/taglib.pc
-- Installing: /home/runner/work/Auxio-TS/Auxio-TS/musikr/src/main/cpp/taglib/pkg/armeabi-v7a/share/utf8cpp/cmake/utf8cppTargets.cmake
-- Installing: /home/runner/work/Auxio-TS/Auxio-TS/musikr/src/main/cpp/taglib/pkg/armeabi-v7a/share/utf8cpp/cmake/utf8cppConfig.cmake
-- Installing: /home/runner/work/Auxio-TS/Auxio-TS/musikr/src/main/cpp/taglib/pkg/armeabi-v7a/share/utf8cpp/cmake/utf8cppConfigVersion.cmake
-- Installing: /home/runner/work/Auxio-TS/Auxio-TS/musikr/src/main/cpp/taglib/pkg/armeabi-v7a/include/utf8cpp/utf8.h
-- Installing: /home/runner/work/Auxio-TS/Auxio-TS/musikr/src/main/cpp/taglib/pkg/armeabi-v7a/include/utf8cpp/utf8
-- Installing: /home/runner/work/Auxio-TS/Auxio-TS/musikr/src/main/cpp/taglib/pkg/armeabi-v7a/include/utf8cpp/utf8/core.h
-- Installing: /home/runner/work/Auxio-TS/Auxio-TS/musikr/src/main/cpp/taglib/pkg/armeabi-v7a/include/utf8cpp/utf8/unchecked.h
-- Installing: /home/runner/work/Auxio-TS/Auxio-TS/musikr/src/main/cpp/taglib/pkg/armeabi-v7a/include/utf8cpp/utf8/checked.h
-- Installing: /home/runner/work/Auxio-TS/Auxio-TS/musikr/src/main/cpp/taglib/pkg/armeabi-v7a/include/utf8cpp/utf8/cpp17.h
-- Installing: /home/runner/work/Auxio-TS/Auxio-TS/musikr/src/main/cpp/taglib/pkg/armeabi-v7a/include/utf8cpp/utf8/cpp20.h
-- Installing: /home/runner/work/Auxio-TS/Auxio-TS/musikr/src/main/cpp/taglib/pkg/armeabi-v7a/include/utf8cpp/utf8/cpp11.h
-- Installing: /home/runner/work/Auxio-TS/Auxio-TS/musikr/src/main/cpp/taglib/pkg/armeabi-v7a/lib/libtag.a
-- Installing: /home/runner/work/Auxio-TS/Auxio-TS/musikr/src/main/cpp/taglib/pkg/armeabi-v7a/include/taglib/tag.h
-- Installing: /home/runner/work/Auxio-TS/Auxio-TS/musikr/src/main/cpp/taglib/pkg/armeabi-v7a/include/taglib/fileref.h
-- Installing: /home/runner/work/Auxio-TS/Auxio-TS/musikr/src/main/cpp/taglib/pkg/armeabi-v7a/include/taglib/audioproperties.h
-- Installing: /home/runner/work/Auxio-TS/Auxio-TS/musikr/src/main/cpp/taglib/pkg/armeabi-v7a/include/taglib/taglib_export.h
-- Installing: /home/runner/work/Auxio-TS/Auxio-TS/musikr/src/main/cpp/taglib/pkg/armeabi-v7a/include/taglib/taglib_config.h
-- Installing: /home/runner/work/Auxio-TS/Auxio-TS/musikr/src/main/cpp/taglib/pkg/armeabi-v7a/include/taglib/taglib.h
-- Installing: /home/runner/work/Auxio-TS/Auxio-TS/musikr/src/main/cpp/taglib/pkg/armeabi-v7a/include/taglib/tstring.h
-- Installing: /home/runner/work/Auxio-TS/Auxio-TS/musikr/src/main/cpp/taglib/pkg/armeabi-v7a/include/taglib/tlist.h
-- Installing: /home/runner/work/Auxio-TS/Auxio-TS/musikr/src/main/cpp/taglib/pkg/armeabi-v7a/include/taglib/tlist.tcc
-- Installing: /home/runner/work/Auxio-TS/Auxio-TS/musikr/src/main/cpp/taglib/pkg/armeabi-v7a/include/taglib/tstringlist.h
-- Installing: /home/runner/work/Auxio-TS/Auxio-TS/musikr/src/main/cpp/taglib/pkg/armeabi-v7a/include/taglib/tbytevector.h
-- Installing: /home/runner/work/Auxio-TS/Auxio-TS/musikr/src/main/cpp/taglib/pkg/armeabi-v7a/include/taglib/tbytevectorlist.h
-- Installing: /home/runner/work/Auxio-TS/Auxio-TS/musikr/src/main/cpp/taglib/pkg/armeabi-v7a/include/taglib/tvariant.h
-- Installing: /home/runner/work/Auxio-TS/Auxio-TS/musikr/src/main/cpp/taglib/pkg/armeabi-v7a/include/taglib/tbytevectorstream.h
-- Installing: /home/runner/work/Auxio-TS/Auxio-TS/musikr/src/main/cpp/taglib/pkg/armeabi-v7a/include/taglib/tiostream.h
-- Installing: /home/runner/work/Auxio-TS/Auxio-TS/musikr/src/main/cpp/taglib/pkg/armeabi-v7a/include/taglib/tfile.h
-- Installing: /home/runner/work/Auxio-TS/Auxio-TS/musikr/src/main/cpp/taglib/pkg/armeabi-v7a/include/taglib/tfilestream.h
-- Installing: /home/runner/work/Auxio-TS/Auxio-TS/musikr/src/main/cpp/taglib/pkg/armeabi-v7a/include/taglib/tmap.h
-- Installing: /home/runner/work/Auxio-TS/Auxio-TS/musikr/src/main/cpp/taglib/pkg/armeabi-v7a/include/taglib/tmap.tcc
-- Installing: /home/runner/work/Auxio-TS/Auxio-TS/musikr/src/main/cpp/taglib/pkg/armeabi-v7a/include/taglib/tpicturetype.h
-- Installing: /home/runner/work/Auxio-TS/Auxio-TS/musikr/src/main/cpp/taglib/pkg/armeabi-v7a/include/taglib/tpropertymap.h
-- Installing: /home/runner/work/Auxio-TS/Auxio-TS/musikr/src/main/cpp/taglib/pkg/armeabi-v7a/include/taglib/tdebuglistener.h
-- Installing: /home/runner/work/Auxio-TS/Auxio-TS/musikr/src/main/cpp/taglib/pkg/armeabi-v7a/include/taglib/tversionnumber.h
-- Installing: /home/runner/work/Auxio-TS/Auxio-TS/musikr/src/main/cpp/taglib/pkg/armeabi-v7a/include/taglib/mpegfile.h
-- Installing: /home/runner/work/Auxio-TS/Auxio-TS/musikr/src/main/cpp/taglib/pkg/armeabi-v7a/include/taglib/mpegproperties.h
-- Installing: /home/runner/work/Auxio-TS/Auxio-TS/musikr/src/main/cpp/taglib/pkg/armeabi-v7a/include/taglib/mpegheader.h
-- Installing: /home/runner/work/Auxio-TS/Auxio-TS/musikr/src/main/cpp/taglib/pkg/armeabi-v7a/include/taglib/xingheader.h
-- Installing: /home/runner/work/Auxio-TS/Auxio-TS/musikr/src/main/cpp/taglib/pkg/armeabi-v7a/include/taglib/id3v1tag.h
-- Installing: /home/runner/work/Auxio-TS/Auxio-TS/musikr/src/main/cpp/taglib/pkg/armeabi-v7a/include/taglib/id3v1genres.h
-- Installing: /home/runner/work/Auxio-TS/Auxio-TS/musikr/src/main/cpp/taglib/pkg/armeabi-v7a/include/taglib/id3v2.h
-- Installing: /home/runner/work/Auxio-TS/Auxio-TS/musikr/src/main/cpp/taglib/pkg/armeabi-v7a/include/taglib/id3v2extendedheader.h
-- Installing: /home/runner/work/Auxio-TS/Auxio-TS/musikr/src/main/cpp/taglib/pkg/armeabi-v7a/include/taglib/id3v2frame.h
-- Installing: /home/runner/work/Auxio-TS/Auxio-TS/musikr/src/main/cpp/taglib/pkg/armeabi-v7a/include/taglib/id3v2header.h
-- Installing: /home/runner/work/Auxio-TS/Auxio-TS/musikr/src/main/cpp/taglib/pkg/armeabi-v7a/include/taglib/id3v2synchdata.h
-- Installing: /home/runner/work/Auxio-TS/Auxio-TS/musikr/src/main/cpp/taglib/pkg/armeabi-v7a/include/taglib/id3v2footer.h
-- Installing: /home/runner/work/Auxio-TS/Auxio-TS/musikr/src/main/cpp/taglib/pkg/armeabi-v7a/include/taglib/id3v2framefactory.h
-- Installing: /home/runner/work/Auxio-TS/Auxio-TS/musikr/src/main/cpp/taglib/pkg/armeabi-v7a/include/taglib/id3v2tag.h
-- Installing: /home/runner/work/Auxio-TS/Auxio-TS/musikr/src/main/cpp/taglib/pkg/armeabi-v7a/include/taglib/attachedpictureframe.h
-- Installing: /home/runner/work/Auxio-TS/Auxio-TS/musikr/src/main/cpp/taglib/pkg/armeabi-v7a/include/taglib/commentsframe.h
-- Installing: /home/runner/work/Auxio-TS/Auxio-TS/musikr/src/main/cpp/taglib/pkg/armeabi-v7a/include/taglib/eventtimingcodesframe.h
-- Installing: /home/runner/work/Auxio-TS/Auxio-TS/musikr/src/main/cpp/taglib/pkg/armeabi-v7a/include/taglib/generalencapsulatedobjectframe.h
-- Installing: /home/runner/work/Auxio-TS/Auxio-TS/musikr/src/main/cpp/taglib/pkg/armeabi-v7a/include/taglib/ownershipframe.h
-- Installing: /home/runner/work/Auxio-TS/Auxio-TS/musikr/src/main/cpp/taglib/pkg/armeabi-v7a/include/taglib/popularimeterframe.h
-- Installing: /home/runner/work/Auxio-TS/Auxio-TS/musikr/src/main/cpp/taglib/pkg/armeabi-v7a/include/taglib/privateframe.h
-- Installing: /home/runner/work/Auxio-TS/Auxio-TS/musikr/src/main/cpp/taglib/pkg/armeabi-v7a/include/taglib/relativevolumeframe.h
-- Installing: /home/runner/work/Auxio-TS/Auxio-TS/musikr/src/main/cpp/taglib/pkg/armeabi-v7a/include/taglib/synchronizedlyricsframe.h
-- Installing: /home/runner/work/Auxio-TS/Auxio-TS/musikr/src/main/cpp/taglib/pkg/armeabi-v7a/include/taglib/textidentificationframe.h
-- Installing: /home/runner/work/Auxio-TS/Auxio-TS/musikr/src/main/cpp/taglib/pkg/armeabi-v7a/include/taglib/uniquefileidentifierframe.h
-- Installing: /home/runner/work/Auxio-TS/Auxio-TS/musikr/src/main/cpp/taglib/pkg/armeabi-v7a/include/taglib/unknownframe.h
-- Installing: /home/runner/work/Auxio-TS/Auxio-TS/musikr/src/main/cpp/taglib/pkg/armeabi-v7a/include/taglib/unsynchronizedlyricsframe.h
-- Installing: /home/runner/work/Auxio-TS/Auxio-TS/musikr/src/main/cpp/taglib/pkg/armeabi-v7a/include/taglib/urllinkframe.h
-- Installing: /home/runner/work/Auxio-TS/Auxio-TS/musikr/src/main/cpp/taglib/pkg/armeabi-v7a/include/taglib/chapterframe.h
-- Installing: /home/runner/work/Auxio-TS/Auxio-TS/musikr/src/main/cpp/taglib/pkg/armeabi-v7a/include/taglib/tableofcontentsframe.h
-- Installing: /home/runner/work/Auxio-TS/Auxio-TS/musikr/src/main/cpp/taglib/pkg/armeabi-v7a/include/taglib/podcastframe.h
-- Installing: /home/runner/work/Auxio-TS/Auxio-TS/musikr/src/main/cpp/taglib/pkg/armeabi-v7a/include/taglib/oggfile.h
-- Installing: /home/runner/work/Auxio-TS/Auxio-TS/musikr/src/main/cpp/taglib/pkg/armeabi-v7a/include/taglib/oggpage.h
-- Installing: /home/runner/work/Auxio-TS/Auxio-TS/musikr/src/main/cpp/taglib/pkg/armeabi-v7a/include/taglib/oggpageheader.h
-- Installing: /home/runner/work/Auxio-TS/Auxio-TS/musikr/src/main/cpp/taglib/pkg/armeabi-v7a/include/taglib/xiphcomment.h
-- Installing: /home/runner/work/Auxio-TS/Auxio-TS/musikr/src/main/cpp/taglib/pkg/armeabi-v7a/include/taglib/vorbisfile.h
-- Installing: /home/runner/work/Auxio-TS/Auxio-TS/musikr/src/main/cpp/taglib/pkg/armeabi-v7a/include/taglib/vorbisproperties.h
-- Installing: /home/runner/work/Auxio-TS/Auxio-TS/musikr/src/main/cpp/taglib/pkg/armeabi-v7a/include/taglib/oggflacfile.h
-- Installing: /home/runner/work/Auxio-TS/Auxio-TS/musikr/src/main/cpp/taglib/pkg/armeabi-v7a/include/taglib/speexfile.h
-- Installing: /home/runner/work/Auxio-TS/Auxio-TS/musikr/src/main/cpp/taglib/pkg/armeabi-v7a/include/taglib/speexproperties.h
-- Installing: /home/runner/work/Auxio-TS/Auxio-TS/musikr/src/main/cpp/taglib/pkg/armeabi-v7a/include/taglib/opusfile.h
-- Installing: /home/runner/work/Auxio-TS/Auxio-TS/musikr/src/main/cpp/taglib/pkg/armeabi-v7a/include/taglib/opusproperties.h
-- Installing: /home/runner/work/Auxio-TS/Auxio-TS/musikr/src/main/cpp/taglib/pkg/armeabi-v7a/include/taglib/flacfile.h
-- Installing: /home/runner/work/Auxio-TS/Auxio-TS/musikr/src/main/cpp/taglib/pkg/armeabi-v7a/include/taglib/flacpicture.h
-- Installing: /home/runner/work/Auxio-TS/Auxio-TS/musikr/src/main/cpp/taglib/pkg/armeabi-v7a/include/taglib/flacproperties.h
-- Installing: /home/runner/work/Auxio-TS/Auxio-TS/musikr/src/main/cpp/taglib/pkg/armeabi-v7a/include/taglib/flacmetadatablock.h
-- Installing: /home/runner/work/Auxio-TS/Auxio-TS/musikr/src/main/cpp/taglib/pkg/armeabi-v7a/include/taglib/rifffile.h
-- Installing: /home/runner/work/Auxio-TS/Auxio-TS/musikr/src/main/cpp/taglib/pkg/armeabi-v7a/include/taglib/aifffile.h
-- Installing: /home/runner/work/Auxio-TS/Auxio-TS/musikr/src/main/cpp/taglib/pkg/armeabi-v7a/include/taglib/aiffproperties.h
-- Installing: /home/runner/work/Auxio-TS/Auxio-TS/musikr/src/main/cpp/taglib/pkg/armeabi-v7a/include/taglib/wavfile.h
-- Installing: /home/runner/work/Auxio-TS/Auxio-TS/musikr/src/main/cpp/taglib/pkg/armeabi-v7a/include/taglib/wavproperties.h
-- Installing: /home/runner/work/Auxio-TS/Auxio-TS/musikr/src/main/cpp/taglib/pkg/armeabi-v7a/include/taglib/infotag.h
-- Installing: /home/runner/work/Auxio-TS/Auxio-TS/musikr/src/main/cpp/taglib/pkg/armeabi-v7a/include/taglib/mp4file.h
-- Installing: /home/runner/work/Auxio-TS/Auxio-TS/musikr/src/main/cpp/taglib/pkg/armeabi-v7a/include/taglib/mp4atom.h
-- Installing: /home/runner/work/Auxio-TS/Auxio-TS/musikr/src/main/cpp/taglib/pkg/armeabi-v7a/include/taglib/mp4tag.h
-- Installing: /home/runner/work/Auxio-TS/Auxio-TS/musikr/src/main/cpp/taglib/pkg/armeabi-v7a/include/taglib/mp4item.h
-- Installing: /home/runner/work/Auxio-TS/Auxio-TS/musikr/src/main/cpp/taglib/pkg/armeabi-v7a/include/taglib/mp4properties.h
-- Installing: /home/runner/work/Auxio-TS/Auxio-TS/musikr/src/main/cpp/taglib/pkg/armeabi-v7a/include/taglib/mp4coverart.h
-- Installing: /home/runner/work/Auxio-TS/Auxio-TS/musikr/src/main/cpp/taglib/pkg/armeabi-v7a/include/taglib/mp4stem.h
-- Installing: /home/runner/work/Auxio-TS/Auxio-TS/musikr/src/main/cpp/taglib/pkg/armeabi-v7a/include/taglib/mp4itemfactory.h
-- Installing: /home/runner/work/Auxio-TS/Auxio-TS/musikr/src/main/cpp/taglib/pkg/armeabi-v7a/include/taglib/mp4chapter.h
-- Installing: /home/runner/work/Auxio-TS/Auxio-TS/musikr/src/main/cpp/taglib/pkg/armeabi-v7a/include/taglib/mp4chapterholder.h
-- Installing: /home/runner/work/Auxio-TS/Auxio-TS/musikr/src/main/cpp/taglib/pkg/armeabi-v7a/include/taglib/mp4nerochapterlist.h
-- Installing: /home/runner/work/Auxio-TS/Auxio-TS/musikr/src/main/cpp/taglib/pkg/armeabi-v7a/include/taglib/mp4qtchapterlist.h
-- Installing: /home/runner/work/Auxio-TS/Auxio-TS/musikr/src/main/cpp/taglib/pkg/armeabi-v7a/include/taglib/dsffile.h
-- Installing: /home/runner/work/Auxio-TS/Auxio-TS/musikr/src/main/cpp/taglib/pkg/armeabi-v7a/include/taglib/dsfproperties.h
-- Installing: /home/runner/work/Auxio-TS/Auxio-TS/musikr/src/main/cpp/taglib/pkg/armeabi-v7a/include/taglib/dsdifffile.h
-- Installing: /home/runner/work/Auxio-TS/Auxio-TS/musikr/src/main/cpp/taglib/pkg/armeabi-v7a/include/taglib/dsdiffproperties.h
-- Installing: /home/runner/work/Auxio-TS/Auxio-TS/musikr/src/main/cpp/taglib/pkg/armeabi-v7a/include/taglib/dsdiffdiintag.h
-- Installing: /home/runner/work/Auxio-TS/Auxio-TS/musikr/src/main/cpp/taglib/pkg/armeabi-v7a/include/taglib/matroskaattachedfile.h
-- Installing: /home/runner/work/Auxio-TS/Auxio-TS/musikr/src/main/cpp/taglib/pkg/armeabi-v7a/include/taglib/matroskaattachments.h
-- Installing: /home/runner/work/Auxio-TS/Auxio-TS/musikr/src/main/cpp/taglib/pkg/armeabi-v7a/include/taglib/matroskachapter.h
-- Installing: /home/runner/work/Auxio-TS/Auxio-TS/musikr/src/main/cpp/taglib/pkg/armeabi-v7a/include/taglib/matroskachapteredition.h
-- Installing: /home/runner/work/Auxio-TS/Auxio-TS/musikr/src/main/cpp/taglib/pkg/armeabi-v7a/include/taglib/matroskachapters.h
-- Installing: /home/runner/work/Auxio-TS/Auxio-TS/musikr/src/main/cpp/taglib/pkg/armeabi-v7a/include/taglib/matroskaelement.h
-- Installing: /home/runner/work/Auxio-TS/Auxio-TS/musikr/src/main/cpp/taglib/pkg/armeabi-v7a/include/taglib/matroskafile.h
-- Installing: /home/runner/work/Auxio-TS/Auxio-TS/musikr/src/main/cpp/taglib/pkg/armeabi-v7a/include/taglib/matroskaproperties.h
-- Installing: /home/runner/work/Auxio-TS/Auxio-TS/musikr/src/main/cpp/taglib/pkg/armeabi-v7a/include/taglib/matroskasimpletag.h
-- Installing: /home/runner/work/Auxio-TS/Auxio-TS/musikr/src/main/cpp/taglib/pkg/armeabi-v7a/include/taglib/matroskatag.h
-- Installing: /home/runner/work/Auxio-TS/Auxio-TS/musikr/src/main/cpp/taglib/pkg/armeabi-v7a/include/taglib/matroskawritestyle.h
-- Installing: /home/runner/work/Auxio-TS/Auxio-TS/musikr/src/main/cpp/taglib/pkg/armeabi-v7a/lib/cmake/taglib/taglib-targets.cmake
-- Installing: /home/runner/work/Auxio-TS/Auxio-TS/musikr/src/main/cpp/taglib/pkg/armeabi-v7a/lib/cmake/taglib/taglib-targets-release.cmake
-- Installing: /home/runner/work/Auxio-TS/Auxio-TS/musikr/src/main/cpp/taglib/pkg/armeabi-v7a/lib/cmake/taglib/taglib-config.cmake
-- Installing: /home/runner/work/Auxio-TS/Auxio-TS/musikr/src/main/cpp/taglib/pkg/armeabi-v7a/lib/cmake/taglib/taglib-config-version.cmake
-- Android: Targeting API '21' with architecture 'arm64', ABI 'arm64-v8a', and processor 'aarch64'
-- Android: Selected unified Clang toolchain
-- The C compiler identification is Clang 19.0.1
-- The CXX compiler identification is Clang 19.0.1
-- Detecting C compiler ABI info
-- Detecting C compiler ABI info - done
-- Check for working C compiler: /usr/local/lib/android/sdk/ndk/28.2.13676358/toolchains/llvm/prebuilt/linux-x86_64/bin/clang - skipped
-- Detecting C compile features
-- Detecting C compile features - done
-- Detecting CXX compiler ABI info
-- Detecting CXX compiler ABI info - done
-- Check for working CXX compiler: /usr/local/lib/android/sdk/ndk/28.2.13676358/toolchains/llvm/prebuilt/linux-x86_64/bin/clang++ - skipped
-- Detecting CXX compile features
-- Detecting CXX compile features - done
-- Looking for sys/types.h
-- Looking for sys/types.h - found
-- Looking for stdint.h
-- Looking for stdint.h - found
-- Looking for stddef.h
-- Looking for stddef.h - found
-- Check size of short
-- Check size of short - done
-- Check size of int
-- Check size of int - done
-- Check size of long long
-- Check size of long long - done
-- Check size of wchar_t
-- Check size of wchar_t - done
-- Check size of float
-- Check size of float - done
-- Check size of double
-- Check size of double - done
-- Performing Test HAVE_GCC_BYTESWAP
-- Performing Test HAVE_GCC_BYTESWAP - Success
-- Performing Test HAVE_ISO_STRDUP
-- Performing Test HAVE_ISO_STRDUP - Failed
-- Could NOT find utf8cpp (missing: utf8cpp_INCLUDE_DIR) 
-- Using utfcpp from /home/runner/work/Auxio-TS/Auxio-TS/musikr/src/main/cpp/taglib/3rdparty/utfcpp
-- 
-- Configuring done (1.6s)
-- Generating done (0.0s)
-- Build files have been written to: /home/runner/work/Auxio-TS/Auxio-TS/musikr/src/main/cpp/taglib/build/arm64-v8a
[  0%] Building CXX object taglib/CMakeFiles/tag.dir/mpeg/mpegfile.cpp.o
[  1%] Building CXX object taglib/CMakeFiles/tag.dir/mpeg/mpegproperties.cpp.o
[  2%] Building CXX object taglib/CMakeFiles/tag.dir/mpeg/mpegheader.cpp.o
[  3%] Building CXX object taglib/CMakeFiles/tag.dir/mpeg/xingheader.cpp.o
[  4%] Building CXX object taglib/CMakeFiles/tag.dir/mpeg/id3v1/id3v1tag.cpp.o
[  5%] Building CXX object taglib/CMakeFiles/tag.dir/mpeg/id3v1/id3v1genres.cpp.o
[  5%] Building CXX object taglib/CMakeFiles/tag.dir/mpeg/id3v2/id3v2framefactory.cpp.o
[  6%] Building CXX object taglib/CMakeFiles/tag.dir/mpeg/id3v2/id3v2synchdata.cpp.o
[  7%] Building CXX object taglib/CMakeFiles/tag.dir/mpeg/id3v2/id3v2tag.cpp.o
[  8%] Building CXX object taglib/CMakeFiles/tag.dir/mpeg/id3v2/id3v2header.cpp.o
[  9%] Building CXX object taglib/CMakeFiles/tag.dir/mpeg/id3v2/id3v2frame.cpp.o
[ 10%] Building CXX object taglib/CMakeFiles/tag.dir/mpeg/id3v2/id3v2footer.cpp.o
[ 11%] Building CXX object taglib/CMakeFiles/tag.dir/mpeg/id3v2/id3v2extendedheader.cpp.o
[INFO] Gradle still running: 2m 30s elapsed; no output for 0s
[ 11%] Building CXX object taglib/CMakeFiles/tag.dir/mpeg/id3v2/frames/attachedpictureframe.cpp.o
[ 12%] Building CXX object taglib/CMakeFiles/tag.dir/mpeg/id3v2/frames/commentsframe.cpp.o
[ 13%] Building CXX object taglib/CMakeFiles/tag.dir/mpeg/id3v2/frames/eventtimingcodesframe.cpp.o
[ 14%] Building CXX object taglib/CMakeFiles/tag.dir/mpeg/id3v2/frames/generalencapsulatedobjectframe.cpp.o
[ 15%] Building CXX object taglib/CMakeFiles/tag.dir/mpeg/id3v2/frames/ownershipframe.cpp.o
[ 16%] Building CXX object taglib/CMakeFiles/tag.dir/mpeg/id3v2/frames/popularimeterframe.cpp.o
[ 16%] Building CXX object taglib/CMakeFiles/tag.dir/mpeg/id3v2/frames/privateframe.cpp.o
[ 17%] Building CXX object taglib/CMakeFiles/tag.dir/mpeg/id3v2/frames/relativevolumeframe.cpp.o
[ 18%] Building CXX object taglib/CMakeFiles/tag.dir/mpeg/id3v2/frames/synchronizedlyricsframe.cpp.o
[ 19%] Building CXX object taglib/CMakeFiles/tag.dir/mpeg/id3v2/frames/textidentificationframe.cpp.o
[ 20%] Building CXX object taglib/CMakeFiles/tag.dir/mpeg/id3v2/frames/uniquefileidentifierframe.cpp.o
[ 21%] Building CXX object taglib/CMakeFiles/tag.dir/mpeg/id3v2/frames/unknownframe.cpp.o
[ 22%] Building CXX object taglib/CMakeFiles/tag.dir/mpeg/id3v2/frames/unsynchronizedlyricsframe.cpp.o
[ 22%] Building CXX object taglib/CMakeFiles/tag.dir/mpeg/id3v2/frames/urllinkframe.cpp.o
[ 23%] Building CXX object taglib/CMakeFiles/tag.dir/mpeg/id3v2/frames/chapterframe.cpp.o
[ 24%] Building CXX object taglib/CMakeFiles/tag.dir/mpeg/id3v2/frames/tableofcontentsframe.cpp.o
[ 25%] Building CXX object taglib/CMakeFiles/tag.dir/mpeg/id3v2/frames/podcastframe.cpp.o
[ 26%] Building CXX object taglib/CMakeFiles/tag.dir/ogg/oggfile.cpp.o
[ 27%] Building CXX object taglib/CMakeFiles/tag.dir/ogg/oggpage.cpp.o
[ 27%] Building CXX object taglib/CMakeFiles/tag.dir/ogg/oggpageheader.cpp.o
[ 28%] Building CXX object taglib/CMakeFiles/tag.dir/ogg/xiphcomment.cpp.o
[ 29%] Building CXX object taglib/CMakeFiles/tag.dir/ogg/vorbis/vorbisfile.cpp.o
[ 30%] Building CXX object taglib/CMakeFiles/tag.dir/ogg/vorbis/vorbisproperties.cpp.o
[ 31%] Building CXX object taglib/CMakeFiles/tag.dir/ogg/flac/oggflacfile.cpp.o
[ 32%] Building CXX object taglib/CMakeFiles/tag.dir/toolkit/tstring.cpp.o
[ 33%] Building CXX object taglib/CMakeFiles/tag.dir/toolkit/tstringlist.cpp.o
[ 33%] Building CXX object taglib/CMakeFiles/tag.dir/toolkit/tbytevector.cpp.o
[ 34%] Building CXX object taglib/CMakeFiles/tag.dir/toolkit/tbytevectorlist.cpp.o
[ 35%] Building CXX object taglib/CMakeFiles/tag.dir/toolkit/tvariant.cpp.o
[ 36%] Building CXX object taglib/CMakeFiles/tag.dir/toolkit/tbytevectorstream.cpp.o
[ 37%] Building CXX object taglib/CMakeFiles/tag.dir/toolkit/tiostream.cpp.o
[ 38%] Building CXX object taglib/CMakeFiles/tag.dir/toolkit/tfile.cpp.o
[ 38%] Building CXX object taglib/CMakeFiles/tag.dir/toolkit/tfilestream.cpp.o
[ 39%] Building CXX object taglib/CMakeFiles/tag.dir/toolkit/tdebug.cpp.o
[ 40%] Building CXX object taglib/CMakeFiles/tag.dir/toolkit/tpicturetype.cpp.o
[ 41%] Building CXX object taglib/CMakeFiles/tag.dir/toolkit/tpropertymap.cpp.o
[ 42%] Building CXX object taglib/CMakeFiles/tag.dir/toolkit/tdebuglistener.cpp.o
[ 43%] Building CXX object taglib/CMakeFiles/tag.dir/toolkit/tzlib.cpp.o
[ 44%] Building CXX object taglib/CMakeFiles/tag.dir/toolkit/tversionnumber.cpp.o
[ 44%] Building CXX object taglib/CMakeFiles/tag.dir/flac/flacfile.cpp.o
[ 45%] Building CXX object taglib/CMakeFiles/tag.dir/flac/flacpicture.cpp.o
[ 46%] Building CXX object taglib/CMakeFiles/tag.dir/flac/flacproperties.cpp.o
[ 47%] Building CXX object taglib/CMakeFiles/tag.dir/flac/flacmetadatablock.cpp.o
[ 48%] Building CXX object taglib/CMakeFiles/tag.dir/flac/flacunknownmetadatablock.cpp.o
[ 49%] Building CXX object taglib/CMakeFiles/tag.dir/ogg/speex/speexfile.cpp.o
[ 50%] Building CXX object taglib/CMakeFiles/tag.dir/ogg/speex/speexproperties.cpp.o
[ 50%] Building CXX object taglib/CMakeFiles/tag.dir/riff/rifffile.cpp.o
[ 51%] Building CXX object taglib/CMakeFiles/tag.dir/riff/aiff/aifffile.cpp.o
[ 52%] Building CXX object taglib/CMakeFiles/tag.dir/riff/aiff/aiffproperties.cpp.o
[ 53%] Building CXX object taglib/CMakeFiles/tag.dir/riff/wav/wavfile.cpp.o
[ 54%] Building CXX object taglib/CMakeFiles/tag.dir/riff/wav/wavproperties.cpp.o
[ 55%] Building CXX object taglib/CMakeFiles/tag.dir/riff/wav/infotag.cpp.o
[ 55%] Building CXX object taglib/CMakeFiles/tag.dir/mp4/mp4file.cpp.o
[ 56%] Building CXX object taglib/CMakeFiles/tag.dir/mp4/mp4atom.cpp.o
[ 57%] Building CXX object taglib/CMakeFiles/tag.dir/mp4/mp4tag.cpp.o
[ 58%] Building CXX object taglib/CMakeFiles/tag.dir/mp4/mp4item.cpp.o
[ 59%] Building CXX object taglib/CMakeFiles/tag.dir/mp4/mp4properties.cpp.o
[ 60%] Building CXX object taglib/CMakeFiles/tag.dir/mp4/mp4coverart.cpp.o
[ 61%] Building CXX object taglib/CMakeFiles/tag.dir/mp4/mp4stem.cpp.o
[ 61%] Building CXX object taglib/CMakeFiles/tag.dir/mp4/mp4itemfactory.cpp.o
[ 62%] Building CXX object taglib/CMakeFiles/tag.dir/mp4/mp4chapter.cpp.o
[ 63%] Building CXX object taglib/CMakeFiles/tag.dir/mp4/mp4nerochapterlist.cpp.o
[ 64%] Building CXX object taglib/CMakeFiles/tag.dir/mp4/mp4qtchapterlist.cpp.o
[ 65%] Building CXX object taglib/CMakeFiles/tag.dir/ogg/opus/opusfile.cpp.o
[ 66%] Building CXX object taglib/CMakeFiles/tag.dir/ogg/opus/opusproperties.cpp.o
[ 66%] Building CXX object taglib/CMakeFiles/tag.dir/dsf/dsffile.cpp.o
[ 67%] Building CXX object taglib/CMakeFiles/tag.dir/dsf/dsfproperties.cpp.o
[ 68%] Building CXX object taglib/CMakeFiles/tag.dir/dsdiff/dsdifffile.cpp.o
[ 69%] Building CXX object taglib/CMakeFiles/tag.dir/dsdiff/dsdiffproperties.cpp.o
[ 70%] Building CXX object taglib/CMakeFiles/tag.dir/dsdiff/dsdiffdiintag.cpp.o
[ 71%] Building CXX object taglib/CMakeFiles/tag.dir/matroska/matroskaattachedfile.cpp.o
[ 72%] Building CXX object taglib/CMakeFiles/tag.dir/matroska/matroskaattachments.cpp.o
[ 72%] Building CXX object taglib/CMakeFiles/tag.dir/matroska/matroskachapter.cpp.o
[ 73%] Building CXX object taglib/CMakeFiles/tag.dir/matroska/matroskachapteredition.cpp.o
[ 74%] Building CXX object taglib/CMakeFiles/tag.dir/matroska/matroskachapters.cpp.o
[ 75%] Building CXX object taglib/CMakeFiles/tag.dir/matroska/matroskacues.cpp.o
[ 76%] Building CXX object taglib/CMakeFiles/tag.dir/matroska/matroskaelement.cpp.o
[ 77%] Building CXX object taglib/CMakeFiles/tag.dir/matroska/matroskafile.cpp.o
[ 77%] Building CXX object taglib/CMakeFiles/tag.dir/matroska/matroskaproperties.cpp.o
[ 78%] Building CXX object taglib/CMakeFiles/tag.dir/matroska/matroskaseekhead.cpp.o
[ 79%] Building CXX object taglib/CMakeFiles/tag.dir/matroska/matroskasegment.cpp.o
[ 80%] Building CXX object taglib/CMakeFiles/tag.dir/matroska/matroskasimpletag.cpp.o
[ 81%] Building CXX object taglib/CMakeFiles/tag.dir/matroska/matroskatag.cpp.o
[ 82%] Building CXX object taglib/CMakeFiles/tag.dir/matroska/ebml/ebmlbinaryelement.cpp.o
[ 83%] Building CXX object taglib/CMakeFiles/tag.dir/matroska/ebml/ebmlelement.cpp.o
[ 83%] Building CXX object taglib/CMakeFiles/tag.dir/matroska/ebml/ebmlmasterelement.cpp.o
[ 84%] Building CXX object taglib/CMakeFiles/tag.dir/matroska/ebml/ebmlmkattachments.cpp.o
[ 85%] Building CXX object taglib/CMakeFiles/tag.dir/matroska/ebml/ebmlmkchapters.cpp.o
[ 86%] Building CXX object taglib/CMakeFiles/tag.dir/matroska/ebml/ebmlmkcues.cpp.o
[ 87%] Building CXX object taglib/CMakeFiles/tag.dir/matroska/ebml/ebmlmkseekhead.cpp.o
[ 88%] Building CXX object taglib/CMakeFiles/tag.dir/matroska/ebml/ebmlmksegment.cpp.o
[ 88%] Building CXX object taglib/CMakeFiles/tag.dir/matroska/ebml/ebmlmkinfo.cpp.o
[ 89%] Building CXX object taglib/CMakeFiles/tag.dir/matroska/ebml/ebmlmktracks.cpp.o
[ 90%] Building CXX object taglib/CMakeFiles/tag.dir/matroska/ebml/ebmlmktags.cpp.o
[ 91%] Building CXX object taglib/CMakeFiles/tag.dir/matroska/ebml/ebmlstringelement.cpp.o
[ 92%] Building CXX object taglib/CMakeFiles/tag.dir/matroska/ebml/ebmluintelement.cpp.o
[ 93%] Building CXX object taglib/CMakeFiles/tag.dir/matroska/ebml/ebmlfloatelement.cpp.o
[INFO] Gradle still running: 3m 00s elapsed; no output for 0s
[ 94%] Building CXX object taglib/CMakeFiles/tag.dir/matroska/ebml/ebmlutils.cpp.o
[ 94%] Building CXX object taglib/CMakeFiles/tag.dir/matroska/ebml/ebmlvoidelement.cpp.o
[ 95%] Building CXX object taglib/CMakeFiles/tag.dir/tag.cpp.o
[ 96%] Building CXX object taglib/CMakeFiles/tag.dir/tagunion.cpp.o
[ 97%] Building CXX object taglib/CMakeFiles/tag.dir/fileref.cpp.o
[ 98%] Building CXX object taglib/CMakeFiles/tag.dir/audioproperties.cpp.o
[ 99%] Building CXX object taglib/CMakeFiles/tag.dir/tagutils.cpp.o
[100%] Linking CXX static library libtag.a
[100%] Built target tag
-- Installing: /home/runner/work/Auxio-TS/Auxio-TS/musikr/src/main/cpp/taglib/pkg/arm64-v8a/bin/taglib-config
-- Installing: /home/runner/work/Auxio-TS/Auxio-TS/musikr/src/main/cpp/taglib/pkg/arm64-v8a/lib/pkgconfig/taglib.pc
-- Installing: /home/runner/work/Auxio-TS/Auxio-TS/musikr/src/main/cpp/taglib/pkg/arm64-v8a/share/utf8cpp/cmake/utf8cppTargets.cmake
-- Installing: /home/runner/work/Auxio-TS/Auxio-TS/musikr/src/main/cpp/taglib/pkg/arm64-v8a/share/utf8cpp/cmake/utf8cppConfig.cmake
-- Installing: /home/runner/work/Auxio-TS/Auxio-TS/musikr/src/main/cpp/taglib/pkg/arm64-v8a/share/utf8cpp/cmake/utf8cppConfigVersion.cmake
-- Installing: /home/runner/work/Auxio-TS/Auxio-TS/musikr/src/main/cpp/taglib/pkg/arm64-v8a/include/utf8cpp/utf8.h
-- Installing: /home/runner/work/Auxio-TS/Auxio-TS/musikr/src/main/cpp/taglib/pkg/arm64-v8a/include/utf8cpp/utf8
-- Installing: /home/runner/work/Auxio-TS/Auxio-TS/musikr/src/main/cpp/taglib/pkg/arm64-v8a/include/utf8cpp/utf8/core.h
-- Installing: /home/runner/work/Auxio-TS/Auxio-TS/musikr/src/main/cpp/taglib/pkg/arm64-v8a/include/utf8cpp/utf8/unchecked.h
-- Installing: /home/runner/work/Auxio-TS/Auxio-TS/musikr/src/main/cpp/taglib/pkg/arm64-v8a/include/utf8cpp/utf8/checked.h
-- Installing: /home/runner/work/Auxio-TS/Auxio-TS/musikr/src/main/cpp/taglib/pkg/arm64-v8a/include/utf8cpp/utf8/cpp17.h
-- Installing: /home/runner/work/Auxio-TS/Auxio-TS/musikr/src/main/cpp/taglib/pkg/arm64-v8a/include/utf8cpp/utf8/cpp20.h
-- Installing: /home/runner/work/Auxio-TS/Auxio-TS/musikr/src/main/cpp/taglib/pkg/arm64-v8a/include/utf8cpp/utf8/cpp11.h
-- Installing: /home/runner/work/Auxio-TS/Auxio-TS/musikr/src/main/cpp/taglib/pkg/arm64-v8a/lib/libtag.a
-- Installing: /home/runner/work/Auxio-TS/Auxio-TS/musikr/src/main/cpp/taglib/pkg/arm64-v8a/include/taglib/tag.h
-- Installing: /home/runner/work/Auxio-TS/Auxio-TS/musikr/src/main/cpp/taglib/pkg/arm64-v8a/include/taglib/fileref.h
-- Installing: /home/runner/work/Auxio-TS/Auxio-TS/musikr/src/main/cpp/taglib/pkg/arm64-v8a/include/taglib/audioproperties.h
-- Installing: /home/runner/work/Auxio-TS/Auxio-TS/musikr/src/main/cpp/taglib/pkg/arm64-v8a/include/taglib/taglib_export.h
-- Installing: /home/runner/work/Auxio-TS/Auxio-TS/musikr/src/main/cpp/taglib/pkg/arm64-v8a/include/taglib/taglib_config.h
-- Installing: /home/runner/work/Auxio-TS/Auxio-TS/musikr/src/main/cpp/taglib/pkg/arm64-v8a/include/taglib/taglib.h
-- Installing: /home/runner/work/Auxio-TS/Auxio-TS/musikr/src/main/cpp/taglib/pkg/arm64-v8a/include/taglib/tstring.h
-- Installing: /home/runner/work/Auxio-TS/Auxio-TS/musikr/src/main/cpp/taglib/pkg/arm64-v8a/include/taglib/tlist.h
-- Installing: /home/runner/work/Auxio-TS/Auxio-TS/musikr/src/main/cpp/taglib/pkg/arm64-v8a/include/taglib/tlist.tcc
-- Installing: /home/runner/work/Auxio-TS/Auxio-TS/musikr/src/main/cpp/taglib/pkg/arm64-v8a/include/taglib/tstringlist.h
-- Installing: /home/runner/work/Auxio-TS/Auxio-TS/musikr/src/main/cpp/taglib/pkg/arm64-v8a/include/taglib/tbytevector.h
-- Installing: /home/runner/work/Auxio-TS/Auxio-TS/musikr/src/main/cpp/taglib/pkg/arm64-v8a/include/taglib/tbytevectorlist.h
-- Installing: /home/runner/work/Auxio-TS/Auxio-TS/musikr/src/main/cpp/taglib/pkg/arm64-v8a/include/taglib/tvariant.h
-- Installing: /home/runner/work/Auxio-TS/Auxio-TS/musikr/src/main/cpp/taglib/pkg/arm64-v8a/include/taglib/tbytevectorstream.h
-- Installing: /home/runner/work/Auxio-TS/Auxio-TS/musikr/src/main/cpp/taglib/pkg/arm64-v8a/include/taglib/tiostream.h
-- Installing: /home/runner/work/Auxio-TS/Auxio-TS/musikr/src/main/cpp/taglib/pkg/arm64-v8a/include/taglib/tfile.h
-- Installing: /home/runner/work/Auxio-TS/Auxio-TS/musikr/src/main/cpp/taglib/pkg/arm64-v8a/include/taglib/tfilestream.h
-- Installing: /home/runner/work/Auxio-TS/Auxio-TS/musikr/src/main/cpp/taglib/pkg/arm64-v8a/include/taglib/tmap.h
-- Installing: /home/runner/work/Auxio-TS/Auxio-TS/musikr/src/main/cpp/taglib/pkg/arm64-v8a/include/taglib/tmap.tcc
-- Installing: /home/runner/work/Auxio-TS/Auxio-TS/musikr/src/main/cpp/taglib/pkg/arm64-v8a/include/taglib/tpicturetype.h
-- Installing: /home/runner/work/Auxio-TS/Auxio-TS/musikr/src/main/cpp/taglib/pkg/arm64-v8a/include/taglib/tpropertymap.h
-- Installing: /home/runner/work/Auxio-TS/Auxio-TS/musikr/src/main/cpp/taglib/pkg/arm64-v8a/include/taglib/tdebuglistener.h
-- Installing: /home/runner/work/Auxio-TS/Auxio-TS/musikr/src/main/cpp/taglib/pkg/arm64-v8a/include/taglib/tversionnumber.h
-- Installing: /home/runner/work/Auxio-TS/Auxio-TS/musikr/src/main/cpp/taglib/pkg/arm64-v8a/include/taglib/mpegfile.h
-- Installing: /home/runner/work/Auxio-TS/Auxio-TS/musikr/src/main/cpp/taglib/pkg/arm64-v8a/include/taglib/mpegproperties.h
-- Installing: /home/runner/work/Auxio-TS/Auxio-TS/musikr/src/main/cpp/taglib/pkg/arm64-v8a/include/taglib/mpegheader.h
-- Installing: /home/runner/work/Auxio-TS/Auxio-TS/musikr/src/main/cpp/taglib/pkg/arm64-v8a/include/taglib/xingheader.h
-- Installing: /home/runner/work/Auxio-TS/Auxio-TS/musikr/src/main/cpp/taglib/pkg/arm64-v8a/include/taglib/id3v1tag.h
-- Installing: /home/runner/work/Auxio-TS/Auxio-TS/musikr/src/main/cpp/taglib/pkg/arm64-v8a/include/taglib/id3v1genres.h
-- Installing: /home/runner/work/Auxio-TS/Auxio-TS/musikr/src/main/cpp/taglib/pkg/arm64-v8a/include/taglib/id3v2.h
-- Installing: /home/runner/work/Auxio-TS/Auxio-TS/musikr/src/main/cpp/taglib/pkg/arm64-v8a/include/taglib/id3v2extendedheader.h
-- Installing: /home/runner/work/Auxio-TS/Auxio-TS/musikr/src/main/cpp/taglib/pkg/arm64-v8a/include/taglib/id3v2frame.h
-- Installing: /home/runner/work/Auxio-TS/Auxio-TS/musikr/src/main/cpp/taglib/pkg/arm64-v8a/include/taglib/id3v2header.h
-- Installing: /home/runner/work/Auxio-TS/Auxio-TS/musikr/src/main/cpp/taglib/pkg/arm64-v8a/include/taglib/id3v2synchdata.h
-- Installing: /home/runner/work/Auxio-TS/Auxio-TS/musikr/src/main/cpp/taglib/pkg/arm64-v8a/include/taglib/id3v2footer.h
-- Installing: /home/runner/work/Auxio-TS/Auxio-TS/musikr/src/main/cpp/taglib/pkg/arm64-v8a/include/taglib/id3v2framefactory.h
-- Installing: /home/runner/work/Auxio-TS/Auxio-TS/musikr/src/main/cpp/taglib/pkg/arm64-v8a/include/taglib/id3v2tag.h
-- Installing: /home/runner/work/Auxio-TS/Auxio-TS/musikr/src/main/cpp/taglib/pkg/arm64-v8a/include/taglib/attachedpictureframe.h
-- Installing: /home/runner/work/Auxio-TS/Auxio-TS/musikr/src/main/cpp/taglib/pkg/arm64-v8a/include/taglib/commentsframe.h
-- Installing: /home/runner/work/Auxio-TS/Auxio-TS/musikr/src/main/cpp/taglib/pkg/arm64-v8a/include/taglib/eventtimingcodesframe.h
-- Installing: /home/runner/work/Auxio-TS/Auxio-TS/musikr/src/main/cpp/taglib/pkg/arm64-v8a/include/taglib/generalencapsulatedobjectframe.h
-- Installing: /home/runner/work/Auxio-TS/Auxio-TS/musikr/src/main/cpp/taglib/pkg/arm64-v8a/include/taglib/ownershipframe.h
-- Installing: /home/runner/work/Auxio-TS/Auxio-TS/musikr/src/main/cpp/taglib/pkg/arm64-v8a/include/taglib/popularimeterframe.h
-- Installing: /home/runner/work/Auxio-TS/Auxio-TS/musikr/src/main/cpp/taglib/pkg/arm64-v8a/include/taglib/privateframe.h
-- Installing: /home/runner/work/Auxio-TS/Auxio-TS/musikr/src/main/cpp/taglib/pkg/arm64-v8a/include/taglib/relativevolumeframe.h
-- Installing: /home/runner/work/Auxio-TS/Auxio-TS/musikr/src/main/cpp/taglib/pkg/arm64-v8a/include/taglib/synchronizedlyricsframe.h
-- Installing: /home/runner/work/Auxio-TS/Auxio-TS/musikr/src/main/cpp/taglib/pkg/arm64-v8a/include/taglib/textidentificationframe.h
-- Installing: /home/runner/work/Auxio-TS/Auxio-TS/musikr/src/main/cpp/taglib/pkg/arm64-v8a/include/taglib/uniquefileidentifierframe.h
-- Installing: /home/runner/work/Auxio-TS/Auxio-TS/musikr/src/main/cpp/taglib/pkg/arm64-v8a/include/taglib/unknownframe.h
-- Installing: /home/runner/work/Auxio-TS/Auxio-TS/musikr/src/main/cpp/taglib/pkg/arm64-v8a/include/taglib/unsynchronizedlyricsframe.h
-- Installing: /home/runner/work/Auxio-TS/Auxio-TS/musikr/src/main/cpp/taglib/pkg/arm64-v8a/include/taglib/urllinkframe.h
-- Installing: /home/runner/work/Auxio-TS/Auxio-TS/musikr/src/main/cpp/taglib/pkg/arm64-v8a/include/taglib/chapterframe.h
-- Installing: /home/runner/work/Auxio-TS/Auxio-TS/musikr/src/main/cpp/taglib/pkg/arm64-v8a/include/taglib/tableofcontentsframe.h
-- Installing: /home/runner/work/Auxio-TS/Auxio-TS/musikr/src/main/cpp/taglib/pkg/arm64-v8a/include/taglib/podcastframe.h
-- Installing: /home/runner/work/Auxio-TS/Auxio-TS/musikr/src/main/cpp/taglib/pkg/arm64-v8a/include/taglib/oggfile.h
-- Installing: /home/runner/work/Auxio-TS/Auxio-TS/musikr/src/main/cpp/taglib/pkg/arm64-v8a/include/taglib/oggpage.h
-- Installing: /home/runner/work/Auxio-TS/Auxio-TS/musikr/src/main/cpp/taglib/pkg/arm64-v8a/include/taglib/oggpageheader.h
-- Installing: /home/runner/work/Auxio-TS/Auxio-TS/musikr/src/main/cpp/taglib/pkg/arm64-v8a/include/taglib/xiphcomment.h
-- Installing: /home/runner/work/Auxio-TS/Auxio-TS/musikr/src/main/cpp/taglib/pkg/arm64-v8a/include/taglib/vorbisfile.h
-- Installing: /home/runner/work/Auxio-TS/Auxio-TS/musikr/src/main/cpp/taglib/pkg/arm64-v8a/include/taglib/vorbisproperties.h
-- Installing: /home/runner/work/Auxio-TS/Auxio-TS/musikr/src/main/cpp/taglib/pkg/arm64-v8a/include/taglib/oggflacfile.h
-- Installing: /home/runner/work/Auxio-TS/Auxio-TS/musikr/src/main/cpp/taglib/pkg/arm64-v8a/include/taglib/speexfile.h
-- Installing: /home/runner/work/Auxio-TS/Auxio-TS/musikr/src/main/cpp/taglib/pkg/arm64-v8a/include/taglib/speexproperties.h
-- Installing: /home/runner/work/Auxio-TS/Auxio-TS/musikr/src/main/cpp/taglib/pkg/arm64-v8a/include/taglib/opusfile.h
-- Installing: /home/runner/work/Auxio-TS/Auxio-TS/musikr/src/main/cpp/taglib/pkg/arm64-v8a/include/taglib/opusproperties.h
-- Installing: /home/runner/work/Auxio-TS/Auxio-TS/musikr/src/main/cpp/taglib/pkg/arm64-v8a/include/taglib/flacfile.h
-- Installing: /home/runner/work/Auxio-TS/Auxio-TS/musikr/src/main/cpp/taglib/pkg/arm64-v8a/include/taglib/flacpicture.h
-- Installing: /home/runner/work/Auxio-TS/Auxio-TS/musikr/src/main/cpp/taglib/pkg/arm64-v8a/include/taglib/flacproperties.h
-- Installing: /home/runner/work/Auxio-TS/Auxio-TS/musikr/src/main/cpp/taglib/pkg/arm64-v8a/include/taglib/flacmetadatablock.h
-- Installing: /home/runner/work/Auxio-TS/Auxio-TS/musikr/src/main/cpp/taglib/pkg/arm64-v8a/include/taglib/rifffile.h
-- Installing: /home/runner/work/Auxio-TS/Auxio-TS/musikr/src/main/cpp/taglib/pkg/arm64-v8a/include/taglib/aifffile.h
-- Installing: /home/runner/work/Auxio-TS/Auxio-TS/musikr/src/main/cpp/taglib/pkg/arm64-v8a/include/taglib/aiffproperties.h
-- Installing: /home/runner/work/Auxio-TS/Auxio-TS/musikr/src/main/cpp/taglib/pkg/arm64-v8a/include/taglib/wavfile.h
-- Installing: /home/runner/work/Auxio-TS/Auxio-TS/musikr/src/main/cpp/taglib/pkg/arm64-v8a/include/taglib/wavproperties.h
-- Installing: /home/runner/work/Auxio-TS/Auxio-TS/musikr/src/main/cpp/taglib/pkg/arm64-v8a/include/taglib/infotag.h
-- Installing: /home/runner/work/Auxio-TS/Auxio-TS/musikr/src/main/cpp/taglib/pkg/arm64-v8a/include/taglib/mp4file.h
-- Installing: /home/runner/work/Auxio-TS/Auxio-TS/musikr/src/main/cpp/taglib/pkg/arm64-v8a/include/taglib/mp4atom.h
-- Installing: /home/runner/work/Auxio-TS/Auxio-TS/musikr/src/main/cpp/taglib/pkg/arm64-v8a/include/taglib/mp4tag.h
-- Installing: /home/runner/work/Auxio-TS/Auxio-TS/musikr/src/main/cpp/taglib/pkg/arm64-v8a/include/taglib/mp4item.h
-- Installing: /home/runner/work/Auxio-TS/Auxio-TS/musikr/src/main/cpp/taglib/pkg/arm64-v8a/include/taglib/mp4properties.h
-- Installing: /home/runner/work/Auxio-TS/Auxio-TS/musikr/src/main/cpp/taglib/pkg/arm64-v8a/include/taglib/mp4coverart.h
-- Installing: /home/runner/work/Auxio-TS/Auxio-TS/musikr/src/main/cpp/taglib/pkg/arm64-v8a/include/taglib/mp4stem.h
-- Installing: /home/runner/work/Auxio-TS/Auxio-TS/musikr/src/main/cpp/taglib/pkg/arm64-v8a/include/taglib/mp4itemfactory.h
-- Installing: /home/runner/work/Auxio-TS/Auxio-TS/musikr/src/main/cpp/taglib/pkg/arm64-v8a/include/taglib/mp4chapter.h
-- Installing: /home/runner/work/Auxio-TS/Auxio-TS/musikr/src/main/cpp/taglib/pkg/arm64-v8a/include/taglib/mp4chapterholder.h
-- Installing: /home/runner/work/Auxio-TS/Auxio-TS/musikr/src/main/cpp/taglib/pkg/arm64-v8a/include/taglib/mp4nerochapterlist.h
-- Installing: /home/runner/work/Auxio-TS/Auxio-TS/musikr/src/main/cpp/taglib/pkg/arm64-v8a/include/taglib/mp4qtchapterlist.h
-- Installing: /home/runner/work/Auxio-TS/Auxio-TS/musikr/src/main/cpp/taglib/pkg/arm64-v8a/include/taglib/dsffile.h
-- Installing: /home/runner/work/Auxio-TS/Auxio-TS/musikr/src/main/cpp/taglib/pkg/arm64-v8a/include/taglib/dsfproperties.h
-- Installing: /home/runner/work/Auxio-TS/Auxio-TS/musikr/src/main/cpp/taglib/pkg/arm64-v8a/include/taglib/dsdifffile.h
-- Installing: /home/runner/work/Auxio-TS/Auxio-TS/musikr/src/main/cpp/taglib/pkg/arm64-v8a/include/taglib/dsdiffproperties.h
-- Installing: /home/runner/work/Auxio-TS/Auxio-TS/musikr/src/main/cpp/taglib/pkg/arm64-v8a/include/taglib/dsdiffdiintag.h
-- Installing: /home/runner/work/Auxio-TS/Auxio-TS/musikr/src/main/cpp/taglib/pkg/arm64-v8a/include/taglib/matroskaattachedfile.h
-- Installing: /home/runner/work/Auxio-TS/Auxio-TS/musikr/src/main/cpp/taglib/pkg/arm64-v8a/include/taglib/matroskaattachments.h
-- Installing: /home/runner/work/Auxio-TS/Auxio-TS/musikr/src/main/cpp/taglib/pkg/arm64-v8a/include/taglib/matroskachapter.h
-- Installing: /home/runner/work/Auxio-TS/Auxio-TS/musikr/src/main/cpp/taglib/pkg/arm64-v8a/include/taglib/matroskachapteredition.h
-- Installing: /home/runner/work/Auxio-TS/Auxio-TS/musikr/src/main/cpp/taglib/pkg/arm64-v8a/include/taglib/matroskachapters.h
-- Installing: /home/runner/work/Auxio-TS/Auxio-TS/musikr/src/main/cpp/taglib/pkg/arm64-v8a/include/taglib/matroskaelement.h
-- Installing: /home/runner/work/Auxio-TS/Auxio-TS/musikr/src/main/cpp/taglib/pkg/arm64-v8a/include/taglib/matroskafile.h
-- Installing: /home/runner/work/Auxio-TS/Auxio-TS/musikr/src/main/cpp/taglib/pkg/arm64-v8a/include/taglib/matroskaproperties.h
-- Installing: /home/runner/work/Auxio-TS/Auxio-TS/musikr/src/main/cpp/taglib/pkg/arm64-v8a/include/taglib/matroskasimpletag.h
-- Installing: /home/runner/work/Auxio-TS/Auxio-TS/musikr/src/main/cpp/taglib/pkg/arm64-v8a/include/taglib/matroskatag.h
-- Installing: /home/runner/work/Auxio-TS/Auxio-TS/musikr/src/main/cpp/taglib/pkg/arm64-v8a/include/taglib/matroskawritestyle.h
-- Installing: /home/runner/work/Auxio-TS/Auxio-TS/musikr/src/main/cpp/taglib/pkg/arm64-v8a/lib/cmake/taglib/taglib-targets.cmake
-- Installing: /home/runner/work/Auxio-TS/Auxio-TS/musikr/src/main/cpp/taglib/pkg/arm64-v8a/lib/cmake/taglib/taglib-targets-release.cmake
-- Installing: /home/runner/work/Auxio-TS/Auxio-TS/musikr/src/main/cpp/taglib/pkg/arm64-v8a/lib/cmake/taglib/taglib-config.cmake
-- Installing: /home/runner/work/Auxio-TS/Auxio-TS/musikr/src/main/cpp/taglib/pkg/arm64-v8a/lib/cmake/taglib/taglib-config-version.cmake

> Task :musikr:preBuild UP-TO-DATE
> Task :musikr:preDebugBuild
> Task :musikr:generateDebugBuildConfig FROM-CACHE
> Task :musikr:generateDebugResources FROM-CACHE
> Task :musikr:packageDebugResources FROM-CACHE
> Task :musikr:processDebugNavigationResources FROM-CACHE
> Task :musikr:parseDebugLocalResources FROM-CACHE
> Task :musikr:generateDebugRFile FROM-CACHE
> Task :musikr:kspDebugKotlin FROM-CACHE
> Task :musikr:compileDebugKotlin FROM-CACHE
> Task :app:preBuild UP-TO-DATE
> Task :app:preStandardDebugBuild UP-TO-DATE
> Task :app:dataBindingMergeDependencyArtifactsStandardDebug
> Task :app:generateStandardDebugResources FROM-CACHE
> Task :media-lib-common:preBuild UP-TO-DATE
> Task :media-lib-common:preDebugBuild UP-TO-DATE
> Task :media-lib-common:generateDebugResources FROM-CACHE
> Task :media-lib-common:packageDebugResources FROM-CACHE
> Task :media-lib-container:preBuild UP-TO-DATE
> Task :media-lib-container:preDebugBuild UP-TO-DATE
> Task :media-lib-container:generateDebugResources FROM-CACHE
> Task :media-lib-container:packageDebugResources FROM-CACHE
> Task :media-lib-database:preBuild UP-TO-DATE
> Task :media-lib-database:preDebugBuild UP-TO-DATE
> Task :media-lib-database:generateDebugResources FROM-CACHE
> Task :media-lib-database:packageDebugResources FROM-CACHE
> Task :media-lib-datasource:preBuild UP-TO-DATE
> Task :media-lib-datasource:preDebugBuild UP-TO-DATE
> Task :media-lib-datasource:generateDebugResources FROM-CACHE
> Task :media-lib-datasource:packageDebugResources FROM-CACHE
> Task :media-lib-decoder:preBuild UP-TO-DATE
> Task :media-lib-decoder:preDebugBuild UP-TO-DATE
> Task :media-lib-decoder:generateDebugResources FROM-CACHE
> Task :media-lib-decoder:packageDebugResources FROM-CACHE

> Task :media-lib-decoder-ffmpeg:assembleFfmpeg
FFMPEG_MODULE_PATH is /home/runner/work/Auxio-TS/Auxio-TS/media/libraries/decoder_ffmpeg/src/main
NDK path is /usr/local/lib/android/sdk/ndk/28.2.13676358
Host platform is linux-x86_64
ANDROID_ABI is 21
Enabled decoders are flac alac
Using 4 jobs for make
install prefix            /usr/local
source path               .
C compiler                /usr/local/lib/android/sdk/ndk/28.2.13676358/toolchains/llvm/prebuilt/linux-x86_64/bin/armv7a-linux-androideabi21-clang
C library                 bionic
host C compiler           gcc
host C library            glibc
ARCH                      arm (armv7-a)
big-endian                no
runtime cpu detection     yes
ARMv5TE enabled           yes
ARMv6 enabled             yes
ARMv6T2 enabled           yes
VFP enabled               yes
NEON enabled              yes
THUMB enabled             no
debug symbols             yes
strip symbols             yes
optimize for size         no
optimizations             yes
static                    yes
shared                    no
postprocessing support    no
network support           no
threading support         pthreads
safe bitstream reader     yes
texi2html enabled         no
perl enabled              yes
pod2man enabled           yes
makeinfo enabled          yes
makeinfo supports HTML    yes
xmllint enabled           no

External libraries:
zlib

External libraries providing hardware acceleration:
cuda_llvm

Libraries:
avcodec                 avutil                  swresample

Programs:

Enabled decoders:
alac                    flac

Enabled encoders:

Enabled hwaccels:

Enabled parsers:

Enabled demuxers:

Enabled muxers:

Enabled protocols:

Enabled filters:

Enabled bsfs:

Enabled indevs:

Enabled outdevs:

License: LGPL version 2.1 or later

WARNING: /usr/local/lib/android/sdk/ndk/28.2.13676358/toolchains/llvm/prebuilt/linux-x86_64/bin/armv7a-linux-androideabi21-pkg-config not found, library detection may fail.
GEN	libavutil/libavutil.version
GEN	libswresample/libswresample.version
GEN	libavcodec/libavcodec.version
CC	libavcodec/ac3_parser.o
CC	libavcodec/adts_parser.o
CC	libavcodec/alac.o
CC	libavcodec/alac_data.o
CC	libavcodec/alacdsp.o
CC	libavcodec/allcodecs.o
AS	libavcodec/arm/flacdsp_arm.o
CC	libavcodec/arm/flacdsp_init_arm.o
AS	libavcodec/arm/idctdsp_arm.o
AS	libavcodec/arm/idctdsp_armv6.o
CC	libavcodec/arm/idctdsp_init_arm.o
CC	libavcodec/arm/idctdsp_init_armv5te.o
CC	libavcodec/arm/idctdsp_init_armv6.o
CC	libavcodec/arm/idctdsp_init_neon.o
AS	libavcodec/arm/idctdsp_neon.o
AS	libavcodec/arm/jrevdct_arm.o
AS	libavcodec/arm/simple_idct_arm.o
AS	libavcodec/arm/simple_idct_armv5te.o
AS	libavcodec/arm/simple_idct_armv6.o
AS	libavcodec/arm/simple_idct_neon.o
CC	libavcodec/avcodec.o
CC	libavcodec/avdct.o
CC	libavcodec/avpacket.o
CC	libavcodec/bitstream.o
CC	libavcodec/bitstream_filters.o
CC	libavcodec/bsf.o
CC	libavcodec/codec_desc.o
CC	libavcodec/codec_par.o
CC	libavcodec/d3d11va.o
CC	libavcodec/decode.o
CC	libavcodec/dirac.o
CC	libavcodec/dv_profile.o
CC	libavcodec/encode.o
CC	libavcodec/faandct.o
CC	libavcodec/faanidct.o
CC	libavcodec/fdctdsp.o
CC	libavcodec/flac.o
CC	libavcodec/flacdata.o
CC	libavcodec/flacdec.o
CC	libavcodec/flacdsp.o
CC	libavcodec/get_buffer.o
CC	libavcodec/idctdsp.o
CC	libavcodec/imgconvert.o
CC	libavcodec/jfdctfst.o
CC	libavcodec/jfdctint.o
CC	libavcodec/jni.o
CC	libavcodec/jrevdct.o
CC	libavcodec/mathtables.o
CC	libavcodec/mediacodec.o
CC	libavcodec/mpeg12framerate.o
CC	libavcodec/options.o
CC	libavcodec/parser.o
In file included from libavcodec/options.c:38:
CC	libavcodec/parsers.o
libavcodec/options_table.h:273:116: warning: implicit conversion from 'unsigned long long' to 'double' changes value from 18446744073709551615 to 18446744073709551616 [-Wimplicit-const-int-float-conversion]
CC	libavcodec/profiles.o
  273 | {"request_channel_layout", NULL, OFFSET(request_channel_layout), AV_OPT_TYPE_CHANNEL_LAYOUT, {.i64 = DEFAULT }, 0, UINT64_MAX, A|D, "request_channel_layout"},
CC	libavcodec/pthread.o
CC	libavcodec/pthread_frame.o
      | ~                                                                                                                  ^~~~~~~~~~
/usr/local/lib/android/sdk/ndk/28.2.13676358/toolchains/llvm/prebuilt/linux-x86_64/bin/../sysroot/usr/include/stdint.h:194:27: note: expanded from macro 'UINT64_MAX'
  194 | #define UINT64_MAX       (UINT64_C(18446744073709551615))
      |                           ^~~~~~~~~~~~~~~~~~~~~~~~~~~~~~
/usr/local/lib/android/sdk/ndk/28.2.13676358/toolchains/llvm/prebuilt/linux-x86_64/bin/../sysroot/usr/include/stdint.h:149:27: note: expanded from macro 'UINT64_C'
  149 | #  define UINT64_C(c)     c ## ULL
      |                           ^~~~~~~~
<scratch space>:46:1: note: expanded from here
   46 | 18446744073709551615ULL
      | ^~~~~~~~~~~~~~~~~~~~~~~
In file included from libavcodec/options.c:38:
libavcodec/options_table.h:272:100: warning: implicit conversion from 'unsigned long long' to 'double' changes value from 18446744073709551615 to 18446744073709551616 [-Wimplicit-const-int-float-conversion]
  272 | {"channel_layout", NULL, OFFSET(channel_layout), AV_OPT_TYPE_CHANNEL_LAYOUT, {.i64 = DEFAULT }, 0, UINT64_MAX, A|E|D, "channel_layout"},
      | ~                                                                                                  ^~~~~~~~~~
/usr/local/lib/android/sdk/ndk/28.2.13676358/toolchains/llvm/prebuilt/linux-x86_64/bin/../sysroot/usr/include/stdint.h:194:27: note: expanded from macro 'UINT64_MAX'
  194 | #define UINT64_MAX       (UINT64_C(18446744073709551615))
      |                           ^~~~~~~~~~~~~~~~~~~~~~~~~~~~~~
/usr/local/lib/android/sdk/ndk/28.2.13676358/toolchains/llvm/prebuilt/linux-x86_64/bin/../sysroot/usr/include/stdint.h:149:27: note: expanded from macro 'UINT64_C'
  149 | #  define UINT64_C(c)     c ## ULL
      |                           ^~~~~~~~
<scratch space>:45:1: note: expanded from here
   45 | 18446744073709551615ULL
      | ^~~~~~~~~~~~~~~~~~~~~~~
In file included from libavcodec/options.c:38:
libavcodec/options_table.h:48:110: warning: implicit conversion from 'long long' to 'double' changes value from 9223372036854775807 to 9223372036854775808 [-Wimplicit-const-int-float-conversion]
   48 | {"b", "set bitrate (in bits/s)", OFFSET(bit_rate), AV_OPT_TYPE_INT64, {.i64 = AV_CODEC_DEFAULT_BITRATE }, 0, INT64_MAX, A|V|E},
      | ~                                                                                                            ^~~~~~~~~
/usr/local/lib/android/sdk/ndk/28.2.13676358/toolchains/llvm/prebuilt/linux-x86_64/bin/../sysroot/usr/include/stdint.h:189:27: note: expanded from macro 'INT64_MAX'
  189 | #define INT64_MAX        (INT64_C(9223372036854775807))
      |                           ^~~~~~~~~~~~~~~~~~~~~~~~~~~~
CC	libavcodec/pthread_slice.o
/usr/local/lib/android/sdk/ndk/28.2.13676358/toolchains/llvm/prebuilt/linux-x86_64/bin/../sysroot/usr/include/stdint.h:148:27: note: expanded from macro 'INT64_C'
CC	libavcodec/qsv_api.o
  148 | #  define INT64_C(c)      c ## LL
      |                           ^~~~~~~
CC	libavcodec/raw.o
<scratch space>:44:1: note: expanded from here
   44 | 9223372036854775807LL
      | ^~~~~~~~~~~~~~~~~~~~~
3 warnings generated.
CC	libavcodec/simple_idct.o
CC	libavcodec/utils.o
CC	libavcodec/version.o
CC	libavcodec/vlc.o
CC	libavcodec/vorbis_parser.o
CC	libavcodec/xiph.o
GEN	libavcodec/libavcodec.pc
CC	libswresample/arm/audio_convert_init.o
AS	libswresample/arm/audio_convert_neon.o
AS	libswresample/arm/resample.o
CC	libswresample/arm/resample_init.o
CC	libswresample/audioconvert.o
CC	libswresample/dither.o
libswresample/options.c:132:144: warning: implicit conversion from 'long long' to 'double' changes value from 9223372036854775807 to 9223372036854775808 [-Wimplicit-const-int-float-conversion]
CC	libswresample/options.o
CC	libswresample/rematrix.o
  131 | {"first_pts"            , "Assume the first pts should be this value (in samples)."
CC	libswresample/resample.o
      | ~
  132 |                                                         , OFFSET(firstpts_in_samples), AV_OPT_TYPE_INT64 ,{.i64=AV_NOPTS_VALUE    }, INT64_MIN,INT64_MAX, PARAM },
      |                                                                                                                                                ^~~~~~~~~
/usr/local/lib/android/sdk/ndk/28.2.13676358/toolchains/llvm/prebuilt/linux-x86_64/bin/../sysroot/usr/include/stdint.h:189:27: note: expanded from macro 'INT64_MAX'
  189 | #define INT64_MAX        (INT64_C(9223372036854775807))
      |                           ^~~~~~~~~~~~~~~~~~~~~~~~~~~~
/usr/local/lib/android/sdk/ndk/28.2.13676358/toolchains/llvm/prebuilt/linux-x86_64/bin/../sysroot/usr/include/stdint.h:148:27: note: expanded from macro 'INT64_C'
  148 | #  define INT64_C(c)      c ## LL
      |                           ^~~~~~~
<scratch space>:49:1: note: expanded from here
   49 | 9223372036854775807LL
      | ^~~~~~~~~~~~~~~~~~~~~
libswresample/options.c:70:145: warning: implicit conversion from 'long long' to 'double' changes value from 9223372036854775807 to 9223372036854775808 [-Wimplicit-const-int-float-conversion]
   69 | {"out_channel_layout"   , "set output channel layout (Deprecated, use out_chlayout)",
      | ~
   70 |                                                           OFFSET(user_out_ch_layout), AV_OPT_TYPE_CHANNEL_LAYOUT, {.i64=0         }, INT64_MIN, INT64_MAX, PARAM|DEPREC, "channel_layout"},
      |                                                                                                                                                 ^~~~~~~~~
/usr/local/lib/android/sdk/ndk/28.2.13676358/toolchains/llvm/prebuilt/linux-x86_64/bin/../sysroot/usr/include/stdint.h:189:27: note: expanded from macro 'INT64_MAX'
  189 | #define INT64_MAX        (INT64_C(9223372036854775807))
      |                           ^~~~~~~~~~~~~~~~~~~~~~~~~~~~
/usr/local/lib/android/sdk/ndk/28.2.13676358/toolchains/llvm/prebuilt/linux-x86_64/bin/../sysroot/usr/include/stdint.h:148:27: note: expanded from macro 'INT64_C'
CC	libswresample/resample_dsp.o
  148 | #  define INT64_C(c)      c ## LL
      |                           ^~~~~~~
<scratch space>:46:1: note: expanded from here
   46 | 9223372036854775807LL
      | ^~~~~~~~~~~~~~~~~~~~~
libswresample/options.c:68:145: warning: implicit conversion from 'long long' to 'double' changes value from 9223372036854775807 to 9223372036854775808 [-Wimplicit-const-int-float-conversion]
   67 | {"ocl"                  , "set output channel layout (Deprecated, use ochl)",
      | ~
   68 |                                                           OFFSET(user_out_ch_layout), AV_OPT_TYPE_CHANNEL_LAYOUT, {.i64=0         }, INT64_MIN, INT64_MAX, PARAM|DEPREC, "channel_layout"},
      |                                                                                                                                                 ^~~~~~~~~
/usr/local/lib/android/sdk/ndk/28.2.13676358/toolchains/llvm/prebuilt/linux-x86_64/bin/../sysroot/usr/include/stdint.h:189:27: note: expanded from macro 'INT64_MAX'
  189 | #define INT64_MAX        (INT64_C(9223372036854775807))
      |                           ^~~~~~~~~~~~~~~~~~~~~~~~~~~~
/usr/local/lib/android/sdk/ndk/28.2.13676358/toolchains/llvm/prebuilt/linux-x86_64/bin/../sysroot/usr/include/stdint.h:148:27: note: expanded from macro 'INT64_C'
  148 | #  define INT64_C(c)      c ## LL
      |                           ^~~~~~~
<scratch space>:44:1: note: expanded from here
   44 | 9223372036854775807LL
      | ^~~~~~~~~~~~~~~~~~~~~
libswresample/options.c:66:145: warning: implicit conversion from 'long long' to 'double' changes value from 9223372036854775807 to 9223372036854775808 [-Wimplicit-const-int-float-conversion]
   65 | {"in_channel_layout"    , "set input channel layout (Deprecated, use in_chlayout)",
      | ~
   66 |                                                           OFFSET(user_in_ch_layout), AV_OPT_TYPE_CHANNEL_LAYOUT, {.i64=0          }, INT64_MIN, INT64_MAX, PARAM|DEPREC, "channel_layout"},
      |                                                                                                                                                 ^~~~~~~~~
/usr/local/lib/android/sdk/ndk/28.2.13676358/toolchains/llvm/prebuilt/linux-x86_64/bin/../sysroot/usr/include/stdint.h:189:27: note: expanded from macro 'INT64_MAX'
  189 | #define INT64_MAX        (INT64_C(9223372036854775807))
      |                           ^~~~~~~~~~~~~~~~~~~~~~~~~~~~
/usr/local/lib/android/sdk/ndk/28.2.13676358/toolchains/llvm/prebuilt/linux-x86_64/bin/../sysroot/usr/include/stdint.h:148:27: note: expanded from macro 'INT64_C'
  148 | #  define INT64_C(c)      c ## LL
      |                           ^~~~~~~
<scratch space>:42:1: note: expanded from here
   42 | 9223372036854775807LL
      | ^~~~~~~~~~~~~~~~~~~~~
libswresample/options.c:64:145: warning: implicit conversion from 'long long' to 'double' changes value from 9223372036854775807 to 9223372036854775808 [-Wimplicit-const-int-float-conversion]
   63 | {"icl"                  , "set input channel layout (Deprecated, use ichl)",
      | ~
   64 |                                                           OFFSET(user_in_ch_layout), AV_OPT_TYPE_CHANNEL_LAYOUT, {.i64=0          }, INT64_MIN, INT64_MAX, PARAM|DEPREC, "channel_layout"},
      |                                                                                                                                                 ^~~~~~~~~
/usr/local/lib/android/sdk/ndk/28.2.13676358/toolchains/llvm/prebuilt/linux-x86_64/bin/../sysroot/usr/include/stdint.h:189:27: note: expanded from macro 'INT64_MAX'
  189 | #define INT64_MAX        (INT64_C(9223372036854775807))
      |                           ^~~~~~~~~~~~~~~~~~~~~~~~~~~~
/usr/local/lib/android/sdk/ndk/28.2.13676358/toolchains/llvm/prebuilt/linux-x86_64/bin/../sysroot/usr/include/stdint.h:148:27: note: expanded from macro 'INT64_C'
  148 | #  define INT64_C(c)      c ## LL
      |                           ^~~~~~~
<scratch space>:40:1: note: expanded from here
   40 | 9223372036854775807LL
CC	libswresample/swresample.o
      | ^~~~~~~~~~~~~~~~~~~~~
CC	libswresample/swresample_frame.o
5 warnings generated.
CC	libswresample/version.o
GEN	libswresample/libswresample.pc
CC	libavutil/../compat/strtod.o
CC	libavutil/adler32.o
CC	libavutil/aes.o
CC	libavutil/aes_ctr.o
CC	libavutil/ambient_viewing_environment.o
CC	libavutil/arm/cpu.o
CC	libavutil/arm/float_dsp_init_arm.o
CC	libavutil/arm/float_dsp_init_neon.o
CC	libavutil/arm/float_dsp_init_vfp.o
AS	libavutil/arm/float_dsp_neon.o
AS	libavutil/arm/float_dsp_vfp.o
CC	libavutil/audio_fifo.o
CC	libavutil/avsscanf.o
CC	libavutil/avstring.o
CC	libavutil/base64.o
CC	libavutil/blowfish.o
CC	libavutil/bprint.o
CC	libavutil/buffer.o
CC	libavutil/camellia.o
CC	libavutil/cast5.o
CC	libavutil/channel_layout.o
libavutil/cpu.c:116:76: warning: implicit conversion from 'long long' to 'double' changes value from 9223372036854775807 to 9223372036854775808 [-Wimplicit-const-int-float-conversion]
  116 |         { "flags"   , NULL, 0, AV_OPT_TYPE_FLAGS, { .i64 = 0 }, INT64_MIN, INT64_MAX, .unit = "flags" },
CC	libavutil/cpu.o
CC	libavutil/crc.o
      |         ~                                                                  ^~~~~~~~~
/usr/local/lib/android/sdk/ndk/28.2.13676358/toolchains/llvm/prebuilt/linux-x86_64/bin/../sysroot/usr/include/stdint.h:189:27: note: expanded from macro 'INT64_MAX'
  189 | #define INT64_MAX        (INT64_C(9223372036854775807))
      |                           ^~~~~~~~~~~~~~~~~~~~~~~~~~~~
/usr/local/lib/android/sdk/ndk/28.2.13676358/toolchains/llvm/prebuilt/linux-x86_64/bin/../sysroot/usr/include/stdint.h:148:27: note: expanded from macro 'INT64_C'
  148 | #  define INT64_C(c)      c ## LL
      |                           ^~~~~~~
<scratch space>:53:1: note: expanded from here
   53 | 9223372036854775807LL
      | ^~~~~~~~~~~~~~~~~~~~~
1 warning generated.
CC	libavutil/csp.o
CC	libavutil/des.o
CC	libavutil/detection_bbox.o
CC	libavutil/dict.o
CC	libavutil/display.o
CC	libavutil/dovi_meta.o
CC	libavutil/downmix_info.o
CC	libavutil/encryption_info.o
CC	libavutil/error.o
CC	libavutil/eval.o
libavutil/eval.c:237:41: warning: implicit conversion from 'unsigned long long' to 'double' changes value from 18446744073709551615 to 18446744073709551616 [-Wimplicit-const-int-float-conversion]
CC	libavutil/fifo.o
  237 |             return e->value * (r * (1.0/UINT64_MAX));
CC	libavutil/file.o
      |                                        ~^~~~~~~~~~
CC	libavutil/file_open.o
/usr/local/lib/android/sdk/ndk/28.2.13676358/toolchains/llvm/prebuilt/linux-x86_64/bin/../sysroot/usr/include/stdint.h:194:27: note: expanded from macro 'UINT64_MAX'
  194 | #define UINT64_MAX       (UINT64_C(18446744073709551615))
      |                           ^~~~~~~~~~~~~~~~~~~~~~~~~~~~~~
/usr/local/lib/android/sdk/ndk/28.2.13676358/toolchains/llvm/prebuilt/linux-x86_64/bin/../sysroot/usr/include/stdint.h:149:27: note: expanded from macro 'UINT64_C'
  149 | #  define UINT64_C(c)     c ## ULL
      |                           ^~~~~~~~
<scratch space>:38:1: note: expanded from here
   38 | 18446744073709551615ULL
      | ^~~~~~~~~~~~~~~~~~~~~~~
CC	libavutil/film_grain_params.o
CC	libavutil/fixed_dsp.o
1 warning generated.
CC	libavutil/float_dsp.o
CC	libavutil/frame.o
CC	libavutil/hash.o
CC	libavutil/hdr_dynamic_metadata.o
CC	libavutil/hdr_dynamic_vivid_metadata.o
CC	libavutil/hmac.o
CC	libavutil/hwcontext.o
CC	libavutil/hwcontext_stub.o
CC	libavutil/imgutils.o
CC	libavutil/integer.o
CC	libavutil/intmath.o
CC	libavutil/lfg.o
CC	libavutil/lls.o
CC	libavutil/log.o
CC	libavutil/log2_tab.o
CC	libavutil/lzo.o
CC	libavutil/mastering_display_metadata.o
CC	libavutil/mathematics.o
CC	libavutil/md5.o
CC	libavutil/mem.o
CC	libavutil/murmur3.o
CC	libavutil/opt.o
CC	libavutil/parseutils.o
CC	libavutil/pixdesc.o
CC	libavutil/pixelutils.o
CC	libavutil/random_seed.o
CC	libavutil/rational.o
CC	libavutil/rc4.o
CC	libavutil/reverse.o
CC	libavutil/ripemd.o
CC	libavutil/samplefmt.o
CC	libavutil/sha.o
CC	libavutil/sha512.o
CC	libavutil/slicethread.o
CC	libavutil/spherical.o
CC	libavutil/stereo3d.o
CC	libavutil/tea.o
CC	libavutil/threadmessage.o
CC	libavutil/time.o
CC	libavutil/timecode.o
CC	libavutil/tree.o
CC	libavutil/twofish.o
CC	libavutil/tx.o
CC	libavutil/tx_double.o
CC	libavutil/tx_float.o
CC	libavutil/tx_int32.o
CC	libavutil/utils.o
CC	libavutil/uuid.o
CC	libavutil/version.o
CC	libavutil/video_enc_params.o
CC	libavutil/xga_font_data.o
CC	libavutil/xtea.o
GEN	libavutil/libavutil.pc
AR	libavcodec/libavcodec.a
AR	libswresample/libswresample.a
AR	libavutil/libavutil.a
INSTALL	libavcodec/libavcodec.a
INSTALL	libswresample/libswresample.a
INSTALL	libavutil/libavutil.a
[INFO] Gradle still running: 3m 30s elapsed; no output for 2s
install prefix            /usr/local
source path               .
C compiler                /usr/local/lib/android/sdk/ndk/28.2.13676358/toolchains/llvm/prebuilt/linux-x86_64/bin/aarch64-linux-android21-clang
C library                 bionic
host C compiler           gcc
host C library            glibc
ARCH                      aarch64 (armv8-a)
big-endian                no
runtime cpu detection     yes
NEON enabled              yes
VFP enabled               yes
debug symbols             yes
strip symbols             yes
optimize for size         no
optimizations             yes
static                    yes
shared                    no
postprocessing support    no
network support           no
threading support         pthreads
safe bitstream reader     yes
texi2html enabled         no
perl enabled              yes
pod2man enabled           yes
makeinfo enabled          yes
makeinfo supports HTML    yes
xmllint enabled           no

External libraries:
zlib

External libraries providing hardware acceleration:
cuda_llvm

Libraries:
avcodec                 avutil                  swresample

Programs:

Enabled decoders:
alac                    flac

Enabled encoders:

Enabled hwaccels:

Enabled parsers:

Enabled demuxers:

Enabled muxers:

Enabled protocols:

Enabled filters:

Enabled bsfs:

Enabled indevs:

Enabled outdevs:

License: LGPL version 2.1 or later

WARNING: /usr/local/lib/android/sdk/ndk/28.2.13676358/toolchains/llvm/prebuilt/linux-x86_64/bin/aarch64-linux-android21-pkg-config not found, library detection may fail.
config_components.h is unchanged
libavutil/avconfig.h is unchanged
libavfilter/filter_list.c is unchanged
libavcodec/codec_list.c is unchanged
libavcodec/parser_list.c is unchanged
libavcodec/bsf_list.c is unchanged
libavformat/demuxer_list.c is unchanged
libavformat/muxer_list.c is unchanged
libavdevice/indev_list.c is unchanged
libavdevice/outdev_list.c is unchanged
libavformat/protocol_list.c is unchanged
GEN	libavutil/libavutil.version
GEN	libswresample/libswresample.version
GEN	libavcodec/libavcodec.version
CC	libavcodec/aarch64/idctdsp_init_aarch64.o
AS	libavcodec/aarch64/idctdsp_neon.o
AS	libavcodec/aarch64/simple_idct_neon.o
CC	libavcodec/ac3_parser.o
CC	libavcodec/adts_parser.o
CC	libavcodec/alac.o
CC	libavcodec/alac_data.o
CC	libavcodec/alacdsp.o
CC	libavcodec/allcodecs.o
CC	libavcodec/avcodec.o
CC	libavcodec/avdct.o
CC	libavcodec/avpacket.o
CC	libavcodec/bitstream.o
CC	libavcodec/bitstream_filters.o
CC	libavcodec/bsf.o
CC	libavcodec/codec_desc.o
CC	libavcodec/codec_par.o
CC	libavcodec/d3d11va.o
CC	libavcodec/decode.o
CC	libavcodec/dirac.o
CC	libavcodec/dv_profile.o
CC	libavcodec/encode.o
CC	libavcodec/faandct.o
CC	libavcodec/faanidct.o
CC	libavcodec/fdctdsp.o
CC	libavcodec/flac.o
CC	libavcodec/flacdata.o
CC	libavcodec/flacdec.o
CC	libavcodec/flacdsp.o
CC	libavcodec/get_buffer.o
CC	libavcodec/idctdsp.o
CC	libavcodec/imgconvert.o
CC	libavcodec/jfdctfst.o
CC	libavcodec/jfdctint.o
CC	libavcodec/jni.o
CC	libavcodec/jrevdct.o
CC	libavcodec/mathtables.o
CC	libavcodec/mediacodec.o
CC	libavcodec/mpeg12framerate.o
CC	libavcodec/options.o
In file included from libavcodec/options.c:38:
CC	libavcodec/parser.o
libavcodec/options_table.h:273:116: warning: implicit conversion from 'unsigned long' to 'double' changes value from 18446744073709551615 to 18446744073709551616 [-Wimplicit-const-int-float-conversion]
CC	libavcodec/parsers.o
  273 | {"request_channel_layout", NULL, OFFSET(request_channel_layout), AV_OPT_TYPE_CHANNEL_LAYOUT, {.i64 = DEFAULT }, 0, UINT64_MAX, A|D, "request_channel_layout"},
CC	libavcodec/profiles.o
      | ~                                                                                                                  ^~~~~~~~~~
CC	libavcodec/pthread.o
CC	libavcodec/pthread_frame.o
/usr/local/lib/android/sdk/ndk/28.2.13676358/toolchains/llvm/prebuilt/linux-x86_64/bin/../sysroot/usr/include/stdint.h:194:27: note: expanded from macro 'UINT64_MAX'
  194 | #define UINT64_MAX       (UINT64_C(18446744073709551615))
      |                           ^~~~~~~~~~~~~~~~~~~~~~~~~~~~~~
/usr/local/lib/android/sdk/ndk/28.2.13676358/toolchains/llvm/prebuilt/linux-x86_64/bin/../sysroot/usr/include/stdint.h:143:27: note: expanded from macro 'UINT64_C'
  143 | #  define UINT64_C(c)     c ## UL
      |                           ^~~~~~~
<scratch space>:46:1: note: expanded from here
   46 | 18446744073709551615UL
      | ^~~~~~~~~~~~~~~~~~~~~~
In file included from libavcodec/options.c:38:
libavcodec/options_table.h:272:100: warning: implicit conversion from 'unsigned long' to 'double' changes value from 18446744073709551615 to 18446744073709551616 [-Wimplicit-const-int-float-conversion]
  272 | {"channel_layout", NULL, OFFSET(channel_layout), AV_OPT_TYPE_CHANNEL_LAYOUT, {.i64 = DEFAULT }, 0, UINT64_MAX, A|E|D, "channel_layout"},
      | ~                                                                                                  ^~~~~~~~~~
/usr/local/lib/android/sdk/ndk/28.2.13676358/toolchains/llvm/prebuilt/linux-x86_64/bin/../sysroot/usr/include/stdint.h:194:27: note: expanded from macro 'UINT64_MAX'
  194 | #define UINT64_MAX       (UINT64_C(18446744073709551615))
      |                           ^~~~~~~~~~~~~~~~~~~~~~~~~~~~~~
/usr/local/lib/android/sdk/ndk/28.2.13676358/toolchains/llvm/prebuilt/linux-x86_64/bin/../sysroot/usr/include/stdint.h:143:27: note: expanded from macro 'UINT64_C'
  143 | #  define UINT64_C(c)     c ## UL
      |                           ^~~~~~~
<scratch space>:45:1: note: expanded from here
   45 | 18446744073709551615UL
      | ^~~~~~~~~~~~~~~~~~~~~~
In file included from libavcodec/options.c:38:
libavcodec/options_table.h:48:110: warning: implicit conversion from 'long' to 'double' changes value from 9223372036854775807 to 9223372036854775808 [-Wimplicit-const-int-float-conversion]
CC	libavcodec/pthread_slice.o
CC	libavcodec/qsv_api.o
   48 | {"b", "set bitrate (in bits/s)", OFFSET(bit_rate), AV_OPT_TYPE_INT64, {.i64 = AV_CODEC_DEFAULT_BITRATE }, 0, INT64_MAX, A|V|E},
CC	libavcodec/raw.o
      | ~                                                                                                            ^~~~~~~~~
/usr/local/lib/android/sdk/ndk/28.2.13676358/toolchains/llvm/prebuilt/linux-x86_64/bin/../sysroot/usr/include/stdint.h:189:27: note: expanded from macro 'INT64_MAX'
  189 | #define INT64_MAX        (INT64_C(9223372036854775807))
      |                           ^~~~~~~~~~~~~~~~~~~~~~~~~~~~
/usr/local/lib/android/sdk/ndk/28.2.13676358/toolchains/llvm/prebuilt/linux-x86_64/bin/../sysroot/usr/include/stdint.h:142:27: note: expanded from macro 'INT64_C'
  142 | #  define INT64_C(c)      c ## L
      |                           ^~~~~~
<scratch space>:44:1: note: expanded from here
   44 | 9223372036854775807L
      | ^~~~~~~~~~~~~~~~~~~~
3 warnings generated.
CC	libavcodec/simple_idct.o
CC	libavcodec/utils.o
CC	libavcodec/version.o
CC	libavcodec/vlc.o
CC	libavcodec/vorbis_parser.o
CC	libavcodec/xiph.o
GEN	libavcodec/libavcodec.pc
CC	libswresample/aarch64/audio_convert_init.o
AS	libswresample/aarch64/audio_convert_neon.o
AS	libswresample/aarch64/resample.o
CC	libswresample/aarch64/resample_init.o
CC	libswresample/audioconvert.o
CC	libswresample/dither.o
CC	libswresample/options.o
libswresample/options.c:132:144: warning: implicit conversion from 'long' to 'double' changes value from 9223372036854775807 to 9223372036854775808 [-Wimplicit-const-int-float-conversion]
CC	libswresample/rematrix.o
  131 | {"first_pts"            , "Assume the first pts should be this value (in samples)."
      | ~
  132 |                                                         , OFFSET(firstpts_in_samples), AV_OPT_TYPE_INT64 ,{.i64=AV_NOPTS_VALUE    }, INT64_MIN,INT64_MAX, PARAM },
      |                                                                                                                                                ^~~~~~~~~
/usr/local/lib/android/sdk/ndk/28.2.13676358/toolchains/llvm/prebuilt/linux-x86_64/bin/../sysroot/usr/include/stdint.h:189:27: note: expanded from macro 'INT64_MAX'
  189 | #define INT64_MAX        (INT64_C(9223372036854775807))
      |                           ^~~~~~~~~~~~~~~~~~~~~~~~~~~~
/usr/local/lib/android/sdk/ndk/28.2.13676358/toolchains/llvm/prebuilt/linux-x86_64/bin/../sysroot/usr/include/stdint.h:142:27: note: expanded from macro 'INT64_C'
  142 | #  define INT64_C(c)      c ## L
      |                           ^~~~~~
<scratch space>:49:1: note: expanded from here
   49 | 9223372036854775807L
      | ^~~~~~~~~~~~~~~~~~~~
libswresample/options.c:70:145: warning: implicit conversion from 'long' to 'double' changes value from 9223372036854775807 to 9223372036854775808 [-Wimplicit-const-int-float-conversion]
   69 | {"out_channel_layout"   , "set output channel layout (Deprecated, use out_chlayout)",
      | ~
   70 |                                                           OFFSET(user_out_ch_layout), AV_OPT_TYPE_CHANNEL_LAYOUT, {.i64=0         }, INT64_MIN, INT64_MAX, PARAM|DEPREC, "channel_layout"},
      |                                                                                                                                                 ^~~~~~~~~
/usr/local/lib/android/sdk/ndk/28.2.13676358/toolchains/llvm/prebuilt/linux-x86_64/bin/../sysroot/usr/include/stdint.h:189:27: note: expanded from macro 'INT64_MAX'
  189 | #define INT64_MAX        (INT64_C(9223372036854775807))
      |                           ^~~~~~~~~~~~~~~~~~~~~~~~~~~~
/usr/local/lib/android/sdk/ndk/28.2.13676358/toolchains/llvm/prebuilt/linux-x86_64/bin/../sysroot/usr/include/stdint.h:142:27: note: expanded from macro 'INT64_C'
  142 | #  define INT64_C(c)      c ## L
      |                           ^~~~~~
<scratch space>:46:1: note: expanded from here
   46 | 9223372036854775807L
      | ^~~~~~~~~~~~~~~~~~~~
libswresample/options.c:68:145: warning: implicit conversion from 'long' to 'double' changes value from 9223372036854775807 to 9223372036854775808 [-Wimplicit-const-int-float-conversion]
   67 | {"ocl"                  , "set output channel layout (Deprecated, use ochl)",
      | ~
   68 |                                                           OFFSET(user_out_ch_layout), AV_OPT_TYPE_CHANNEL_LAYOUT, {.i64=0         }, INT64_MIN, INT64_MAX, PARAM|DEPREC, "channel_layout"},
      |                                                                                                                                                 ^~~~~~~~~
/usr/local/lib/android/sdk/ndk/28.2.13676358/toolchains/llvm/prebuilt/linux-x86_64/bin/../sysroot/usr/include/stdint.h:189:27: note: expanded from macro 'INT64_MAX'
  189 | #define INT64_MAX        (INT64_C(9223372036854775807))
      |                           ^~~~~~~~~~~~~~~~~~~~~~~~~~~~
/usr/local/lib/android/sdk/ndk/28.2.13676358/toolchains/llvm/prebuilt/linux-x86_64/bin/../sysroot/usr/include/stdint.h:142:27: note: expanded from macro 'INT64_C'
  142 | #  define INT64_C(c)      c ## L
      |                           ^~~~~~
<scratch space>:44:1: note: expanded from here
   44 | 9223372036854775807L
      | ^~~~~~~~~~~~~~~~~~~~
libswresample/options.c:66:145: warning: implicit conversion from 'long' to 'double' changes value from 9223372036854775807 to 9223372036854775808 [-Wimplicit-const-int-float-conversion]
   65 | {"in_channel_layout"    , "set input channel layout (Deprecated, use in_chlayout)",
      | ~
CC	libswresample/resample.o
   66 |                                                           OFFSET(user_in_ch_layout), AV_OPT_TYPE_CHANNEL_LAYOUT, {.i64=0          }, INT64_MIN, INT64_MAX, PARAM|DEPREC, "channel_layout"},
CC	libswresample/resample_dsp.o
      |                                                                                                                                                 ^~~~~~~~~
/usr/local/lib/android/sdk/ndk/28.2.13676358/toolchains/llvm/prebuilt/linux-x86_64/bin/../sysroot/usr/include/stdint.h:189:27: note: expanded from macro 'INT64_MAX'
  189 | #define INT64_MAX        (INT64_C(9223372036854775807))
      |                           ^~~~~~~~~~~~~~~~~~~~~~~~~~~~
/usr/local/lib/android/sdk/ndk/28.2.13676358/toolchains/llvm/prebuilt/linux-x86_64/bin/../sysroot/usr/include/stdint.h:142:27: note: expanded from macro 'INT64_C'
  142 | #  define INT64_C(c)      c ## L
      |                           ^~~~~~
<scratch space>:42:1: note: expanded from here
   42 | 9223372036854775807L
      | ^~~~~~~~~~~~~~~~~~~~
libswresample/options.c:64:145: warning: implicit conversion from 'long' to 'double' changes value from 9223372036854775807 to 9223372036854775808 [-Wimplicit-const-int-float-conversion]
   63 | {"icl"                  , "set input channel layout (Deprecated, use ichl)",
      | ~
   64 |                                                           OFFSET(user_in_ch_layout), AV_OPT_TYPE_CHANNEL_LAYOUT, {.i64=0          }, INT64_MIN, INT64_MAX, PARAM|DEPREC, "channel_layout"},
      |                                                                                                                                                 ^~~~~~~~~
/usr/local/lib/android/sdk/ndk/28.2.13676358/toolchains/llvm/prebuilt/linux-x86_64/bin/../sysroot/usr/include/stdint.h:189:27: note: expanded from macro 'INT64_MAX'
  189 | #define INT64_MAX        (INT64_C(9223372036854775807))
      |                           ^~~~~~~~~~~~~~~~~~~~~~~~~~~~
/usr/local/lib/android/sdk/ndk/28.2.13676358/toolchains/llvm/prebuilt/linux-x86_64/bin/../sysroot/usr/include/stdint.h:142:27: note: expanded from macro 'INT64_C'
  142 | #  define INT64_C(c)      c ## L
      |                           ^~~~~~
<scratch space>:40:1: note: expanded from here
   40 | 9223372036854775807L
      | ^~~~~~~~~~~~~~~~~~~~
5 warnings generated.
CC	libswresample/swresample.o
CC	libswresample/swresample_frame.o
CC	libswresample/version.o
GEN	libswresample/libswresample.pc
CC	libavutil/../compat/strtod.o
CC	libavutil/aarch64/cpu.o
CC	libavutil/aarch64/float_dsp_init.o
AS	libavutil/aarch64/float_dsp_neon.o
CC	libavutil/aarch64/tx_float_init.o
AS	libavutil/aarch64/tx_float_neon.o
CC	libavutil/adler32.o
CC	libavutil/aes.o
CC	libavutil/aes_ctr.o
CC	libavutil/ambient_viewing_environment.o
CC	libavutil/audio_fifo.o
CC	libavutil/avsscanf.o
CC	libavutil/avstring.o
CC	libavutil/base64.o
CC	libavutil/blowfish.o
CC	libavutil/bprint.o
CC	libavutil/buffer.o
CC	libavutil/camellia.o
CC	libavutil/cast5.o
CC	libavutil/channel_layout.o
CC	libavutil/cpu.o
libavutil/cpu.c:116:76: warning: implicit conversion from 'long' to 'double' changes value from 9223372036854775807 to 9223372036854775808 [-Wimplicit-const-int-float-conversion]
  116 |         { "flags"   , NULL, 0, AV_OPT_TYPE_FLAGS, { .i64 = 0 }, INT64_MIN, INT64_MAX, .unit = "flags" },
      |         ~                                                                  ^~~~~~~~~
/usr/local/lib/android/sdk/ndk/28.2.13676358/toolchains/llvm/prebuilt/linux-x86_64/bin/../sysroot/usr/include/stdint.h:189:27: note: expanded from macro 'INT64_MAX'
  189 | #define INT64_MAX        (INT64_C(9223372036854775807))
      |                           ^~~~~~~~~~~~~~~~~~~~~~~~~~~~
/usr/local/lib/android/sdk/ndk/28.2.13676358/toolchains/llvm/prebuilt/linux-x86_64/bin/../sysroot/usr/include/stdint.h:142:27: note: expanded from macro 'INT64_C'
  142 | #  define INT64_C(c)      c ## L
      |                           ^~~~~~
<scratch space>:48:1: note: expanded from here
   48 | 9223372036854775807L
      | ^~~~~~~~~~~~~~~~~~~~
CC	libavutil/crc.o
1 warning generated.
CC	libavutil/csp.o
CC	libavutil/des.o
CC	libavutil/detection_bbox.o
CC	libavutil/dict.o
CC	libavutil/display.o
CC	libavutil/dovi_meta.o
CC	libavutil/downmix_info.o
libavutil/eval.c:237:41: warning: implicit conversion from 'unsigned long' to 'double' changes value from 18446744073709551615 to 18446744073709551616 [-Wimplicit-const-int-float-conversion]
CC	libavutil/encryption_info.o
  237 |             return e->value * (r * (1.0/UINT64_MAX));
CC	libavutil/error.o
      |                                        ~^~~~~~~~~~
CC	libavutil/eval.o
/usr/local/lib/android/sdk/ndk/28.2.13676358/toolchains/llvm/prebuilt/linux-x86_64/bin/../sysroot/usr/include/stdint.h:194:27: note: expanded from macro 'UINT64_MAX'
CC	libavutil/fifo.o
CC	libavutil/file.o
  194 | #define UINT64_MAX       (UINT64_C(18446744073709551615))
      |                           ^~~~~~~~~~~~~~~~~~~~~~~~~~~~~~
/usr/local/lib/android/sdk/ndk/28.2.13676358/toolchains/llvm/prebuilt/linux-x86_64/bin/../sysroot/usr/include/stdint.h:143:27: note: expanded from macro 'UINT64_C'
  143 | #  define UINT64_C(c)     c ## UL
      |                           ^~~~~~~
<scratch space>:38:1: note: expanded from here
   38 | 18446744073709551615UL
      | ^~~~~~~~~~~~~~~~~~~~~~
CC	libavutil/file_open.o
CC	libavutil/film_grain_params.o
CC	libavutil/fixed_dsp.o
CC	libavutil/float_dsp.o
1 warning generated.
CC	libavutil/frame.o
CC	libavutil/hash.o
CC	libavutil/hdr_dynamic_metadata.o
CC	libavutil/hdr_dynamic_vivid_metadata.o
CC	libavutil/hmac.o
CC	libavutil/hwcontext.o
CC	libavutil/hwcontext_stub.o
CC	libavutil/imgutils.o
CC	libavutil/integer.o
CC	libavutil/intmath.o
CC	libavutil/lfg.o
CC	libavutil/lls.o
CC	libavutil/log.o
CC	libavutil/log2_tab.o
CC	libavutil/lzo.o
CC	libavutil/mastering_display_metadata.o
CC	libavutil/mathematics.o
CC	libavutil/md5.o
CC	libavutil/mem.o
CC	libavutil/murmur3.o
CC	libavutil/opt.o
CC	libavutil/parseutils.o
CC	libavutil/pixdesc.o
CC	libavutil/pixelutils.o
CC	libavutil/random_seed.o
CC	libavutil/rational.o
CC	libavutil/rc4.o
CC	libavutil/reverse.o
CC	libavutil/ripemd.o
CC	libavutil/samplefmt.o
CC	libavutil/sha.o
CC	libavutil/sha512.o
CC	libavutil/slicethread.o
CC	libavutil/spherical.o
CC	libavutil/stereo3d.o
CC	libavutil/tea.o
CC	libavutil/threadmessage.o
CC	libavutil/time.o
CC	libavutil/timecode.o
CC	libavutil/tree.o
CC	libavutil/twofish.o
CC	libavutil/tx.o
CC	libavutil/tx_double.o
CC	libavutil/tx_float.o
CC	libavutil/tx_int32.o
CC	libavutil/utils.o
CC	libavutil/uuid.o
CC	libavutil/version.o
CC	libavutil/video_enc_params.o
CC	libavutil/xga_font_data.o
CC	libavutil/xtea.o
GEN	libavutil/libavutil.pc
AR	libavcodec/libavcodec.a
AR	libswresample/libswresample.a
AR	libavutil/libavutil.a
INSTALL	libavcodec/libavcodec.a
INSTALL	libswresample/libswresample.a
INSTALL	libavutil/libavutil.a
install prefix            /usr/local
source path               .
C compiler                /usr/local/lib/android/sdk/ndk/28.2.13676358/toolchains/llvm/prebuilt/linux-x86_64/bin/i686-linux-android21-clang
C library                 bionic
host C compiler           gcc
host C library            glibc
ARCH                      c (i686)
big-endian                no
runtime cpu detection     yes
debug symbols             yes
strip symbols             yes
optimize for size         no
optimizations             yes
static                    yes
shared                    no
postprocessing support    no
network support           no
threading support         pthreads
safe bitstream reader     yes
texi2html enabled         no
perl enabled              yes
pod2man enabled           yes
makeinfo enabled          yes
makeinfo supports HTML    yes
xmllint enabled           no

External libraries:
zlib

External libraries providing hardware acceleration:
cuda_llvm

Libraries:
avcodec                 avutil                  swresample

Programs:

Enabled decoders:
alac                    flac

Enabled encoders:

Enabled hwaccels:

Enabled parsers:

Enabled demuxers:

Enabled muxers:

Enabled protocols:

Enabled filters:

Enabled bsfs:

Enabled indevs:

Enabled outdevs:

License: LGPL version 2.1 or later

WARNING: /usr/local/lib/android/sdk/ndk/28.2.13676358/toolchains/llvm/prebuilt/linux-x86_64/bin/i686-linux-android21-pkg-config not found, library detection may fail.
config_components.h is unchanged
libavfilter/filter_list.c is unchanged
libavcodec/codec_list.c is unchanged
libavcodec/parser_list.c is unchanged
libavcodec/bsf_list.c is unchanged
libavformat/demuxer_list.c is unchanged
libavformat/muxer_list.c is unchanged
libavdevice/indev_list.c is unchanged
libavdevice/outdev_list.c is unchanged
libavformat/protocol_list.c is unchanged
GEN	libavutil/libavutil.version
GEN	libswresample/libswresample.version
GEN	libavcodec/libavcodec.version
CC	libavcodec/ac3_parser.o
CC	libavcodec/adts_parser.o
CC	libavcodec/alac.o
CC	libavcodec/alac_data.o
CC	libavcodec/alacdsp.o
CC	libavcodec/allcodecs.o
CC	libavcodec/avcodec.o
CC	libavcodec/avdct.o
CC	libavcodec/avpacket.o
CC	libavcodec/bitstream.o
CC	libavcodec/bitstream_filters.o
CC	libavcodec/bsf.o
CC	libavcodec/codec_desc.o
CC	libavcodec/codec_par.o
CC	libavcodec/d3d11va.o
CC	libavcodec/decode.o
CC	libavcodec/dirac.o
CC	libavcodec/dv_profile.o
CC	libavcodec/encode.o
CC	libavcodec/faandct.o
CC	libavcodec/faanidct.o
CC	libavcodec/fdctdsp.o
CC	libavcodec/flac.o
CC	libavcodec/flacdata.o
CC	libavcodec/flacdec.o
CC	libavcodec/flacdsp.o
CC	libavcodec/get_buffer.o
CC	libavcodec/idctdsp.o
CC	libavcodec/imgconvert.o
CC	libavcodec/jfdctfst.o
CC	libavcodec/jfdctint.o
CC	libavcodec/jni.o
CC	libavcodec/jrevdct.o
CC	libavcodec/mathtables.o
CC	libavcodec/mediacodec.o
CC	libavcodec/mpeg12framerate.o
CC	libavcodec/options.o
CC	libavcodec/parser.o
In file included from libavcodec/options.c:38:
CC	libavcodec/parsers.o
libavcodec/options_table.h:273:116: warning: implicit conversion from 'unsigned long long' to 'double' changes value from 18446744073709551615 to 18446744073709551616 [-Wimplicit-const-int-float-conversion]
  273 | {"request_channel_layout", NULL, OFFSET(request_channel_layout), AV_OPT_TYPE_CHANNEL_LAYOUT, {.i64 = DEFAULT }, 0, UINT64_MAX, A|D, "request_channel_layout"},
      | ~                                                                                                                  ^~~~~~~~~~
/usr/local/lib/android/sdk/ndk/28.2.13676358/toolchains/llvm/prebuilt/linux-x86_64/bin/../sysroot/usr/include/stdint.h:194:27: note: expanded from macro 'UINT64_MAX'
  194 | #define UINT64_MAX       (UINT64_C(18446744073709551615))
      |                           ^~~~~~~~~~~~~~~~~~~~~~~~~~~~~~
/usr/local/lib/android/sdk/ndk/28.2.13676358/toolchains/llvm/prebuilt/linux-x86_64/bin/../sysroot/usr/include/stdint.h:149:27: note: expanded from macro 'UINT64_C'
  149 | #  define UINT64_C(c)     c ## ULL
      |                           ^~~~~~~~
<scratch space>:46:1: note: expanded from here
   46 | 18446744073709551615ULL
      | ^~~~~~~~~~~~~~~~~~~~~~~
In file included from libavcodec/options.c:38:
libavcodec/options_table.h:272:100: warning: implicit conversion from 'unsigned long long' to 'double' changes value from 18446744073709551615 to 18446744073709551616 [-Wimplicit-const-int-float-conversion]
  272 | {"channel_layout", NULL, OFFSET(channel_layout), AV_OPT_TYPE_CHANNEL_LAYOUT, {.i64 = DEFAULT }, 0, UINT64_MAX, A|E|D, "channel_layout"},
      | ~                                                                                                  ^~~~~~~~~~
/usr/local/lib/android/sdk/ndk/28.2.13676358/toolchains/llvm/prebuilt/linux-x86_64/bin/../sysroot/usr/include/stdint.h:194:27: note: expanded from macro 'UINT64_MAX'
  194 | #define UINT64_MAX       (UINT64_C(18446744073709551615))
      |                           ^~~~~~~~~~~~~~~~~~~~~~~~~~~~~~
/usr/local/lib/android/sdk/ndk/28.2.13676358/toolchains/llvm/prebuilt/linux-x86_64/bin/../sysroot/usr/include/stdint.h:149:27: note: expanded from macro 'UINT64_C'
  149 | #  define UINT64_C(c)     c ## ULL
      |                           ^~~~~~~~
<scratch space>:45:1: note: expanded from here
   45 | 18446744073709551615ULL
      | ^~~~~~~~~~~~~~~~~~~~~~~
In file included from libavcodec/options.c:38:
libavcodec/options_table.h:48:110: warning: implicit conversion from 'long long' to 'double' changes value from 9223372036854775807 to 9223372036854775808 [-Wimplicit-const-int-float-conversion]
   48 | {"b", "set bitrate (in bits/s)", OFFSET(bit_rate), AV_OPT_TYPE_INT64, {.i64 = AV_CODEC_DEFAULT_BITRATE }, 0, INT64_MAX, A|V|E},
CC	libavcodec/profiles.o
      | ~                                                                                                            ^~~~~~~~~
CC	libavcodec/pthread.o
/usr/local/lib/android/sdk/ndk/28.2.13676358/toolchains/llvm/prebuilt/linux-x86_64/bin/../sysroot/usr/include/stdint.h:189:27: note: expanded from macro 'INT64_MAX'
CC	libavcodec/pthread_frame.o
CC	libavcodec/pthread_slice.o
  189 | #define INT64_MAX        (INT64_C(9223372036854775807))
      |                           ^~~~~~~~~~~~~~~~~~~~~~~~~~~~
CC	libavcodec/qsv_api.o
/usr/local/lib/android/sdk/ndk/28.2.13676358/toolchains/llvm/prebuilt/linux-x86_64/bin/../sysroot/usr/include/stdint.h:148:27: note: expanded from macro 'INT64_C'
  148 | #  define INT64_C(c)      c ## LL
      |                           ^~~~~~~
<scratch space>:44:1: note: expanded from here
   44 | 9223372036854775807LL
      | ^~~~~~~~~~~~~~~~~~~~~
3 warnings generated.
CC	libavcodec/raw.o
CC	libavcodec/simple_idct.o
CC	libavcodec/utils.o
CC	libavcodec/version.o
CC	libavcodec/vlc.o
CC	libavcodec/vorbis_parser.o
CC	libavcodec/xiph.o
GEN	libavcodec/libavcodec.pc
libswresample/options.c:132:144: warning: implicit conversion from 'long long' to 'double' changes value from 9223372036854775807 to 9223372036854775808 [-Wimplicit-const-int-float-conversion]
CC	libswresample/audioconvert.o
  131 | {"first_pts"            , "Assume the first pts should be this value (in samples)."
CC	libswresample/dither.o
      | ~
CC	libswresample/options.o
  132 |                                                         , OFFSET(firstpts_in_samples), AV_OPT_TYPE_INT64 ,{.i64=AV_NOPTS_VALUE    }, INT64_MIN,INT64_MAX, PARAM },
      |                                                                                                                                                ^~~~~~~~~
/usr/local/lib/android/sdk/ndk/28.2.13676358/toolchains/llvm/prebuilt/linux-x86_64/bin/../sysroot/usr/include/stdint.h:189:27: note: expanded from macro 'INT64_MAX'
  189 | #define INT64_MAX        (INT64_C(9223372036854775807))
      |                           ^~~~~~~~~~~~~~~~~~~~~~~~~~~~
/usr/local/lib/android/sdk/ndk/28.2.13676358/toolchains/llvm/prebuilt/linux-x86_64/bin/../sysroot/usr/include/stdint.h:148:27: note: expanded from macro 'INT64_C'
  148 | #  define INT64_C(c)      c ## LL
      |                           ^~~~~~~
<scratch space>:49:1: note: expanded from here
   49 | 9223372036854775807LL
      | ^~~~~~~~~~~~~~~~~~~~~
libswresample/options.c:70:145: warning: implicit conversion from 'long long' to 'double' changes value from 9223372036854775807 to 9223372036854775808 [-Wimplicit-const-int-float-conversion]
   69 | {"out_channel_layout"   , "set output channel layout (Deprecated, use out_chlayout)",
      | ~
   70 |                                                           OFFSET(user_out_ch_layout), AV_OPT_TYPE_CHANNEL_LAYOUT, {.i64=0         }, INT64_MIN, INT64_MAX, PARAM|DEPREC, "channel_layout"},
      |                                                                                                                                                 ^~~~~~~~~
/usr/local/lib/android/sdk/ndk/28.2.13676358/toolchains/llvm/prebuilt/linux-x86_64/bin/../sysroot/usr/include/stdint.h:189:27: note: expanded from macro 'INT64_MAX'
  189 | #define INT64_MAX        (INT64_C(9223372036854775807))
      |                           ^~~~~~~~~~~~~~~~~~~~~~~~~~~~
/usr/local/lib/android/sdk/ndk/28.2.13676358/toolchains/llvm/prebuilt/linux-x86_64/bin/../sysroot/usr/include/stdint.h:148:27: note: expanded from macro 'INT64_C'
  148 | #  define INT64_C(c)      c ## LL
      |                           ^~~~~~~
<scratch space>:46:1: note: expanded from here
   46 | 9223372036854775807LL
      | ^~~~~~~~~~~~~~~~~~~~~
libswresample/options.c:68:145: warning: implicit conversion from 'long long' to 'double' changes value from 9223372036854775807 to 9223372036854775808 [-Wimplicit-const-int-float-conversion]
   67 | {"ocl"                  , "set output channel layout (Deprecated, use ochl)",
      | ~
CC	libswresample/rematrix.o
CC	libswresample/resample.o
   68 |                                                           OFFSET(user_out_ch_layout), AV_OPT_TYPE_CHANNEL_LAYOUT, {.i64=0         }, INT64_MIN, INT64_MAX, PARAM|DEPREC, "channel_layout"},
      |                                                                                                                                                 ^~~~~~~~~
/usr/local/lib/android/sdk/ndk/28.2.13676358/toolchains/llvm/prebuilt/linux-x86_64/bin/../sysroot/usr/include/stdint.h:189:27: note: expanded from macro 'INT64_MAX'
  189 | #define INT64_MAX        (INT64_C(9223372036854775807))
      |                           ^~~~~~~~~~~~~~~~~~~~~~~~~~~~
/usr/local/lib/android/sdk/ndk/28.2.13676358/toolchains/llvm/prebuilt/linux-x86_64/bin/../sysroot/usr/include/stdint.h:148:27: note: expanded from macro 'INT64_C'
  148 | #  define INT64_C(c)      c ## LL
      |                           ^~~~~~~
<scratch space>:44:1: note: expanded from here
   44 | 9223372036854775807LL
      | ^~~~~~~~~~~~~~~~~~~~~
libswresample/options.c:66:145: warning: implicit conversion from 'long long' to 'double' changes value from 9223372036854775807 to 9223372036854775808 [-Wimplicit-const-int-float-conversion]
   65 | {"in_channel_layout"    , "set input channel layout (Deprecated, use in_chlayout)",
      | ~
   66 |                                                           OFFSET(user_in_ch_layout), AV_OPT_TYPE_CHANNEL_LAYOUT, {.i64=0          }, INT64_MIN, INT64_MAX, PARAM|DEPREC, "channel_layout"},
      |                                                                                                                                                 ^~~~~~~~~
/usr/local/lib/android/sdk/ndk/28.2.13676358/toolchains/llvm/prebuilt/linux-x86_64/bin/../sysroot/usr/include/stdint.h:189:27: note: expanded from macro 'INT64_MAX'
  189 | #define INT64_MAX        (INT64_C(9223372036854775807))
      |                           ^~~~~~~~~~~~~~~~~~~~~~~~~~~~
/usr/local/lib/android/sdk/ndk/28.2.13676358/toolchains/llvm/prebuilt/linux-x86_64/bin/../sysroot/usr/include/stdint.h:148:27: note: expanded from macro 'INT64_C'
  148 | #  define INT64_C(c)      c ## LL
      |                           ^~~~~~~
<scratch space>:42:1: note: expanded from here
   42 | 9223372036854775807LL
      | ^~~~~~~~~~~~~~~~~~~~~
CC	libswresample/resample_dsp.o
libswresample/options.c:64:145: warning: implicit conversion from 'long long' to 'double' changes value from 9223372036854775807 to 9223372036854775808 [-Wimplicit-const-int-float-conversion]
   63 | {"icl"                  , "set input channel layout (Deprecated, use ichl)",
      | ~
   64 |                                                           OFFSET(user_in_ch_layout), AV_OPT_TYPE_CHANNEL_LAYOUT, {.i64=0          }, INT64_MIN, INT64_MAX, PARAM|DEPREC, "channel_layout"},
      |                                                                                                                                                 ^~~~~~~~~
/usr/local/lib/android/sdk/ndk/28.2.13676358/toolchains/llvm/prebuilt/linux-x86_64/bin/../sysroot/usr/include/stdint.h:189:27: note: expanded from macro 'INT64_MAX'
  189 | #define INT64_MAX        (INT64_C(9223372036854775807))
      |                           ^~~~~~~~~~~~~~~~~~~~~~~~~~~~
/usr/local/lib/android/sdk/ndk/28.2.13676358/toolchains/llvm/prebuilt/linux-x86_64/bin/../sysroot/usr/include/stdint.h:148:27: note: expanded from macro 'INT64_C'
  148 | #  define INT64_C(c)      c ## LL
      |                           ^~~~~~~
<scratch space>:40:1: note: expanded from here
   40 | 9223372036854775807LL
      | ^~~~~~~~~~~~~~~~~~~~~
5 warnings generated.
CC	libswresample/swresample.o
CC	libswresample/swresample_frame.o
CC	libswresample/version.o
GEN	libswresample/libswresample.pc
CC	libavutil/../compat/strtod.o
CC	libavutil/adler32.o
CC	libavutil/aes.o
CC	libavutil/aes_ctr.o
CC	libavutil/ambient_viewing_environment.o
CC	libavutil/audio_fifo.o
CC	libavutil/avsscanf.o
CC	libavutil/avstring.o
CC	libavutil/base64.o
CC	libavutil/blowfish.o
CC	libavutil/bprint.o
CC	libavutil/buffer.o
CC	libavutil/camellia.o
CC	libavutil/cast5.o
CC	libavutil/channel_layout.o
CC	libavutil/cpu.o
CC	libavutil/crc.o
libavutil/cpu.c:116:76: warning: implicit conversion from 'long long' to 'double' changes value from 9223372036854775807 to 9223372036854775808 [-Wimplicit-const-int-float-conversion]
  116 |         { "flags"   , NULL, 0, AV_OPT_TYPE_FLAGS, { .i64 = 0 }, INT64_MIN, INT64_MAX, .unit = "flags" },
      |         ~                                                                  ^~~~~~~~~
/usr/local/lib/android/sdk/ndk/28.2.13676358/toolchains/llvm/prebuilt/linux-x86_64/bin/../sysroot/usr/include/stdint.h:189:27: note: expanded from macro 'INT64_MAX'
  189 | #define INT64_MAX        (INT64_C(9223372036854775807))
      |                           ^~~~~~~~~~~~~~~~~~~~~~~~~~~~
/usr/local/lib/android/sdk/ndk/28.2.13676358/toolchains/llvm/prebuilt/linux-x86_64/bin/../sysroot/usr/include/stdint.h:148:27: note: expanded from macro 'INT64_C'
  148 | #  define INT64_C(c)      c ## LL
      |                           ^~~~~~~
<scratch space>:53:1: note: expanded from here
   53 | 9223372036854775807LL
      | ^~~~~~~~~~~~~~~~~~~~~
1 warning generated.
CC	libavutil/csp.o
CC	libavutil/des.o
CC	libavutil/detection_bbox.o
CC	libavutil/dict.o
CC	libavutil/display.o
CC	libavutil/dovi_meta.o
libavutil/eval.c:237:41: warning: implicit conversion from 'unsigned long long' to 'double' changes value from 18446744073709551615 to 18446744073709551616 [-Wimplicit-const-int-float-conversion]
CC	libavutil/downmix_info.o
  237 |             return e->value * (r * (1.0/UINT64_MAX));
CC	libavutil/encryption_info.o
      |                                        ~^~~~~~~~~~
/usr/local/lib/android/sdk/ndk/28.2.13676358/toolchains/llvm/prebuilt/linux-x86_64/bin/../sysroot/usr/include/stdint.h:194:27: note: expanded from macro 'UINT64_MAX'
CC	libavutil/error.o
  194 | #define UINT64_MAX       (UINT64_C(18446744073709551615))
CC	libavutil/eval.o
      |                           ^~~~~~~~~~~~~~~~~~~~~~~~~~~~~~
CC	libavutil/fifo.o
CC	libavutil/file.o
/usr/local/lib/android/sdk/ndk/28.2.13676358/toolchains/llvm/prebuilt/linux-x86_64/bin/../sysroot/usr/include/stdint.h:149:27: note: expanded from macro 'UINT64_C'
  149 | #  define UINT64_C(c)     c ## ULL
      |                           ^~~~~~~~
<scratch space>:38:1: note: expanded from here
   38 | 18446744073709551615ULL
      | ^~~~~~~~~~~~~~~~~~~~~~~
CC	libavutil/file_open.o
CC	libavutil/film_grain_params.o
1 warning generated.
CC	libavutil/fixed_dsp.o
CC	libavutil/float_dsp.o
CC	libavutil/frame.o
CC	libavutil/hash.o
CC	libavutil/hdr_dynamic_metadata.o
CC	libavutil/hdr_dynamic_vivid_metadata.o
CC	libavutil/hmac.o
CC	libavutil/hwcontext.o
CC	libavutil/hwcontext_stub.o
CC	libavutil/imgutils.o
CC	libavutil/integer.o
CC	libavutil/intmath.o
CC	libavutil/lfg.o
CC	libavutil/lls.o
CC	libavutil/log.o
CC	libavutil/log2_tab.o
CC	libavutil/lzo.o
CC	libavutil/mastering_display_metadata.o
CC	libavutil/mathematics.o
CC	libavutil/md5.o
CC	libavutil/mem.o
CC	libavutil/murmur3.o
CC	libavutil/opt.o
CC	libavutil/parseutils.o
CC	libavutil/pixdesc.o
CC	libavutil/pixelutils.o
CC	libavutil/random_seed.o
CC	libavutil/rational.o
CC	libavutil/rc4.o
CC	libavutil/reverse.o
CC	libavutil/ripemd.o
CC	libavutil/samplefmt.o
CC	libavutil/sha.o
CC	libavutil/sha512.o
CC	libavutil/slicethread.o
CC	libavutil/spherical.o
CC	libavutil/stereo3d.o
CC	libavutil/tea.o
CC	libavutil/threadmessage.o
CC	libavutil/time.o
CC	libavutil/timecode.o
CC	libavutil/tree.o
CC	libavutil/twofish.o
CC	libavutil/tx.o
CC	libavutil/tx_double.o
CC	libavutil/tx_float.o
CC	libavutil/tx_int32.o
CC	libavutil/utils.o
CC	libavutil/uuid.o
CC	libavutil/version.o
CC	libavutil/video_enc_params.o
CC	libavutil/xga_font_data.o
CC	libavutil/xtea.o
GEN	libavutil/libavutil.pc
AR	libavcodec/libavcodec.a
AR	libswresample/libswresample.a
AR	libavutil/libavutil.a
INSTALL	libavcodec/libavcodec.a
INSTALL	libswresample/libswresample.a
INSTALL	libavutil/libavutil.a
[INFO] Gradle still running: 4m 00s elapsed; no output for 5s
install prefix            /usr/local
source path               .
C compiler                /usr/local/lib/android/sdk/ndk/28.2.13676358/toolchains/llvm/prebuilt/linux-x86_64/bin/x86_64-linux-android21-clang
C library                 bionic
host C compiler           gcc
host C library            glibc
ARCH                      c (x86-64)
big-endian                no
runtime cpu detection     yes
debug symbols             yes
strip symbols             yes
optimize for size         no
optimizations             yes
static                    yes
shared                    no
postprocessing support    no
network support           no
threading support         pthreads
safe bitstream reader     yes
texi2html enabled         no
perl enabled              yes
pod2man enabled           yes
makeinfo enabled          yes
makeinfo supports HTML    yes
xmllint enabled           no

External libraries:
zlib

External libraries providing hardware acceleration:
cuda_llvm

Libraries:
avcodec                 avutil                  swresample

Programs:

Enabled decoders:
alac                    flac

Enabled encoders:

Enabled hwaccels:

Enabled parsers:

Enabled demuxers:

Enabled muxers:

Enabled protocols:

Enabled filters:

Enabled bsfs:

Enabled indevs:

Enabled outdevs:

License: LGPL version 2.1 or later

WARNING: /usr/local/lib/android/sdk/ndk/28.2.13676358/toolchains/llvm/prebuilt/linux-x86_64/bin/x86_64-linux-android21-pkg-config not found, library detection may fail.
config_components.h is unchanged
libavutil/avconfig.h is unchanged
libavfilter/filter_list.c is unchanged
libavcodec/codec_list.c is unchanged
libavcodec/parser_list.c is unchanged
libavcodec/bsf_list.c is unchanged
libavformat/demuxer_list.c is unchanged
libavformat/muxer_list.c is unchanged
libavdevice/indev_list.c is unchanged
libavdevice/outdev_list.c is unchanged
libavformat/protocol_list.c is unchanged
GEN	libavutil/libavutil.version
GEN	libswresample/libswresample.version
GEN	libavcodec/libavcodec.version
CC	libavcodec/ac3_parser.o
CC	libavcodec/adts_parser.o
CC	libavcodec/alac.o
CC	libavcodec/alac_data.o
CC	libavcodec/alacdsp.o
CC	libavcodec/allcodecs.o
CC	libavcodec/avcodec.o
CC	libavcodec/avdct.o
CC	libavcodec/avpacket.o
CC	libavcodec/bitstream.o
CC	libavcodec/bitstream_filters.o
CC	libavcodec/bsf.o
CC	libavcodec/codec_desc.o
CC	libavcodec/codec_par.o
CC	libavcodec/d3d11va.o
CC	libavcodec/decode.o
CC	libavcodec/dirac.o
CC	libavcodec/dv_profile.o
CC	libavcodec/encode.o
CC	libavcodec/faandct.o
CC	libavcodec/faanidct.o
CC	libavcodec/fdctdsp.o
CC	libavcodec/flac.o
CC	libavcodec/flacdata.o
CC	libavcodec/flacdec.o
CC	libavcodec/flacdsp.o
CC	libavcodec/get_buffer.o
CC	libavcodec/idctdsp.o
CC	libavcodec/imgconvert.o
CC	libavcodec/jfdctfst.o
CC	libavcodec/jfdctint.o
CC	libavcodec/jni.o
CC	libavcodec/jrevdct.o
CC	libavcodec/mathtables.o
CC	libavcodec/mediacodec.o
CC	libavcodec/mpeg12framerate.o
CC	libavcodec/options.o
CC	libavcodec/parser.o
CC	libavcodec/parsers.o
In file included from libavcodec/options.c:38:
CC	libavcodec/profiles.o
libavcodec/options_table.h:273:116: warning: implicit conversion from 'unsigned long' to 'double' changes value from 18446744073709551615 to 18446744073709551616 [-Wimplicit-const-int-float-conversion]
  273 | {"request_channel_layout", NULL, OFFSET(request_channel_layout), AV_OPT_TYPE_CHANNEL_LAYOUT, {.i64 = DEFAULT }, 0, UINT64_MAX, A|D, "request_channel_layout"},
CC	libavcodec/pthread.o
CC	libavcodec/pthread_frame.o
      | ~                                                                                                                  ^~~~~~~~~~
/usr/local/lib/android/sdk/ndk/28.2.13676358/toolchains/llvm/prebuilt/linux-x86_64/bin/../sysroot/usr/include/stdint.h:194:27: note: expanded from macro 'UINT64_MAX'
CC	libavcodec/pthread_slice.o
  194 | #define UINT64_MAX       (UINT64_C(18446744073709551615))
      |                           ^~~~~~~~~~~~~~~~~~~~~~~~~~~~~~
/usr/local/lib/android/sdk/ndk/28.2.13676358/toolchains/llvm/prebuilt/linux-x86_64/bin/../sysroot/usr/include/stdint.h:143:27: note: expanded from macro 'UINT64_C'
  143 | #  define UINT64_C(c)     c ## UL
      |                           ^~~~~~~
<scratch space>:46:1: note: expanded from here
   46 | 18446744073709551615UL
      | ^~~~~~~~~~~~~~~~~~~~~~
In file included from libavcodec/options.c:38:
libavcodec/options_table.h:272:100: warning: implicit conversion from 'unsigned long' to 'double' changes value from 18446744073709551615 to 18446744073709551616 [-Wimplicit-const-int-float-conversion]
  272 | {"channel_layout", NULL, OFFSET(channel_layout), AV_OPT_TYPE_CHANNEL_LAYOUT, {.i64 = DEFAULT }, 0, UINT64_MAX, A|E|D, "channel_layout"},
      | ~                                                                                                  ^~~~~~~~~~
/usr/local/lib/android/sdk/ndk/28.2.13676358/toolchains/llvm/prebuilt/linux-x86_64/bin/../sysroot/usr/include/stdint.h:194:27: note: expanded from macro 'UINT64_MAX'
  194 | #define UINT64_MAX       (UINT64_C(18446744073709551615))
      |                           ^~~~~~~~~~~~~~~~~~~~~~~~~~~~~~
/usr/local/lib/android/sdk/ndk/28.2.13676358/toolchains/llvm/prebuilt/linux-x86_64/bin/../sysroot/usr/include/stdint.h:143:27: note: expanded from macro 'UINT64_C'
  143 | #  define UINT64_C(c)     c ## UL
      |                           ^~~~~~~
<scratch space>:45:1: note: expanded from here
   45 | 18446744073709551615UL
      | ^~~~~~~~~~~~~~~~~~~~~~
In file included from libavcodec/options.c:38:
CC	libavcodec/qsv_api.o
CC	libavcodec/raw.o
libavcodec/options_table.h:48:110: warning: implicit conversion from 'long' to 'double' changes value from 9223372036854775807 to 9223372036854775808 [-Wimplicit-const-int-float-conversion]
CC	libavcodec/simple_idct.o
   48 | {"b", "set bitrate (in bits/s)", OFFSET(bit_rate), AV_OPT_TYPE_INT64, {.i64 = AV_CODEC_DEFAULT_BITRATE }, 0, INT64_MAX, A|V|E},
CC	libavcodec/utils.o
      | ~                                                                                                            ^~~~~~~~~
/usr/local/lib/android/sdk/ndk/28.2.13676358/toolchains/llvm/prebuilt/linux-x86_64/bin/../sysroot/usr/include/stdint.h:189:27: note: expanded from macro 'INT64_MAX'
  189 | #define INT64_MAX        (INT64_C(9223372036854775807))
      |                           ^~~~~~~~~~~~~~~~~~~~~~~~~~~~
/usr/local/lib/android/sdk/ndk/28.2.13676358/toolchains/llvm/prebuilt/linux-x86_64/bin/../sysroot/usr/include/stdint.h:142:27: note: expanded from macro 'INT64_C'
  142 | #  define INT64_C(c)      c ## L
      |                           ^~~~~~
<scratch space>:44:1: note: expanded from here
   44 | 9223372036854775807L
      | ^~~~~~~~~~~~~~~~~~~~
3 warnings generated.
CC	libavcodec/version.o
CC	libavcodec/vlc.o
CC	libavcodec/vorbis_parser.o
CC	libavcodec/xiph.o
GEN	libavcodec/libavcodec.pc
CC	libswresample/audioconvert.o
CC	libswresample/dither.o
CC	libswresample/options.o
libswresample/options.c:132:144: warning: implicit conversion from 'long' to 'double' changes value from 9223372036854775807 to 9223372036854775808 [-Wimplicit-const-int-float-conversion]
CC	libswresample/rematrix.o
  131 | {"first_pts"            , "Assume the first pts should be this value (in samples)."
      | ~
  132 |                                                         , OFFSET(firstpts_in_samples), AV_OPT_TYPE_INT64 ,{.i64=AV_NOPTS_VALUE    }, INT64_MIN,INT64_MAX, PARAM },
      |                                                                                                                                                ^~~~~~~~~
/usr/local/lib/android/sdk/ndk/28.2.13676358/toolchains/llvm/prebuilt/linux-x86_64/bin/../sysroot/usr/include/stdint.h:189:27: note: expanded from macro 'INT64_MAX'
  189 | #define INT64_MAX        (INT64_C(9223372036854775807))
      |                           ^~~~~~~~~~~~~~~~~~~~~~~~~~~~
/usr/local/lib/android/sdk/ndk/28.2.13676358/toolchains/llvm/prebuilt/linux-x86_64/bin/../sysroot/usr/include/stdint.h:142:27: note: expanded from macro 'INT64_C'
  142 | #  define INT64_C(c)      c ## L
      |                           ^~~~~~
<scratch space>:49:1: note: expanded from here
   49 | 9223372036854775807L
      | ^~~~~~~~~~~~~~~~~~~~
libswresample/options.c:70:145: warning: implicit conversion from 'long' to 'double' changes value from 9223372036854775807 to 9223372036854775808 [-Wimplicit-const-int-float-conversion]
   69 | {"out_channel_layout"   , "set output channel layout (Deprecated, use out_chlayout)",
      | ~
   70 |                                                           OFFSET(user_out_ch_layout), AV_OPT_TYPE_CHANNEL_LAYOUT, {.i64=0         }, INT64_MIN, INT64_MAX, PARAM|DEPREC, "channel_layout"},
      |                                                                                                                                                 ^~~~~~~~~
/usr/local/lib/android/sdk/ndk/28.2.13676358/toolchains/llvm/prebuilt/linux-x86_64/bin/../sysroot/usr/include/stdint.h:189:27: note: expanded from macro 'INT64_MAX'
  189 | #define INT64_MAX        (INT64_C(9223372036854775807))
      |                           ^~~~~~~~~~~~~~~~~~~~~~~~~~~~
/usr/local/lib/android/sdk/ndk/28.2.13676358/toolchains/llvm/prebuilt/linux-x86_64/bin/../sysroot/usr/include/stdint.h:142:27: note: expanded from macro 'INT64_C'
  142 | #  define INT64_C(c)      c ## L
      |                           ^~~~~~
<scratch space>:46:1: note: expanded from here
   46 | 9223372036854775807L
      | ^~~~~~~~~~~~~~~~~~~~
libswresample/options.c:68:145: warning: implicit conversion from 'long' to 'double' changes value from 9223372036854775807 to 9223372036854775808 [-Wimplicit-const-int-float-conversion]
   67 | {"ocl"                  , "set output channel layout (Deprecated, use ochl)",
      | ~
   68 |                                                           OFFSET(user_out_ch_layout), AV_OPT_TYPE_CHANNEL_LAYOUT, {.i64=0         }, INT64_MIN, INT64_MAX, PARAM|DEPREC, "channel_layout"},
      |                                                                                                                                                 ^~~~~~~~~
/usr/local/lib/android/sdk/ndk/28.2.13676358/toolchains/llvm/prebuilt/linux-x86_64/bin/../sysroot/usr/include/stdint.h:189:27: note: expanded from macro 'INT64_MAX'
  189 | #define INT64_MAX        (INT64_C(9223372036854775807))
      |                           ^~~~~~~~~~~~~~~~~~~~~~~~~~~~
/usr/local/lib/android/sdk/ndk/28.2.13676358/toolchains/llvm/prebuilt/linux-x86_64/bin/../sysroot/usr/include/stdint.h:142:27: note: expanded from macro 'INT64_C'
  142 | #  define INT64_C(c)      c ## L
      |                           ^~~~~~
<scratch space>:44:1: note: expanded from here
   44 | 9223372036854775807L
      | ^~~~~~~~~~~~~~~~~~~~
CC	libswresample/resample.o
libswresample/options.c:66:145: warning: implicit conversion from 'long' to 'double' changes value from 9223372036854775807 to 9223372036854775808 [-Wimplicit-const-int-float-conversion]
   65 | {"in_channel_layout"    , "set input channel layout (Deprecated, use in_chlayout)",
      | ~
   66 |                                                           OFFSET(user_in_ch_layout), AV_OPT_TYPE_CHANNEL_LAYOUT, {.i64=0          }, INT64_MIN, INT64_MAX, PARAM|DEPREC, "channel_layout"},
      |                                                                                                                                                 ^~~~~~~~~
/usr/local/lib/android/sdk/ndk/28.2.13676358/toolchains/llvm/prebuilt/linux-x86_64/bin/../sysroot/usr/include/stdint.h:189:27: note: expanded from macro 'INT64_MAX'
  189 | #define INT64_MAX        (INT64_C(9223372036854775807))
      |                           ^~~~~~~~~~~~~~~~~~~~~~~~~~~~
/usr/local/lib/android/sdk/ndk/28.2.13676358/toolchains/llvm/prebuilt/linux-x86_64/bin/../sysroot/usr/include/stdint.h:142:27: note: expanded from macro 'INT64_C'
  142 | #  define INT64_C(c)      c ## L
      |                           ^~~~~~
<scratch space>:42:1: note: expanded from here
   42 | 9223372036854775807L
      | ^~~~~~~~~~~~~~~~~~~~
libswresample/options.c:64:145: warning: implicit conversion from 'long' to 'double' changes value from 9223372036854775807 to 9223372036854775808 [-Wimplicit-const-int-float-conversion]
   63 | {"icl"                  , "set input channel layout (Deprecated, use ichl)",
      | ~
   64 |                                                           OFFSET(user_in_ch_layout), AV_OPT_TYPE_CHANNEL_LAYOUT, {.i64=0          }, INT64_MIN, INT64_MAX, PARAM|DEPREC, "channel_layout"},
      |                                                                                                                                                 ^~~~~~~~~
/usr/local/lib/android/sdk/ndk/28.2.13676358/toolchains/llvm/prebuilt/linux-x86_64/bin/../sysroot/usr/include/stdint.h:189:27: note: expanded from macro 'INT64_MAX'
  189 | #define INT64_MAX        (INT64_C(9223372036854775807))
      |                           ^~~~~~~~~~~~~~~~~~~~~~~~~~~~
/usr/local/lib/android/sdk/ndk/28.2.13676358/toolchains/llvm/prebuilt/linux-x86_64/bin/../sysroot/usr/include/stdint.h:142:27: note: expanded from macro 'INT64_C'
  142 | #  define INT64_C(c)      c ## L
      |                           ^~~~~~
<scratch space>:40:1: note: expanded from here
   40 | 9223372036854775807L
      | ^~~~~~~~~~~~~~~~~~~~
5 warnings generated.
CC	libswresample/resample_dsp.o
CC	libswresample/swresample.o
CC	libswresample/swresample_frame.o
CC	libswresample/version.o
GEN	libswresample/libswresample.pc
CC	libavutil/../compat/strtod.o
CC	libavutil/adler32.o
CC	libavutil/aes.o
CC	libavutil/aes_ctr.o
CC	libavutil/ambient_viewing_environment.o
CC	libavutil/audio_fifo.o
CC	libavutil/avsscanf.o
CC	libavutil/avstring.o
CC	libavutil/base64.o
CC	libavutil/blowfish.o
CC	libavutil/bprint.o
CC	libavutil/buffer.o
CC	libavutil/camellia.o
CC	libavutil/cast5.o
CC	libavutil/channel_layout.o
CC	libavutil/cpu.o
CC	libavutil/crc.o
libavutil/cpu.c:116:76: warning: implicit conversion from 'long' to 'double' changes value from 9223372036854775807 to 9223372036854775808 [-Wimplicit-const-int-float-conversion]
  116 |         { "flags"   , NULL, 0, AV_OPT_TYPE_FLAGS, { .i64 = 0 }, INT64_MIN, INT64_MAX, .unit = "flags" },
      |         ~                                                                  ^~~~~~~~~
/usr/local/lib/android/sdk/ndk/28.2.13676358/toolchains/llvm/prebuilt/linux-x86_64/bin/../sysroot/usr/include/stdint.h:189:27: note: expanded from macro 'INT64_MAX'
  189 | #define INT64_MAX        (INT64_C(9223372036854775807))
      |                           ^~~~~~~~~~~~~~~~~~~~~~~~~~~~
/usr/local/lib/android/sdk/ndk/28.2.13676358/toolchains/llvm/prebuilt/linux-x86_64/bin/../sysroot/usr/include/stdint.h:142:27: note: expanded from macro 'INT64_C'
  142 | #  define INT64_C(c)      c ## L
      |                           ^~~~~~
<scratch space>:48:1: note: expanded from here
   48 | 9223372036854775807L
      | ^~~~~~~~~~~~~~~~~~~~
1 warning generated.
CC	libavutil/csp.o
CC	libavutil/des.o
CC	libavutil/detection_bbox.o
CC	libavutil/dict.o
CC	libavutil/display.o
CC	libavutil/dovi_meta.o
CC	libavutil/downmix_info.o
libavutil/eval.c:237:41: warning: implicit conversion from 'unsigned long' to 'double' changes value from 18446744073709551615 to 18446744073709551616 [-Wimplicit-const-int-float-conversion]
CC	libavutil/encryption_info.o
  237 |             return e->value * (r * (1.0/UINT64_MAX));
CC	libavutil/error.o
      |                                        ~^~~~~~~~~~
CC	libavutil/eval.o
/usr/local/lib/android/sdk/ndk/28.2.13676358/toolchains/llvm/prebuilt/linux-x86_64/bin/../sysroot/usr/include/stdint.h:194:27: note: expanded from macro 'UINT64_MAX'
CC	libavutil/fifo.o
  194 | #define UINT64_MAX       (UINT64_C(18446744073709551615))
CC	libavutil/file.o
      |                           ^~~~~~~~~~~~~~~~~~~~~~~~~~~~~~
/usr/local/lib/android/sdk/ndk/28.2.13676358/toolchains/llvm/prebuilt/linux-x86_64/bin/../sysroot/usr/include/stdint.h:143:27: note: expanded from macro 'UINT64_C'
  143 | #  define UINT64_C(c)     c ## UL
      |                           ^~~~~~~
<scratch space>:38:1: note: expanded from here
   38 | 18446744073709551615UL
      | ^~~~~~~~~~~~~~~~~~~~~~
CC	libavutil/file_open.o
CC	libavutil/film_grain_params.o
CC	libavutil/fixed_dsp.o
CC	libavutil/float_dsp.o
CC	libavutil/frame.o
1 warning generated.
CC	libavutil/hash.o
CC	libavutil/hdr_dynamic_metadata.o
CC	libavutil/hdr_dynamic_vivid_metadata.o
CC	libavutil/hmac.o
CC	libavutil/hwcontext.o
CC	libavutil/hwcontext_stub.o
CC	libavutil/imgutils.o
CC	libavutil/integer.o
CC	libavutil/intmath.o
CC	libavutil/lfg.o
CC	libavutil/lls.o
CC	libavutil/log.o
CC	libavutil/log2_tab.o
CC	libavutil/lzo.o
CC	libavutil/mastering_display_metadata.o
CC	libavutil/mathematics.o
CC	libavutil/md5.o
CC	libavutil/mem.o
CC	libavutil/murmur3.o
CC	libavutil/opt.o
CC	libavutil/parseutils.o
CC	libavutil/pixdesc.o
CC	libavutil/pixelutils.o
CC	libavutil/random_seed.o
CC	libavutil/rational.o
CC	libavutil/rc4.o
CC	libavutil/reverse.o
CC	libavutil/ripemd.o
CC	libavutil/samplefmt.o
CC	libavutil/sha.o
CC	libavutil/sha512.o
CC	libavutil/slicethread.o
CC	libavutil/spherical.o
CC	libavutil/stereo3d.o
CC	libavutil/tea.o
CC	libavutil/threadmessage.o
CC	libavutil/time.o
CC	libavutil/timecode.o
CC	libavutil/tree.o
CC	libavutil/twofish.o
CC	libavutil/tx.o
CC	libavutil/tx_double.o
CC	libavutil/tx_float.o
CC	libavutil/tx_int32.o
CC	libavutil/utils.o
CC	libavutil/uuid.o
CC	libavutil/version.o
CC	libavutil/video_enc_params.o
CC	libavutil/xga_font_data.o
CC	libavutil/xtea.o
GEN	libavutil/libavutil.pc
AR	libavcodec/libavcodec.a
AR	libswresample/libswresample.a
AR	libavutil/libavutil.a
INSTALL	libavcodec/libavcodec.a
INSTALL	libswresample/libswresample.a
INSTALL	libavutil/libavutil.a

> Task :media-lib-decoder-ffmpeg:preBuild UP-TO-DATE
> Task :media-lib-decoder-ffmpeg:preDebugBuild
> Task :media-lib-decoder-ffmpeg:generateDebugResources FROM-CACHE
> Task :media-lib-decoder-ffmpeg:packageDebugResources FROM-CACHE
> Task :media-lib-exoplayer:preBuild UP-TO-DATE
> Task :media-lib-exoplayer:preDebugBuild UP-TO-DATE
> Task :media-lib-exoplayer:generateDebugResources FROM-CACHE
> Task :media-lib-exoplayer:packageDebugResources FROM-CACHE
> Task :media-lib-extractor:preBuild UP-TO-DATE
> Task :media-lib-extractor:preDebugBuild UP-TO-DATE
> Task :media-lib-extractor:generateDebugResources FROM-CACHE
> Task :media-lib-extractor:packageDebugResources FROM-CACHE
> Task :app:mergeStandardDebugResources FROM-CACHE
> Task :app:packageStandardDebugResources FROM-CACHE
> Task :media-lib-common:processDebugNavigationResources FROM-CACHE
> Task :media-lib-container:processDebugNavigationResources FROM-CACHE
> Task :media-lib-database:processDebugNavigationResources FROM-CACHE
> Task :media-lib-datasource:processDebugNavigationResources FROM-CACHE
> Task :media-lib-decoder:processDebugNavigationResources FROM-CACHE
> Task :media-lib-decoder-ffmpeg:processDebugNavigationResources FROM-CACHE
> Task :media-lib-exoplayer:processDebugNavigationResources FROM-CACHE
> Task :media-lib-extractor:processDebugNavigationResources FROM-CACHE
> Task :app:processStandardDebugNavigationResources FROM-CACHE
> Task :app:parseStandardDebugLocalResources FROM-CACHE
> Task :media-lib-common:parseDebugLocalResources FROM-CACHE
> Task :media-lib-common:generateDebugRFile FROM-CACHE
> Task :media-lib-container:parseDebugLocalResources FROM-CACHE
> Task :media-lib-container:generateDebugRFile FROM-CACHE
> Task :media-lib-database:parseDebugLocalResources FROM-CACHE
> Task :media-lib-database:generateDebugRFile FROM-CACHE
> Task :media-lib-datasource:parseDebugLocalResources FROM-CACHE
> Task :media-lib-datasource:generateDebugRFile FROM-CACHE
> Task :media-lib-decoder:parseDebugLocalResources FROM-CACHE
> Task :media-lib-decoder:generateDebugRFile FROM-CACHE
> Task :media-lib-decoder-ffmpeg:parseDebugLocalResources FROM-CACHE
> Task :media-lib-decoder-ffmpeg:generateDebugRFile FROM-CACHE
> Task :media-lib-exoplayer:parseDebugLocalResources FROM-CACHE
> Task :media-lib-exoplayer:generateDebugRFile FROM-CACHE
> Task :media-lib-extractor:parseDebugLocalResources FROM-CACHE
> Task :media-lib-extractor:generateDebugRFile FROM-CACHE
> Task :app:dataBindingGenBaseClassesStandardDebug FROM-CACHE
> Task :app:generateSafeArgsStandardDebug FROM-CACHE
> Task :app:generateStandardDebugBuildConfig FROM-CACHE
> Task :app:generateStandardDebugRFile FROM-CACHE
> Task :media-lib-common:compileDebugKotlin NO-SOURCE
> Task :media-lib-common:javaPreCompileDebug FROM-CACHE
> Task :media-lib-common:compileDebugJavaWithJavac FROM-CACHE
> Task :media-lib-container:javaPreCompileDebug FROM-CACHE
> Task :media-lib-database:javaPreCompileDebug FROM-CACHE
> Task :media-lib-datasource:javaPreCompileDebug FROM-CACHE
> Task :media-lib-decoder:javaPreCompileDebug FROM-CACHE
> Task :media-lib-extractor:javaPreCompileDebug FROM-CACHE
> Task :media-lib-exoplayer:javaPreCompileDebug FROM-CACHE
> Task :media-lib-decoder-ffmpeg:javaPreCompileDebug FROM-CACHE
> Task :musikr:javaPreCompileDebug FROM-CACHE
> Task :media-lib-common:bundleLibCompileToJarDebug
> Task :musikr:compileDebugJavaWithJavac FROM-CACHE
> Task :media-lib-container:compileDebugKotlin NO-SOURCE
> Task :media-lib-container:compileDebugJavaWithJavac FROM-CACHE
> Task :media-lib-container:bundleLibCompileToJarDebug
> Task :media-lib-database:compileDebugKotlin NO-SOURCE
> Task :media-lib-database:compileDebugJavaWithJavac FROM-CACHE
> Task :media-lib-database:bundleLibCompileToJarDebug
> Task :media-lib-decoder:compileDebugKotlin NO-SOURCE
> Task :media-lib-datasource:compileDebugKotlin NO-SOURCE
> Task :media-lib-datasource:compileDebugJavaWithJavac FROM-CACHE
> Task :media-lib-datasource:bundleLibCompileToJarDebug
> Task :media-lib-decoder:compileDebugJavaWithJavac FROM-CACHE
> Task :media-lib-decoder:bundleLibCompileToJarDebug
> Task :musikr:bundleLibCompileToJarDebug
> Task :media-lib-extractor:compileDebugKotlin NO-SOURCE
> Task :media-lib-extractor:compileDebugJavaWithJavac FROM-CACHE
> Task :app:javaPreCompileStandardDebug FROM-CACHE
> Task :media-lib-extractor:bundleLibCompileToJarDebug
> Task :media-lib-exoplayer:compileDebugKotlin NO-SOURCE
> Task :musikr:bundleLibRuntimeToJarDebug
> Task :media-lib-exoplayer:compileDebugJavaWithJavac FROM-CACHE
> Task :media-lib-extractor:bundleLibRuntimeToJarDebug
> Task :media-lib-container:bundleLibRuntimeToJarDebug
> Task :media-lib-exoplayer:bundleLibCompileToJarDebug
> Task :media-lib-decoder-ffmpeg:compileDebugKotlin NO-SOURCE
> Task :media-lib-datasource:bundleLibRuntimeToJarDebug
> Task :media-lib-decoder-ffmpeg:compileDebugJavaWithJavac FROM-CACHE
> Task :media-lib-decoder-ffmpeg:bundleLibCompileToJarDebug
> Task :media-lib-decoder-ffmpeg:bundleLibRuntimeToJarDebug
> Task :app:kspStandardDebugKotlin FROM-CACHE
> Task :app:compileStandardDebugKotlin FROM-CACHE
> Task :app:compileStandardDebugJavaWithJavac FROM-CACHE
> Task :media-lib-database:bundleLibRuntimeToJarDebug
> Task :media-lib-decoder:bundleLibRuntimeToJarDebug
> Task :media-lib-common:bundleLibRuntimeToJarDebug
> Task :app:hiltSyncStandardDebug UP-TO-DATE
> Task :media-lib-common:writeDebugAarMetadata
> Task :media-lib-container:writeDebugAarMetadata
> Task :media-lib-database:writeDebugAarMetadata
> Task :media-lib-datasource:writeDebugAarMetadata
> Task :media-lib-decoder:writeDebugAarMetadata
> Task :media-lib-decoder-ffmpeg:writeDebugAarMetadata
> Task :media-lib-exoplayer:writeDebugAarMetadata
> Task :media-lib-exoplayer:bundleLibRuntimeToJarDebug
> Task :media-lib-extractor:writeDebugAarMetadata
> Task :musikr:writeDebugAarMetadata
> Task :app:checkStandardDebugAarMetadata
> Task :app:hiltAggregateDepsStandardDebug FROM-CACHE
> Task :app:hiltJavaCompileStandardDebug FROM-CACHE
> Task :app:mapStandardDebugSourceSetPaths
> Task :app:compileStandardDebugNavigationResources FROM-CACHE
> Task :app:createStandardDebugCompatibleScreenManifests
> Task :app:extractDeepLinksStandardDebug FROM-CACHE
> Task :media-lib-common:extractDeepLinksDebug FROM-CACHE
> Task :media-lib-common:processDebugManifest FROM-CACHE
> Task :media-lib-container:extractDeepLinksDebug FROM-CACHE
> Task :media-lib-container:processDebugManifest FROM-CACHE
> Task :media-lib-database:extractDeepLinksDebug FROM-CACHE
> Task :media-lib-database:processDebugManifest FROM-CACHE
> Task :media-lib-datasource:extractDeepLinksDebug FROM-CACHE
> Task :media-lib-datasource:processDebugManifest FROM-CACHE
> Task :media-lib-decoder:extractDeepLinksDebug FROM-CACHE
> Task :media-lib-decoder:processDebugManifest FROM-CACHE
> Task :media-lib-decoder-ffmpeg:extractDeepLinksDebug FROM-CACHE
> Task :media-lib-decoder-ffmpeg:processDebugManifest FROM-CACHE
> Task :media-lib-exoplayer:extractDeepLinksDebug FROM-CACHE
> Task :media-lib-exoplayer:processDebugManifest FROM-CACHE
> Task :media-lib-extractor:extractDeepLinksDebug FROM-CACHE
> Task :media-lib-extractor:processDebugManifest FROM-CACHE
> Task :musikr:extractDeepLinksDebug FROM-CACHE
> Task :musikr:processDebugManifest FROM-CACHE
> Task :app:processStandardDebugMainManifest FROM-CACHE
> Task :app:processStandardDebugManifest FROM-CACHE
> Task :app:processStandardDebugManifestForPackage FROM-CACHE
> Task :media-lib-common:mapDebugSourceSetPaths
> Task :media-lib-common:compileDebugLibraryResources FROM-CACHE
> Task :media-lib-container:mapDebugSourceSetPaths
> Task :media-lib-container:compileDebugLibraryResources FROM-CACHE
> Task :media-lib-database:mapDebugSourceSetPaths
> Task :media-lib-database:compileDebugLibraryResources FROM-CACHE
> Task :media-lib-datasource:mapDebugSourceSetPaths
> Task :media-lib-datasource:compileDebugLibraryResources FROM-CACHE
> Task :media-lib-decoder:mapDebugSourceSetPaths
> Task :media-lib-decoder:compileDebugLibraryResources FROM-CACHE
> Task :media-lib-decoder-ffmpeg:mapDebugSourceSetPaths
> Task :media-lib-decoder-ffmpeg:compileDebugLibraryResources FROM-CACHE
> Task :media-lib-exoplayer:mapDebugSourceSetPaths
> Task :media-lib-exoplayer:compileDebugLibraryResources FROM-CACHE
> Task :media-lib-extractor:mapDebugSourceSetPaths
> Task :media-lib-extractor:compileDebugLibraryResources FROM-CACHE
> Task :musikr:mapDebugSourceSetPaths
> Task :musikr:compileDebugLibraryResources FROM-CACHE
> Task :app:processStandardDebugResources FROM-CACHE
> Task :app:transformStandardDebugClassesWithAsm FROM-CACHE
> Task :app:generateStandardDebugAssets UP-TO-DATE
> Task :media-lib-common:generateDebugAssets UP-TO-DATE
> Task :media-lib-common:mergeDebugAssets
> Task :media-lib-container:generateDebugAssets UP-TO-DATE
> Task :media-lib-container:mergeDebugAssets
> Task :media-lib-database:generateDebugAssets UP-TO-DATE
> Task :media-lib-database:mergeDebugAssets
> Task :media-lib-datasource:generateDebugAssets UP-TO-DATE
> Task :media-lib-datasource:mergeDebugAssets
> Task :media-lib-decoder:generateDebugAssets UP-TO-DATE
> Task :media-lib-decoder:mergeDebugAssets
> Task :media-lib-decoder-ffmpeg:generateDebugAssets UP-TO-DATE
> Task :media-lib-decoder-ffmpeg:mergeDebugAssets
> Task :media-lib-exoplayer:generateDebugAssets UP-TO-DATE
> Task :media-lib-exoplayer:mergeDebugAssets
> Task :media-lib-extractor:generateDebugAssets UP-TO-DATE
> Task :media-lib-extractor:mergeDebugAssets
> Task :musikr:generateDebugAssets UP-TO-DATE
> Task :musikr:mergeDebugAssets
> Task :app:bundleStandardDebugClassesToRuntimeJar
> Task :app:mergeStandardDebugAssets
> Task :app:preStandardDebugUnitTestBuild UP-TO-DATE
> Task :app:packageStandardDebugUnitTestForUnitTest

> Task :app:processStandardDebugUnitTestManifest
/home/runner/work/Auxio-TS/Auxio-TS/app/src/main/AndroidManifest.xml:25:5-27:31 Warning:
	uses-permission#android.permission.ACCESS_NETWORK_STATE was tagged at AndroidManifest.xml:25 to remove other declarations but no other declaration present

> Task :app:generateStandardDebugUnitTestConfig
> Task :app:processStandardDebugJavaRes
> Task :app:javaPreCompileStandardDebugUnitTest FROM-CACHE
> Task :media-lib-common:processDebugJavaRes NO-SOURCE
> Task :media-lib-container:processDebugJavaRes NO-SOURCE
> Task :media-lib-database:processDebugJavaRes NO-SOURCE
> Task :media-lib-datasource:processDebugJavaRes NO-SOURCE
> Task :media-lib-decoder:processDebugJavaRes NO-SOURCE
> Task :media-lib-decoder-ffmpeg:processDebugJavaRes NO-SOURCE
> Task :media-lib-exoplayer:processDebugJavaRes NO-SOURCE
> Task :media-lib-extractor:processDebugJavaRes NO-SOURCE
> Task :musikr:processDebugJavaRes
> Task :musikr:preDebugUnitTestBuild UP-TO-DATE
> Task :musikr:generateDebugUnitTestStubRFile FROM-CACHE
> Task :app:bundleStandardDebugClassesToCompileJar
> Task :musikr:kspDebugUnitTestKotlin FROM-CACHE
> Task :app:kspStandardDebugUnitTestKotlin FROM-CACHE
> Task :app:compileStandardDebugUnitTestKotlin FROM-CACHE
> Task :app:compileStandardDebugUnitTestJavaWithJavac NO-SOURCE
> Task :app:processStandardDebugUnitTestJavaRes
> Task :app:hiltSyncStandardDebugUnitTest UP-TO-DATE
> Task :app:hiltAggregateDepsStandardDebugUnitTest FROM-CACHE
> Task :app:hiltJavaCompileStandardDebugUnitTest NO-SOURCE
> Task :app:transformStandardDebugUnitTestClassesWithAsm FROM-CACHE
> Task :app:testStandardDebugUnitTest FROM-CACHE
> Task :app:finalizeTestRoborazziStandardDebug SKIPPED
> Task :musikr:compileDebugUnitTestKotlin FROM-CACHE
> Task :musikr:javaPreCompileDebugUnitTest FROM-CACHE
> Task :musikr:compileDebugUnitTestJavaWithJavac NO-SOURCE
> Task :musikr:processDebugUnitTestJavaRes
> Task :musikr:testDebugUnitTest FROM-CACHE
> Task :musikr:checkDebugAarMetadata

> Task :musikr:configureCMakeDebug[arm64-v8a]
Checking the license for package CMake 3.22.1 in /usr/local/lib/android/sdk/licenses
License for package CMake 3.22.1 accepted.
Preparing "Install CMake 3.22.1 v.3.22.1".
"Install CMake 3.22.1 v.3.22.1" ready.
Installing CMake 3.22.1 in /usr/local/lib/android/sdk/cmake/3.22.1
"Install CMake 3.22.1 v.3.22.1" complete.
"Install CMake 3.22.1 v.3.22.1" finished.

> Task :musikr:buildCMakeDebug[arm64-v8a]
> Task :musikr:configureCMakeDebug[armeabi-v7a]
> Task :musikr:buildCMakeDebug[armeabi-v7a]
> Task :musikr:configureCMakeDebug[x86]
[INFO] Gradle still running: 4m 30s elapsed; no output for 0s
> Task :musikr:buildCMakeDebug[x86]
> Task :musikr:configureCMakeDebug[x86_64]
> Task :musikr:buildCMakeDebug[x86_64]
> Task :musikr:mergeDebugJniLibFolders
> Task :musikr:extractDebugAnnotations FROM-CACHE
> Task :musikr:extractDeepLinksForAarDebug FROM-CACHE
> Task :musikr:mergeDebugGeneratedProguardFiles
> Task :musikr:mergeDebugConsumerProguardFiles
> Task :musikr:prepareDebugArtProfile
> Task :musikr:prepareLintJarForPublish
> Task :musikr:mergeDebugNativeLibs
> Task :musikr:mergeDebugJavaResource
> Task :musikr:syncDebugLibJars FROM-CACHE
> Task :musikr:stripDebugDebugSymbols
> Task :media-lib-exoplayer:checkDebugAarMetadata
> Task :media-lib-exoplayer:mergeDebugJniLibFolders
> Task :media-lib-exoplayer:mergeDebugNativeLibs NO-SOURCE
> Task :media-lib-exoplayer:stripDebugDebugSymbols NO-SOURCE
> Task :media-lib-exoplayer:copyDebugJniLibsProjectAndLocalJars
> Task :musikr:copyDebugJniLibsProjectAndLocalJars
> Task :media-lib-exoplayer:extractDebugAnnotations FROM-CACHE
> Task :musikr:bundleDebugLocalLintAar
> Task :media-lib-exoplayer:extractDeepLinksForAarDebug FROM-CACHE
> Task :media-lib-exoplayer:mergeDebugGeneratedProguardFiles
> Task :media-lib-exoplayer:mergeDebugConsumerProguardFiles
> Task :media-lib-exoplayer:prepareDebugArtProfile
> Task :media-lib-exoplayer:prepareLintJarForPublish
> Task :media-lib-exoplayer:mergeDebugJavaResource
> Task :media-lib-exoplayer:syncDebugLibJars FROM-CACHE
> Task :media-lib-exoplayer:bundleDebugLocalLintAar
> Task :media-lib-decoder-ffmpeg:checkDebugAarMetadata
> Task :media-lib-decoder-ffmpeg:configureCMakeDebug[arm64-v8a]
> Task :media-lib-decoder-ffmpeg:buildCMakeDebug[arm64-v8a]
> Task :media-lib-decoder-ffmpeg:configureCMakeDebug[armeabi-v7a]
> Task :media-lib-decoder-ffmpeg:buildCMakeDebug[armeabi-v7a]
> Task :media-lib-decoder-ffmpeg:configureCMakeDebug[x86]
> Task :media-lib-decoder-ffmpeg:buildCMakeDebug[x86]
> Task :media-lib-decoder-ffmpeg:configureCMakeDebug[x86_64]
> Task :media-lib-decoder-ffmpeg:buildCMakeDebug[x86_64]
> Task :media-lib-decoder-ffmpeg:mergeDebugJniLibFolders
> Task :media-lib-decoder-ffmpeg:extractDebugAnnotations FROM-CACHE
> Task :media-lib-decoder-ffmpeg:extractDeepLinksForAarDebug FROM-CACHE
> Task :media-lib-decoder-ffmpeg:mergeDebugGeneratedProguardFiles
> Task :media-lib-decoder-ffmpeg:mergeDebugConsumerProguardFiles
> Task :media-lib-decoder-ffmpeg:mergeDebugNativeLibs
> Task :media-lib-decoder-ffmpeg:prepareDebugArtProfile
> Task :media-lib-decoder-ffmpeg:prepareLintJarForPublish
> Task :media-lib-decoder-ffmpeg:mergeDebugJavaResource
> Task :media-lib-decoder-ffmpeg:stripDebugDebugSymbols
> Task :media-lib-decoder-ffmpeg:syncDebugLibJars FROM-CACHE
> Task :media-lib-extractor:checkDebugAarMetadata
> Task :media-lib-decoder-ffmpeg:copyDebugJniLibsProjectAndLocalJars
> Task :media-lib-extractor:mergeDebugJniLibFolders
> Task :media-lib-decoder-ffmpeg:bundleDebugLocalLintAar
> Task :media-lib-extractor:mergeDebugNativeLibs NO-SOURCE
> Task :media-lib-extractor:stripDebugDebugSymbols NO-SOURCE
> Task :media-lib-extractor:copyDebugJniLibsProjectAndLocalJars
> Task :media-lib-extractor:extractDebugAnnotations FROM-CACHE
> Task :media-lib-extractor:extractDeepLinksForAarDebug FROM-CACHE
> Task :media-lib-extractor:mergeDebugGeneratedProguardFiles
> Task :media-lib-extractor:mergeDebugConsumerProguardFiles
> Task :media-lib-extractor:prepareDebugArtProfile
> Task :media-lib-extractor:prepareLintJarForPublish
> Task :media-lib-extractor:mergeDebugJavaResource
> Task :media-lib-container:checkDebugAarMetadata
> Task :media-lib-extractor:syncDebugLibJars FROM-CACHE
> Task :media-lib-extractor:bundleDebugLocalLintAar
> Task :media-lib-container:mergeDebugJniLibFolders
> Task :media-lib-container:mergeDebugNativeLibs NO-SOURCE
> Task :media-lib-container:stripDebugDebugSymbols NO-SOURCE
> Task :media-lib-container:copyDebugJniLibsProjectAndLocalJars
> Task :media-lib-container:extractDebugAnnotations FROM-CACHE
> Task :media-lib-container:extractDeepLinksForAarDebug FROM-CACHE
> Task :media-lib-container:mergeDebugGeneratedProguardFiles
> Task :media-lib-container:mergeDebugConsumerProguardFiles
> Task :media-lib-container:prepareDebugArtProfile
> Task :media-lib-container:prepareLintJarForPublish
> Task :media-lib-container:mergeDebugJavaResource
> Task :media-lib-datasource:checkDebugAarMetadata
> Task :media-lib-container:syncDebugLibJars FROM-CACHE
> Task :media-lib-container:bundleDebugLocalLintAar
> Task :media-lib-datasource:mergeDebugJniLibFolders
> Task :media-lib-datasource:mergeDebugNativeLibs NO-SOURCE
> Task :media-lib-datasource:stripDebugDebugSymbols NO-SOURCE
> Task :media-lib-datasource:copyDebugJniLibsProjectAndLocalJars
> Task :media-lib-datasource:extractDebugAnnotations FROM-CACHE
> Task :media-lib-datasource:extractDeepLinksForAarDebug FROM-CACHE
> Task :media-lib-datasource:mergeDebugGeneratedProguardFiles
> Task :media-lib-datasource:mergeDebugConsumerProguardFiles
> Task :media-lib-datasource:prepareDebugArtProfile
> Task :media-lib-datasource:prepareLintJarForPublish
> Task :media-lib-datasource:mergeDebugJavaResource
> Task :media-lib-decoder:checkDebugAarMetadata
> Task :media-lib-datasource:syncDebugLibJars FROM-CACHE
> Task :media-lib-datasource:bundleDebugLocalLintAar
> Task :media-lib-decoder:mergeDebugJniLibFolders
> Task :media-lib-decoder:mergeDebugNativeLibs NO-SOURCE
> Task :media-lib-decoder:stripDebugDebugSymbols NO-SOURCE
> Task :media-lib-decoder:copyDebugJniLibsProjectAndLocalJars
> Task :media-lib-decoder:extractDebugAnnotations FROM-CACHE
> Task :media-lib-decoder:extractDeepLinksForAarDebug FROM-CACHE
> Task :media-lib-decoder:mergeDebugGeneratedProguardFiles
> Task :media-lib-decoder:mergeDebugConsumerProguardFiles
> Task :media-lib-decoder:prepareDebugArtProfile
> Task :media-lib-decoder:prepareLintJarForPublish
> Task :media-lib-decoder:mergeDebugJavaResource
> Task :media-lib-database:checkDebugAarMetadata
> Task :media-lib-decoder:syncDebugLibJars FROM-CACHE
> Task :media-lib-decoder:bundleDebugLocalLintAar
> Task :media-lib-database:mergeDebugJniLibFolders
> Task :media-lib-database:mergeDebugNativeLibs NO-SOURCE
> Task :media-lib-database:stripDebugDebugSymbols NO-SOURCE
> Task :media-lib-database:copyDebugJniLibsProjectAndLocalJars
> Task :media-lib-database:extractDebugAnnotations FROM-CACHE
> Task :media-lib-database:extractDeepLinksForAarDebug FROM-CACHE
> Task :media-lib-database:mergeDebugGeneratedProguardFiles
> Task :media-lib-database:mergeDebugConsumerProguardFiles
> Task :media-lib-database:prepareDebugArtProfile
> Task :media-lib-database:prepareLintJarForPublish
> Task :media-lib-database:mergeDebugJavaResource
> Task :media-lib-common:checkDebugAarMetadata
> Task :media-lib-database:syncDebugLibJars FROM-CACHE
> Task :media-lib-database:bundleDebugLocalLintAar
> Task :media-lib-common:mergeDebugJniLibFolders
> Task :media-lib-common:mergeDebugNativeLibs NO-SOURCE
> Task :media-lib-common:stripDebugDebugSymbols NO-SOURCE
> Task :media-lib-common:copyDebugJniLibsProjectAndLocalJars
> Task :media-lib-common:extractDebugAnnotations FROM-CACHE
> Task :media-lib-common:extractDeepLinksForAarDebug FROM-CACHE
> Task :media-lib-common:mergeDebugGeneratedProguardFiles
> Task :media-lib-common:mergeDebugConsumerProguardFiles
> Task :media-lib-common:prepareDebugArtProfile
> Task :media-lib-common:prepareLintJarForPublish
> Task :app:preStandardDebugAndroidTestBuild SKIPPED
> Task :media-lib-common:mergeDebugJavaResource
> Task :media-lib-common:createFullJarDebug
> Task :media-lib-common:syncDebugLibJars FROM-CACHE
> Task :media-lib-common:bundleDebugLocalLintAar
> Task :media-lib-common:writeDebugLintModelMetadata
> Task :media-lib-container:createFullJarDebug
> Task :media-lib-container:writeDebugLintModelMetadata
> Task :media-lib-database:createFullJarDebug
> Task :media-lib-database:writeDebugLintModelMetadata
> Task :media-lib-datasource:createFullJarDebug
> Task :media-lib-datasource:writeDebugLintModelMetadata
> Task :media-lib-decoder:createFullJarDebug
> Task :media-lib-decoder:writeDebugLintModelMetadata
> Task :media-lib-decoder-ffmpeg:createFullJarDebug
> Task :media-lib-decoder-ffmpeg:writeDebugLintModelMetadata
> Task :media-lib-exoplayer:createFullJarDebug
> Task :media-lib-exoplayer:writeDebugLintModelMetadata
> Task :media-lib-extractor:createFullJarDebug
> Task :media-lib-extractor:writeDebugLintModelMetadata
> Task :musikr:createFullJarDebug
> Task :musikr:writeDebugLintModelMetadata
> Task :app:generateStandardDebugAndroidTestLintModel
> Task :app:extractProguardFiles
> Task :media-lib-common:extractProguardFiles
> Task :media-lib-common:generateDebugLintModel
> Task :media-lib-container:extractProguardFiles
> Task :media-lib-container:generateDebugLintModel
> Task :media-lib-database:extractProguardFiles
> Task :media-lib-database:generateDebugLintModel
> Task :media-lib-datasource:extractProguardFiles
> Task :media-lib-datasource:generateDebugLintModel
> Task :media-lib-decoder:extractProguardFiles
> Task :media-lib-decoder:generateDebugLintModel
> Task :media-lib-decoder-ffmpeg:extractProguardFiles
> Task :media-lib-exoplayer:extractProguardFiles
> Task :media-lib-extractor:extractProguardFiles
> Task :media-lib-extractor:generateDebugLintModel
> Task :media-lib-exoplayer:generateDebugLintModel
> Task :media-lib-decoder-ffmpeg:generateDebugLintModel
> Task :musikr:extractProguardFiles
> Task :musikr:generateDebugLintModel
> Task :app:generateStandardDebugLintReportModel
> Task :app:generateStandardDebugUnitTestLintModel
> Task :media-lib-common:lintAnalyzeDebug FROM-CACHE
> Task :media-lib-container:lintAnalyzeDebug FROM-CACHE
> Task :media-lib-database:lintAnalyzeDebug FROM-CACHE
> Task :media-lib-datasource:lintAnalyzeDebug FROM-CACHE
> Task :media-lib-decoder:lintAnalyzeDebug FROM-CACHE
> Task :media-lib-extractor:lintAnalyzeDebug FROM-CACHE
> Task :media-lib-exoplayer:lintAnalyzeDebug FROM-CACHE
> Task :media-lib-decoder-ffmpeg:lintAnalyzeDebug FROM-CACHE
> Task :musikr:lintAnalyzeDebug FROM-CACHE
> Task :app:lintAnalyzeStandardDebug FROM-CACHE
> Task :app:lintAnalyzeStandardDebugAndroidTest FROM-CACHE
> Task :app:lintAnalyzeStandardDebugUnitTest FROM-CACHE
> Task :media-lib-common:preDebugAndroidTestBuild UP-TO-DATE
> Task :media-lib-common:generateDebugAndroidTestLintModel
> Task :media-lib-common:preDebugUnitTestBuild UP-TO-DATE
> Task :media-lib-common:generateDebugUnitTestLintModel
> Task :media-lib-common:lintAnalyzeDebugAndroidTest FROM-CACHE
> Task :media-lib-common:lintAnalyzeDebugUnitTest FROM-CACHE
> Task :media-lib-container:preDebugAndroidTestBuild UP-TO-DATE
> Task :media-lib-container:generateDebugAndroidTestLintModel
> Task :media-lib-container:preDebugUnitTestBuild UP-TO-DATE
> Task :media-lib-container:generateDebugUnitTestLintModel
> Task :media-lib-container:lintAnalyzeDebugAndroidTest FROM-CACHE
> Task :media-lib-container:lintAnalyzeDebugUnitTest FROM-CACHE
> Task :media-lib-database:preDebugAndroidTestBuild UP-TO-DATE
> Task :media-lib-database:generateDebugAndroidTestLintModel
> Task :media-lib-database:preDebugUnitTestBuild UP-TO-DATE
> Task :media-lib-database:generateDebugUnitTestLintModel
> Task :media-lib-database:lintAnalyzeDebugAndroidTest FROM-CACHE
> Task :media-lib-database:lintAnalyzeDebugUnitTest FROM-CACHE
> Task :media-lib-datasource:preDebugAndroidTestBuild UP-TO-DATE
> Task :media-lib-datasource:generateDebugAndroidTestLintModel
> Task :media-lib-datasource:preDebugUnitTestBuild UP-TO-DATE
> Task :media-lib-datasource:generateDebugUnitTestLintModel
> Task :media-lib-datasource:lintAnalyzeDebugAndroidTest FROM-CACHE
> Task :media-lib-datasource:lintAnalyzeDebugUnitTest FROM-CACHE
> Task :media-lib-decoder:preDebugAndroidTestBuild UP-TO-DATE
> Task :media-lib-decoder:generateDebugAndroidTestLintModel
> Task :media-lib-decoder:preDebugUnitTestBuild UP-TO-DATE
> Task :media-lib-decoder:generateDebugUnitTestLintModel
> Task :media-lib-decoder:lintAnalyzeDebugAndroidTest FROM-CACHE
> Task :media-lib-decoder:lintAnalyzeDebugUnitTest FROM-CACHE
> Task :media-lib-decoder-ffmpeg:preDebugAndroidTestBuild UP-TO-DATE
> Task :media-lib-decoder-ffmpeg:generateDebugAndroidTestLintModel
> Task :media-lib-decoder-ffmpeg:preDebugUnitTestBuild UP-TO-DATE
> Task :media-lib-decoder-ffmpeg:generateDebugUnitTestLintModel
> Task :media-lib-decoder-ffmpeg:lintAnalyzeDebugAndroidTest FROM-CACHE
> Task :media-lib-decoder-ffmpeg:lintAnalyzeDebugUnitTest FROM-CACHE
> Task :media-lib-exoplayer:preDebugAndroidTestBuild UP-TO-DATE
> Task :media-lib-exoplayer:generateDebugAndroidTestLintModel
> Task :media-lib-exoplayer:preDebugUnitTestBuild UP-TO-DATE
> Task :media-lib-exoplayer:generateDebugUnitTestLintModel
> Task :media-lib-exoplayer:lintAnalyzeDebugAndroidTest FROM-CACHE
> Task :media-lib-exoplayer:lintAnalyzeDebugUnitTest FROM-CACHE
> Task :media-lib-extractor:preDebugAndroidTestBuild UP-TO-DATE
> Task :media-lib-extractor:generateDebugAndroidTestLintModel
> Task :media-lib-extractor:preDebugUnitTestBuild UP-TO-DATE
> Task :media-lib-extractor:generateDebugUnitTestLintModel
> Task :media-lib-extractor:lintAnalyzeDebugAndroidTest FROM-CACHE
> Task :media-lib-extractor:lintAnalyzeDebugUnitTest FROM-CACHE
> Task :musikr:preDebugAndroidTestBuild UP-TO-DATE
> Task :musikr:generateDebugAndroidTestLintModel
> Task :musikr:generateDebugUnitTestLintModel
> Task :musikr:lintAnalyzeDebugAndroidTest FROM-CACHE
> Task :musikr:lintAnalyzeDebugUnitTest FROM-CACHE
> Task :app:mergeStandardDebugNativeDebugMetadata NO-SOURCE
> Task :app:compressStandardDebugAssets FROM-CACHE
> Task :app:generateStandardDebugGlobalSynthetics FROM-CACHE
> Task :app:l8DexDesugarLibStandardDebug FROM-CACHE
> Task :app:checkStandardDebugDuplicateClasses
> Task :app:desugarStandardDebugFileDependencies FROM-CACHE
> Task :app:mergeExtDexStandardDebug FROM-CACHE
> Task :musikr:bundleLibRuntimeToDirDebug
> Task :media-lib-decoder-ffmpeg:bundleLibRuntimeToDirDebug
> Task :media-lib-extractor:bundleLibRuntimeToDirDebug
> Task :media-lib-container:bundleLibRuntimeToDirDebug
> Task :media-lib-datasource:bundleLibRuntimeToDirDebug
> Task :media-lib-decoder:bundleLibRuntimeToDirDebug
> Task :media-lib-database:bundleLibRuntimeToDirDebug
> Task :media-lib-common:bundleLibRuntimeToDirDebug
> Task :media-lib-exoplayer:bundleLibRuntimeToDirDebug
> Task :app:mergeLibDexStandardDebug FROM-CACHE
> Task :app:dexBuilderStandardDebug FROM-CACHE
> Task :app:mergeProjectDexStandardDebug FROM-CACHE
> Task :app:mergeStandardDebugJavaResource
> Task :app:mergeStandardDebugJniLibFolders
> Task :media-lib-common:copyDebugJniLibsProjectOnly
> Task :media-lib-container:copyDebugJniLibsProjectOnly
> Task :media-lib-database:copyDebugJniLibsProjectOnly
> Task :media-lib-datasource:copyDebugJniLibsProjectOnly
> Task :media-lib-decoder:copyDebugJniLibsProjectOnly
> Task :media-lib-decoder-ffmpeg:copyDebugJniLibsProjectOnly
> Task :media-lib-exoplayer:copyDebugJniLibsProjectOnly
> Task :media-lib-extractor:copyDebugJniLibsProjectOnly
> Task :musikr:copyDebugJniLibsProjectOnly
> Task :app:mergeStandardDebugNativeLibs
> Task :app:stripStandardDebugDebugSymbols

> Task :app:lintReportStandardDebug
Wrote HTML report to file:///home/runner/work/Auxio-TS/Auxio-TS/app/build/reports/lint-results-standardDebug.html

> Task :app:validateSigningStandardDebug
> Task :app:lintStandardDebug
> Task :app:writeStandardDebugAppMetadata
> Task :app:writeStandardDebugSigningConfigVersions
> Task :app:packageStandardDebug
> Task :app:createStandardDebugApkListingFileRedirect
> Task :app:assembleStandardDebug
gradle/actions: Writing build results to /home/runner/work/_temp/.gradle-actions/build-results/verification-1784249277912.json

[Incubating] Problems report is available at: file:///home/runner/work/Auxio-TS/Auxio-TS/build/reports/problems/problems-report.html

Deprecated Gradle features were used in this build, making it incompatible with Gradle 10.

You can use '--warning-mode all' to show the individual deprecation warnings and determine if they come from your own scripts or plugins.

For more on this, please refer to https://docs.gradle.org/9.5.1/userguide/command_line_interface.html#sec:command_line_warnings in the Gradle documentation.

BUILD SUCCESSFUL in 4m 46s
441 actionable tasks: 250 executed, 191 from cache
Consider enabling configuration cache to speed up this build: https://docs.gradle.org/9.5.1/userguide/configuration_cache_enabling.html
[INFO] Gradle completed successfully in 4m 47s.
[INFO] Running Gradle command:
  ./gradlew  --no-daemon  --stacktrace  --console=plain  --build-cache  --warning-mode  summary  :app:assembleTopwayTwMusicDebug  --max-workers=1  -Dkotlin.compiler.execution.strategy=in-process  --stacktrace
To honour the JVM settings for this build a single-use Daemon process will be forked. For more on this, please refer to https://docs.gradle.org/9.5.1/userguide/gradle_daemon.html#sec:disabling_the_daemon in the Gradle documentation.
Daemon will be stopped at the end of the build 
> Task :app:preBuild UP-TO-DATE
> Task :app:preTopwayTwMusicDebugBuild UP-TO-DATE
> Task :app:mergeTopwayTwMusicDebugNativeDebugMetadata NO-SOURCE
> Task :app:dataBindingMergeDependencyArtifactsTopwayTwMusicDebug
> Task :app:generateTopwayTwMusicDebugResources FROM-CACHE
> Task :media-lib-common:preBuild UP-TO-DATE
> Task :media-lib-common:preDebugBuild UP-TO-DATE
> Task :media-lib-common:generateDebugResources UP-TO-DATE
> Task :media-lib-common:packageDebugResources UP-TO-DATE
> Task :media-lib-container:preBuild UP-TO-DATE
> Task :media-lib-container:preDebugBuild UP-TO-DATE
> Task :media-lib-container:generateDebugResources UP-TO-DATE
> Task :media-lib-container:packageDebugResources UP-TO-DATE
> Task :media-lib-database:preBuild UP-TO-DATE
> Task :media-lib-database:preDebugBuild UP-TO-DATE
> Task :media-lib-database:generateDebugResources UP-TO-DATE
> Task :media-lib-database:packageDebugResources UP-TO-DATE
> Task :media-lib-datasource:preBuild UP-TO-DATE
> Task :media-lib-datasource:preDebugBuild UP-TO-DATE
> Task :media-lib-datasource:generateDebugResources UP-TO-DATE
> Task :media-lib-datasource:packageDebugResources UP-TO-DATE
> Task :media-lib-decoder:preBuild UP-TO-DATE
> Task :media-lib-decoder:preDebugBuild UP-TO-DATE
> Task :media-lib-decoder:generateDebugResources UP-TO-DATE
> Task :media-lib-decoder:packageDebugResources UP-TO-DATE
> Task :media-lib-decoder-ffmpeg:assembleFfmpeg
> Task :media-lib-decoder-ffmpeg:preBuild UP-TO-DATE
> Task :media-lib-decoder-ffmpeg:preDebugBuild
> Task :media-lib-decoder-ffmpeg:generateDebugResources UP-TO-DATE
> Task :media-lib-decoder-ffmpeg:packageDebugResources UP-TO-DATE
> Task :media-lib-exoplayer:preBuild UP-TO-DATE
> Task :media-lib-exoplayer:preDebugBuild UP-TO-DATE
> Task :media-lib-exoplayer:generateDebugResources UP-TO-DATE
> Task :media-lib-exoplayer:packageDebugResources UP-TO-DATE
> Task :media-lib-extractor:preBuild UP-TO-DATE
> Task :media-lib-extractor:preDebugBuild UP-TO-DATE
> Task :media-lib-extractor:generateDebugResources UP-TO-DATE
> Task :media-lib-extractor:packageDebugResources UP-TO-DATE
> Task :musikr:assembleTaglib
> Task :musikr:preBuild UP-TO-DATE
> Task :musikr:preDebugBuild
> Task :musikr:generateDebugResources UP-TO-DATE
> Task :musikr:packageDebugResources UP-TO-DATE
> Task :app:mergeTopwayTwMusicDebugResources FROM-CACHE
> Task :app:packageTopwayTwMusicDebugResources FROM-CACHE
> Task :media-lib-common:processDebugNavigationResources UP-TO-DATE
> Task :media-lib-container:processDebugNavigationResources UP-TO-DATE
> Task :media-lib-database:processDebugNavigationResources UP-TO-DATE
> Task :media-lib-datasource:processDebugNavigationResources UP-TO-DATE
> Task :media-lib-decoder:processDebugNavigationResources UP-TO-DATE
> Task :media-lib-decoder-ffmpeg:processDebugNavigationResources UP-TO-DATE
> Task :media-lib-exoplayer:processDebugNavigationResources UP-TO-DATE
> Task :media-lib-extractor:processDebugNavigationResources UP-TO-DATE
> Task :musikr:processDebugNavigationResources UP-TO-DATE
> Task :app:processTopwayTwMusicDebugNavigationResources FROM-CACHE
> Task :app:parseTopwayTwMusicDebugLocalResources FROM-CACHE
> Task :media-lib-common:parseDebugLocalResources UP-TO-DATE
> Task :media-lib-common:generateDebugRFile UP-TO-DATE
> Task :media-lib-container:parseDebugLocalResources UP-TO-DATE
> Task :media-lib-container:generateDebugRFile UP-TO-DATE
> Task :media-lib-database:parseDebugLocalResources UP-TO-DATE
> Task :media-lib-database:generateDebugRFile UP-TO-DATE
> Task :media-lib-datasource:parseDebugLocalResources UP-TO-DATE
> Task :media-lib-datasource:generateDebugRFile UP-TO-DATE
> Task :media-lib-decoder:parseDebugLocalResources UP-TO-DATE
> Task :media-lib-decoder:generateDebugRFile UP-TO-DATE
> Task :media-lib-decoder-ffmpeg:parseDebugLocalResources UP-TO-DATE
> Task :media-lib-decoder-ffmpeg:generateDebugRFile UP-TO-DATE
> Task :media-lib-exoplayer:parseDebugLocalResources UP-TO-DATE
> Task :media-lib-exoplayer:generateDebugRFile UP-TO-DATE
> Task :media-lib-extractor:parseDebugLocalResources UP-TO-DATE
> Task :media-lib-extractor:generateDebugRFile UP-TO-DATE
> Task :musikr:parseDebugLocalResources UP-TO-DATE
> Task :musikr:generateDebugRFile UP-TO-DATE
> Task :app:dataBindingGenBaseClassesTopwayTwMusicDebug FROM-CACHE
> Task :app:generateSafeArgsTopwayTwMusicDebug FROM-CACHE
> Task :app:generateTopwayTwMusicDebugBuildConfig FROM-CACHE
> Task :app:generateTopwayTwMusicDebugRFile FROM-CACHE
> Task :media-lib-common:compileDebugKotlin NO-SOURCE
> Task :media-lib-common:javaPreCompileDebug UP-TO-DATE
> Task :media-lib-common:compileDebugJavaWithJavac UP-TO-DATE
> Task :media-lib-common:bundleLibCompileToJarDebug UP-TO-DATE
> Task :media-lib-container:compileDebugKotlin NO-SOURCE
> Task :media-lib-container:javaPreCompileDebug UP-TO-DATE
> Task :media-lib-container:compileDebugJavaWithJavac UP-TO-DATE
> Task :media-lib-container:bundleLibCompileToJarDebug UP-TO-DATE
> Task :media-lib-database:compileDebugKotlin NO-SOURCE
> Task :media-lib-database:javaPreCompileDebug UP-TO-DATE
> Task :media-lib-database:compileDebugJavaWithJavac UP-TO-DATE
> Task :media-lib-database:bundleLibCompileToJarDebug UP-TO-DATE
> Task :media-lib-datasource:compileDebugKotlin NO-SOURCE
> Task :media-lib-datasource:javaPreCompileDebug UP-TO-DATE
> Task :media-lib-datasource:compileDebugJavaWithJavac UP-TO-DATE
> Task :media-lib-datasource:bundleLibCompileToJarDebug UP-TO-DATE
> Task :media-lib-decoder:compileDebugKotlin NO-SOURCE
> Task :media-lib-decoder:javaPreCompileDebug UP-TO-DATE
> Task :media-lib-decoder:compileDebugJavaWithJavac UP-TO-DATE
> Task :media-lib-decoder:bundleLibCompileToJarDebug UP-TO-DATE
> Task :media-lib-extractor:compileDebugKotlin NO-SOURCE
> Task :media-lib-extractor:javaPreCompileDebug UP-TO-DATE
> Task :media-lib-extractor:compileDebugJavaWithJavac UP-TO-DATE
> Task :media-lib-extractor:bundleLibCompileToJarDebug UP-TO-DATE
> Task :media-lib-exoplayer:compileDebugKotlin NO-SOURCE
> Task :media-lib-exoplayer:javaPreCompileDebug UP-TO-DATE
> Task :media-lib-exoplayer:compileDebugJavaWithJavac UP-TO-DATE
> Task :media-lib-exoplayer:bundleLibCompileToJarDebug UP-TO-DATE
> Task :media-lib-decoder-ffmpeg:compileDebugKotlin NO-SOURCE
> Task :media-lib-decoder-ffmpeg:javaPreCompileDebug UP-TO-DATE
> Task :media-lib-decoder-ffmpeg:compileDebugJavaWithJavac UP-TO-DATE
> Task :media-lib-decoder-ffmpeg:bundleLibCompileToJarDebug UP-TO-DATE
> Task :musikr:generateDebugBuildConfig UP-TO-DATE
> Task :musikr:kspDebugKotlin UP-TO-DATE
> Task :musikr:compileDebugKotlin UP-TO-DATE
> Task :musikr:javaPreCompileDebug UP-TO-DATE
> Task :musikr:compileDebugJavaWithJavac UP-TO-DATE
> Task :musikr:bundleLibCompileToJarDebug UP-TO-DATE
> Task :app:kspTopwayTwMusicDebugKotlin FROM-CACHE
[INFO] Gradle still running: 0m 30s elapsed; no output for 14s
> Task :app:compileTopwayTwMusicDebugKotlin
[INFO] Gradle still running: 1m 00s elapsed; no output for 14s
w: file:///home/runner/work/Auxio-TS/Auxio-TS/app/src/main/java/org/oxycblt/auxio/AuxioService.kt:26:8 'class MediaBrowserCompat : Any' is deprecated. Deprecated in Java.
w: file:///home/runner/work/Auxio-TS/Auxio-TS/app/src/main/java/org/oxycblt/auxio/AuxioService.kt:32:8 'class MediaBrowserServiceCompat : Service' is deprecated. Deprecated in Java.
w: file:///home/runner/work/Auxio-TS/Auxio-TS/app/src/main/java/org/oxycblt/auxio/AuxioService.kt:33:8 'class MediaConstants : Any' is deprecated. Deprecated in Java.
w: file:///home/runner/work/Auxio-TS/Auxio-TS/app/src/main/java/org/oxycblt/auxio/AuxioService.kt:45:5 'class MediaBrowserServiceCompat : Service' is deprecated. Deprecated in Java.
w: file:///home/runner/work/Auxio-TS/Auxio-TS/app/src/main/java/org/oxycblt/auxio/AuxioService.kt:119:8 'class BrowserRoot : Any' is deprecated. Deprecated in Java.
w: file:///home/runner/work/Auxio-TS/Auxio-TS/app/src/main/java/org/oxycblt/auxio/AuxioService.kt:123:53 'class Result<T : Any!> : Any' is deprecated. Deprecated in Java.
w: file:///home/runner/work/Auxio-TS/Auxio-TS/app/src/main/java/org/oxycblt/auxio/AuxioService.kt:123:60 'class MediaItem : Any, Parcelable' is deprecated. Deprecated in Java.
w: file:///home/runner/work/Auxio-TS/Auxio-TS/app/src/main/java/org/oxycblt/auxio/AuxioService.kt:127:59 'class Result<T : Any!> : Any' is deprecated. Deprecated in Java.
w: file:///home/runner/work/Auxio-TS/Auxio-TS/app/src/main/java/org/oxycblt/auxio/AuxioService.kt:127:78 'class MediaItem : Any, Parcelable' is deprecated. Deprecated in Java.
w: file:///home/runner/work/Auxio-TS/Auxio-TS/app/src/main/java/org/oxycblt/auxio/AuxioService.kt:134:17 'class Result<T : Any!> : Any' is deprecated. Deprecated in Java.
w: file:///home/runner/work/Auxio-TS/Auxio-TS/app/src/main/java/org/oxycblt/auxio/AuxioService.kt:134:36 'class MediaItem : Any, Parcelable' is deprecated. Deprecated in Java.
w: file:///home/runner/work/Auxio-TS/Auxio-TS/app/src/main/java/org/oxycblt/auxio/AuxioService.kt:141:67 'class Result<T : Any!> : Any' is deprecated. Deprecated in Java.
w: file:///home/runner/work/Auxio-TS/Auxio-TS/app/src/main/java/org/oxycblt/auxio/AuxioService.kt:141:86 'class MediaItem : Any, Parcelable' is deprecated. Deprecated in Java.
w: file:///home/runner/work/Auxio-TS/Auxio-TS/app/src/main/java/org/oxycblt/auxio/AuxioService.kt:147:13 'class MediaConstants : Any' is deprecated. Deprecated in Java.
w: file:///home/runner/work/Auxio-TS/Auxio-TS/app/src/main/java/org/oxycblt/auxio/headunit/topway/TopwayBridgeExtrasPolicy.kt:68:77 'fun get(p0: String!): Any?' is deprecated. Deprecated in Java.
w: file:///home/runner/work/Auxio-TS/Auxio-TS/app/src/main/java/org/oxycblt/auxio/home/ThemedSpeedDialView.kt:434:18 This declaration overrides a deprecated member but is not marked as deprecated itself. Add the '@Deprecated' annotation or suppress the diagnostic.
w: file:///home/runner/work/Auxio-TS/Auxio-TS/app/src/main/java/org/oxycblt/auxio/image/CoverView.kt:641:22 This declaration overrides a deprecated member but is not marked as deprecated itself. Add the '@Deprecated' annotation or suppress the diagnostic.
w: file:///home/runner/work/Auxio-TS/Auxio-TS/app/src/main/java/org/oxycblt/auxio/image/coil/RoundedRectTransformation.kt:79:29 'fun computeSizeMultiplier(srcWidth: Int, srcHeight: Int, dstWidth: Int, dstHeight: Int, scale: Scale): Double' is deprecated. Migrate to the variant that accepts a 'maxSize'.
w: file:///home/runner/work/Auxio-TS/Auxio-TS/app/src/main/java/org/oxycblt/auxio/image/coil/RoundedRectTransformation.kt:121:25 'fun computeSizeMultiplier(srcWidth: Int, srcHeight: Int, dstWidth: Int, dstHeight: Int, scale: Scale): Double' is deprecated. Migrate to the variant that accepts a 'maxSize'.
w: file:///home/runner/work/Auxio-TS/Auxio-TS/app/src/main/java/org/oxycblt/auxio/music/service/MediaItemTranslation.kt:25:8 'class MediaBrowserCompat : Any' is deprecated. Deprecated in Java.
w: file:///home/runner/work/Auxio-TS/Auxio-TS/app/src/main/java/org/oxycblt/auxio/music/service/MediaItemTranslation.kt:26:8 'class MediaDescriptionCompat : Any, Parcelable' is deprecated. Deprecated in Java.
w: file:///home/runner/work/Auxio-TS/Auxio-TS/app/src/main/java/org/oxycblt/auxio/music/service/MediaItemTranslation.kt:28:8 'class MediaConstants : Any' is deprecated. Deprecated in Java.
w: file:///home/runner/work/Auxio-TS/Auxio-TS/app/src/main/java/org/oxycblt/auxio/music/service/MediaItemTranslation.kt:90:9 'class MediaConstants : Any' is deprecated. Deprecated in Java.
w: file:///home/runner/work/Auxio-TS/Auxio-TS/app/src/main/java/org/oxycblt/auxio/music/service/MediaItemTranslation.kt:96:15 'class MediaConstants : Any' is deprecated. Deprecated in Java.
w: file:///home/runner/work/Auxio-TS/Auxio-TS/app/src/main/java/org/oxycblt/auxio/music/service/MediaItemTranslation.kt:104:12 'class MediaConstants : Any' is deprecated. Deprecated in Java.
w: file:///home/runner/work/Auxio-TS/Auxio-TS/app/src/main/java/org/oxycblt/auxio/music/service/MediaItemTranslation.kt:111:44 'class MediaItem : Any, Parcelable' is deprecated. Deprecated in Java.
w: file:///home/runner/work/Auxio-TS/Auxio-TS/app/src/main/java/org/oxycblt/auxio/music/service/MediaItemTranslation.kt:115:19 'class MediaConstants : Any' is deprecated. Deprecated in Java.
w: file:///home/runner/work/Auxio-TS/Auxio-TS/app/src/main/java/org/oxycblt/auxio/music/service/MediaItemTranslation.kt:119:9 'class MediaDescriptionCompat : Any, Parcelable' is deprecated. Deprecated in Java.
w: file:///home/runner/work/Auxio-TS/Auxio-TS/app/src/main/java/org/oxycblt/auxio/music/service/MediaItemTranslation.kt:119:32 'constructor(): MediaDescriptionCompat.Builder' is deprecated. Deprecated in Java.
w: file:///home/runner/work/Auxio-TS/Auxio-TS/app/src/main/java/org/oxycblt/auxio/music/service/MediaItemTranslation.kt:127:12 'constructor(p0: MediaDescriptionCompat, p1: Int): MediaBrowserCompat.MediaItem' is deprecated. Deprecated in Java.
w: file:///home/runner/work/Auxio-TS/Auxio-TS/app/src/main/java/org/oxycblt/auxio/music/service/MediaItemTranslation.kt:127:43 'class MediaItem : Any, Parcelable' is deprecated. Deprecated in Java.
w: file:///home/runner/work/Auxio-TS/Auxio-TS/app/src/main/java/org/oxycblt/auxio/music/service/MediaItemTranslation.kt:130:69 'class MediaDescriptionCompat : Any, Parcelable' is deprecated. Deprecated in Java.
w: file:///home/runner/work/Auxio-TS/Auxio-TS/app/src/main/java/org/oxycblt/auxio/music/service/MediaItemTranslation.kt:133:12 'class MediaDescriptionCompat : Any, Parcelable' is deprecated. Deprecated in Java.
w: file:///home/runner/work/Auxio-TS/Auxio-TS/app/src/main/java/org/oxycblt/auxio/music/service/MediaItemTranslation.kt:133:35 'constructor(): MediaDescriptionCompat.Builder' is deprecated. Deprecated in Java.
w: file:///home/runner/work/Auxio-TS/Auxio-TS/app/src/main/java/org/oxycblt/auxio/music/service/MediaItemTranslation.kt:144:62 'class MediaItem : Any, Parcelable' is deprecated. Deprecated in Java.
w: file:///home/runner/work/Auxio-TS/Auxio-TS/app/src/main/java/org/oxycblt/auxio/music/service/MediaItemTranslation.kt:145:12 'constructor(p0: MediaDescriptionCompat, p1: Int): MediaBrowserCompat.MediaItem' is deprecated. Deprecated in Java.
w: file:///home/runner/work/Auxio-TS/Auxio-TS/app/src/main/java/org/oxycblt/auxio/music/service/MediaItemTranslation.kt:145:59 'class MediaItem : Any, Parcelable' is deprecated. Deprecated in Java.
w: file:///home/runner/work/Auxio-TS/Auxio-TS/app/src/main/java/org/oxycblt/auxio/music/service/MediaItemTranslation.kt:148:63 'class MediaItem : Any, Parcelable' is deprecated. Deprecated in Java.
w: file:///home/runner/work/Auxio-TS/Auxio-TS/app/src/main/java/org/oxycblt/auxio/music/service/MediaItemTranslation.kt:153:9 'class MediaDescriptionCompat : Any, Parcelable' is deprecated. Deprecated in Java.
w: file:///home/runner/work/Auxio-TS/Auxio-TS/app/src/main/java/org/oxycblt/auxio/music/service/MediaItemTranslation.kt:153:32 'constructor(): MediaDescriptionCompat.Builder' is deprecated. Deprecated in Java.
w: file:///home/runner/work/Auxio-TS/Auxio-TS/app/src/main/java/org/oxycblt/auxio/music/service/MediaItemTranslation.kt:165:12 'constructor(p0: MediaDescriptionCompat, p1: Int): MediaBrowserCompat.MediaItem' is deprecated. Deprecated in Java.
w: file:///home/runner/work/Auxio-TS/Auxio-TS/app/src/main/java/org/oxycblt/auxio/music/service/MediaItemTranslation.kt:165:35 'class MediaItem : Any, Parcelable' is deprecated. Deprecated in Java.
w: file:///home/runner/work/Auxio-TS/Auxio-TS/app/src/main/java/org/oxycblt/auxio/music/service/MediaItemTranslation.kt:168:64 'class MediaItem : Any, Parcelable' is deprecated. Deprecated in Java.
w: file:///home/runner/work/Auxio-TS/Auxio-TS/app/src/main/java/org/oxycblt/auxio/music/service/MediaItemTranslation.kt:186:9 'class MediaDescriptionCompat : Any, Parcelable' is deprecated. Deprecated in Java.
w: file:///home/runner/work/Auxio-TS/Auxio-TS/app/src/main/java/org/oxycblt/auxio/music/service/MediaItemTranslation.kt:186:32 'constructor(): MediaDescriptionCompat.Builder' is deprecated. Deprecated in Java.
w: file:///home/runner/work/Auxio-TS/Auxio-TS/app/src/main/java/org/oxycblt/auxio/music/service/MediaItemTranslation.kt:198:12 'constructor(p0: MediaDescriptionCompat, p1: Int): MediaBrowserCompat.MediaItem' is deprecated. Deprecated in Java.
w: file:///home/runner/work/Auxio-TS/Auxio-TS/app/src/main/java/org/oxycblt/auxio/music/service/MediaItemTranslation.kt:198:35 'class MediaItem : Any, Parcelable' is deprecated. Deprecated in Java.
w: file:///home/runner/work/Auxio-TS/Auxio-TS/app/src/main/java/org/oxycblt/auxio/music/service/MediaItemTranslation.kt:201:63 'class MediaItem : Any, Parcelable' is deprecated. Deprecated in Java.
w: file:///home/runner/work/Auxio-TS/Auxio-TS/app/src/main/java/org/oxycblt/auxio/music/service/MediaItemTranslation.kt:211:9 'class MediaDescriptionCompat : Any, Parcelable' is deprecated. Deprecated in Java.
w: file:///home/runner/work/Auxio-TS/Auxio-TS/app/src/main/java/org/oxycblt/auxio/music/service/MediaItemTranslation.kt:211:32 'constructor(): MediaDescriptionCompat.Builder' is deprecated. Deprecated in Java.
w: file:///home/runner/work/Auxio-TS/Auxio-TS/app/src/main/java/org/oxycblt/auxio/music/service/MediaItemTranslation.kt:222:12 'constructor(p0: MediaDescriptionCompat, p1: Int): MediaBrowserCompat.MediaItem' is deprecated. Deprecated in Java.
w: file:///home/runner/work/Auxio-TS/Auxio-TS/app/src/main/java/org/oxycblt/auxio/music/service/MediaItemTranslation.kt:222:35 'class MediaItem : Any, Parcelable' is deprecated. Deprecated in Java.
w: file:///home/runner/work/Auxio-TS/Auxio-TS/app/src/main/java/org/oxycblt/auxio/music/service/MediaItemTranslation.kt:225:66 'class MediaItem : Any, Parcelable' is deprecated. Deprecated in Java.
w: file:///home/runner/work/Auxio-TS/Auxio-TS/app/src/main/java/org/oxycblt/auxio/music/service/MediaItemTranslation.kt:235:9 'class MediaDescriptionCompat : Any, Parcelable' is deprecated. Deprecated in Java.
w: file:///home/runner/work/Auxio-TS/Auxio-TS/app/src/main/java/org/oxycblt/auxio/music/service/MediaItemTranslation.kt:235:32 'constructor(): MediaDescriptionCompat.Builder' is deprecated. Deprecated in Java.
w: file:///home/runner/work/Auxio-TS/Auxio-TS/app/src/main/java/org/oxycblt/auxio/music/service/MediaItemTranslation.kt:247:12 'constructor(p0: MediaDescriptionCompat, p1: Int): MediaBrowserCompat.MediaItem' is deprecated. Deprecated in Java.
w: file:///home/runner/work/Auxio-TS/Auxio-TS/app/src/main/java/org/oxycblt/auxio/music/service/MediaItemTranslation.kt:247:35 'class MediaItem : Any, Parcelable' is deprecated. Deprecated in Java.
w: file:///home/runner/work/Auxio-TS/Auxio-TS/app/src/main/java/org/oxycblt/auxio/music/service/MusicBrowser.kt:23:8 'class MediaBrowserCompat : Any' is deprecated. Deprecated in Java.
w: file:///home/runner/work/Auxio-TS/Auxio-TS/app/src/main/java/org/oxycblt/auxio/music/service/MusicBrowser.kt:24:8 'class MediaDescriptionCompat : Any, Parcelable' is deprecated. Deprecated in Java.
w: file:///home/runner/work/Auxio-TS/Auxio-TS/app/src/main/java/org/oxycblt/auxio/music/service/MusicBrowser.kt:125:35 'class MediaItem : Any, Parcelable' is deprecated. Deprecated in Java.
w: file:///home/runner/work/Auxio-TS/Auxio-TS/app/src/main/java/org/oxycblt/auxio/music/service/MusicBrowser.kt:143:67 'class MediaItem : Any, Parcelable' is deprecated. Deprecated in Java.
w: file:///home/runner/work/Auxio-TS/Auxio-TS/app/src/main/java/org/oxycblt/auxio/music/service/MusicBrowser.kt:152:52 'class MediaItem : Any, Parcelable' is deprecated. Deprecated in Java.
w: file:///home/runner/work/Auxio-TS/Auxio-TS/app/src/main/java/org/oxycblt/auxio/music/service/MusicBrowser.kt:173:64 'class MediaItem : Any, Parcelable' is deprecated. Deprecated in Java.
w: file:///home/runner/work/Auxio-TS/Auxio-TS/app/src/main/java/org/oxycblt/auxio/music/service/MusicBrowser.kt:174:35 'class MediaItem : Any, Parcelable' is deprecated. Deprecated in Java.
w: file:///home/runner/work/Auxio-TS/Auxio-TS/app/src/main/java/org/oxycblt/auxio/music/service/MusicBrowser.kt:193:74 'class MediaItem : Any, Parcelable' is deprecated. Deprecated in Java.
w: file:///home/runner/work/Auxio-TS/Auxio-TS/app/src/main/java/org/oxycblt/auxio/music/service/MusicBrowser.kt:313:58 'class MediaItem : Any, Parcelable' is deprecated. Deprecated in Java.
w: file:///home/runner/work/Auxio-TS/Auxio-TS/app/src/main/java/org/oxycblt/auxio/music/service/MusicBrowser.kt:343:47 'class MediaItem : Any, Parcelable' is deprecated. Deprecated in Java.
w: file:///home/runner/work/Auxio-TS/Auxio-TS/app/src/main/java/org/oxycblt/auxio/music/service/MusicBrowser.kt:344:9 'constructor(p0: MediaDescriptionCompat, p1: Int): MediaBrowserCompat.MediaItem' is deprecated. Deprecated in Java.
w: file:///home/runner/work/Auxio-TS/Auxio-TS/app/src/main/java/org/oxycblt/auxio/music/service/MusicBrowser.kt:345:13 'class MediaDescriptionCompat : Any, Parcelable' is deprecated. Deprecated in Java.
w: file:///home/runner/work/Auxio-TS/Auxio-TS/app/src/main/java/org/oxycblt/auxio/music/service/MusicBrowser.kt:345:36 'constructor(): MediaDescriptionCompat.Builder' is deprecated. Deprecated in Java.
w: file:///home/runner/work/Auxio-TS/Auxio-TS/app/src/main/java/org/oxycblt/auxio/music/service/MusicBrowser.kt:353:13 'class MediaItem : Any, Parcelable' is deprecated. Deprecated in Java.
w: file:///home/runner/work/Auxio-TS/Auxio-TS/app/src/main/java/org/oxycblt/auxio/music/service/MusicBrowser.kt:356:73 'class MediaItem : Any, Parcelable' is deprecated. Deprecated in Java.
w: file:///home/runner/work/Auxio-TS/Auxio-TS/app/src/main/java/org/oxycblt/auxio/music/service/MusicBrowser.kt:357:9 'constructor(p0: MediaDescriptionCompat, p1: Int): MediaBrowserCompat.MediaItem' is deprecated. Deprecated in Java.
w: file:///home/runner/work/Auxio-TS/Auxio-TS/app/src/main/java/org/oxycblt/auxio/music/service/MusicBrowser.kt:358:13 'class MediaDescriptionCompat : Any, Parcelable' is deprecated. Deprecated in Java.
w: file:///home/runner/work/Auxio-TS/Auxio-TS/app/src/main/java/org/oxycblt/auxio/music/service/MusicBrowser.kt:358:36 'constructor(): MediaDescriptionCompat.Builder' is deprecated. Deprecated in Java.
w: file:///home/runner/work/Auxio-TS/Auxio-TS/app/src/main/java/org/oxycblt/auxio/music/service/MusicBrowser.kt:362:13 'class MediaItem : Any, Parcelable' is deprecated. Deprecated in Java.
w: file:///home/runner/work/Auxio-TS/Auxio-TS/app/src/main/java/org/oxycblt/auxio/music/service/MusicBrowser.kt:365:56 'class MediaItem : Any, Parcelable' is deprecated. Deprecated in Java.
w: file:///home/runner/work/Auxio-TS/Auxio-TS/app/src/main/java/org/oxycblt/auxio/music/service/MusicBrowser.kt:367:49 'class MediaItem : Any, Parcelable' is deprecated. Deprecated in Java.
w: file:///home/runner/work/Auxio-TS/Auxio-TS/app/src/main/java/org/oxycblt/auxio/music/service/MusicBrowser.kt:368:9 'constructor(p0: MediaDescriptionCompat, p1: Int): MediaBrowserCompat.MediaItem' is deprecated. Deprecated in Java.
w: file:///home/runner/work/Auxio-TS/Auxio-TS/app/src/main/java/org/oxycblt/auxio/music/service/MusicBrowser.kt:369:13 'class MediaDescriptionCompat : Any, Parcelable' is deprecated. Deprecated in Java.
w: file:///home/runner/work/Auxio-TS/Auxio-TS/app/src/main/java/org/oxycblt/auxio/music/service/MusicBrowser.kt:369:36 'constructor(): MediaDescriptionCompat.Builder' is deprecated. Deprecated in Java.
w: file:///home/runner/work/Auxio-TS/Auxio-TS/app/src/main/java/org/oxycblt/auxio/music/service/MusicBrowser.kt:373:13 'class MediaItem : Any, Parcelable' is deprecated. Deprecated in Java.
w: file:///home/runner/work/Auxio-TS/Auxio-TS/app/src/main/java/org/oxycblt/auxio/music/service/MusicServiceFragment.kt:23:8 'class MediaBrowserCompat : Any' is deprecated. Deprecated in Java.
w: file:///home/runner/work/Auxio-TS/Auxio-TS/app/src/main/java/org/oxycblt/auxio/music/service/MusicServiceFragment.kt:24:8 'class MediaBrowserServiceCompat : Service' is deprecated. Deprecated in Java.
w: file:///home/runner/work/Auxio-TS/Auxio-TS/app/src/main/java/org/oxycblt/auxio/music/service/MusicServiceFragment.kt:25:8 'class MediaBrowserServiceCompat : Service' is deprecated. Deprecated in Java.
w: file:///home/runner/work/Auxio-TS/Auxio-TS/app/src/main/java/org/oxycblt/auxio/music/service/MusicServiceFragment.kt:100:21 'constructor(p0: String, p1: Bundle?): MediaBrowserServiceCompat.BrowserRoot' is deprecated. Deprecated in Java.
w: file:///home/runner/work/Auxio-TS/Auxio-TS/app/src/main/java/org/oxycblt/auxio/music/service/MusicServiceFragment.kt:102:42 'class Result<T : Any!> : Any' is deprecated. Deprecated in Java.
w: file:///home/runner/work/Auxio-TS/Auxio-TS/app/src/main/java/org/oxycblt/auxio/music/service/MusicServiceFragment.kt:102:49 'class MediaItem : Any, Parcelable' is deprecated. Deprecated in Java.
w: file:///home/runner/work/Auxio-TS/Auxio-TS/app/src/main/java/org/oxycblt/auxio/music/service/MusicServiceFragment.kt:105:60 'class Result<T : Any!> : Any' is deprecated. Deprecated in Java.
w: file:///home/runner/work/Auxio-TS/Auxio-TS/app/src/main/java/org/oxycblt/auxio/music/service/MusicServiceFragment.kt:105:79 'class MediaItem : Any, Parcelable' is deprecated. Deprecated in Java.
w: file:///home/runner/work/Auxio-TS/Auxio-TS/app/src/main/java/org/oxycblt/auxio/music/service/MusicServiceFragment.kt:108:39 'class Result<T : Any!> : Any' is deprecated. Deprecated in Java.
w: file:///home/runner/work/Auxio-TS/Auxio-TS/app/src/main/java/org/oxycblt/auxio/music/service/MusicServiceFragment.kt:108:58 'class MediaItem : Any, Parcelable' is deprecated. Deprecated in Java.
w: file:///home/runner/work/Auxio-TS/Auxio-TS/app/src/main/java/org/oxycblt/auxio/music/service/MusicServiceFragment.kt:120:21 'class Result<T : Any!> : Any' is deprecated. Deprecated in Java.
w: file:///home/runner/work/Auxio-TS/Auxio-TS/app/src/main/java/org/oxycblt/auxio/music/service/MusicServiceFragment.kt:133:21 'class Result<T : Any!> : Any' is deprecated. Deprecated in Java.
w: file:///home/runner/work/Auxio-TS/Auxio-TS/app/src/main/java/org/oxycblt/auxio/playback/PlaybackPanelFragment.kt:156:30 Unnecessary safe call on a non-null receiver of type 'ViewPager2'.
w: file:///home/runner/work/Auxio-TS/Auxio-TS/app/src/main/java/org/oxycblt/auxio/playback/PlaybackPanelFragment.kt:212:34 Unnecessary safe call on a non-null receiver of type 'ViewPager2'.
w: file:///home/runner/work/Auxio-TS/Auxio-TS/app/src/main/java/org/oxycblt/auxio/playback/PlaybackPanelFragment.kt:340:30 Unnecessary safe call on a non-null receiver of type 'ViewPager2'.
w: file:///home/runner/work/Auxio-TS/Auxio-TS/app/src/main/java/org/oxycblt/auxio/playback/replaygain/ReplayGainAudioProcessor.kt:57:13 'fun flush(): Unit' is deprecated. Deprecated in Java.
w: file:///home/runner/work/Auxio-TS/Auxio-TS/app/src/main/java/org/oxycblt/auxio/playback/service/ExoPlaybackStateHolder.kt:30:8 'class AudioAttributesCompat : Any, VersionedParcelable' is deprecated. Deprecated in Java.
w: file:///home/runner/work/Auxio-TS/Auxio-TS/app/src/main/java/org/oxycblt/auxio/playback/service/ExoPlaybackStateHolder.kt:31:8 'class AudioFocusRequestCompat : Any' is deprecated. Deprecated in Java.
w: file:///home/runner/work/Auxio-TS/Auxio-TS/app/src/main/java/org/oxycblt/auxio/playback/service/ExoPlaybackStateHolder.kt:32:8 'class AudioManagerCompat : Any' is deprecated. Deprecated in Java.
w: file:///home/runner/work/Auxio-TS/Auxio-TS/app/src/main/java/org/oxycblt/auxio/playback/service/ExoPlaybackStateHolder.kt:132:31 'class AudioFocusRequestCompat : Any' is deprecated. Deprecated in Java.
w: file:///home/runner/work/Auxio-TS/Auxio-TS/app/src/main/java/org/oxycblt/auxio/playback/service/ExoPlaybackStateHolder.kt:133:9 'class AudioFocusRequestCompat : Any' is deprecated. Deprecated in Java.
w: file:///home/runner/work/Auxio-TS/Auxio-TS/app/src/main/java/org/oxycblt/auxio/playback/service/ExoPlaybackStateHolder.kt:133:33 'constructor(p0: Int): AudioFocusRequestCompat.Builder' is deprecated. Deprecated in Java.
w: file:///home/runner/work/Auxio-TS/Auxio-TS/app/src/main/java/org/oxycblt/auxio/playback/service/ExoPlaybackStateHolder.kt:133:41 'class AudioManagerCompat : Any' is deprecated. Deprecated in Java.
w: file:///home/runner/work/Auxio-TS/Auxio-TS/app/src/main/java/org/oxycblt/auxio/playback/service/ExoPlaybackStateHolder.kt:135:17 'class AudioAttributesCompat : Any, VersionedParcelable' is deprecated. Deprecated in Java.
w: file:///home/runner/work/Auxio-TS/Auxio-TS/app/src/main/java/org/oxycblt/auxio/playback/service/ExoPlaybackStateHolder.kt:135:39 'constructor(): AudioAttributesCompat.Builder' is deprecated. Deprecated in Java.
w: file:///home/runner/work/Auxio-TS/Auxio-TS/app/src/main/java/org/oxycblt/auxio/playback/service/ExoPlaybackStateHolder.kt:136:31 'class AudioAttributesCompat : Any, VersionedParcelable' is deprecated. Deprecated in Java.
w: file:///home/runner/work/Auxio-TS/Auxio-TS/app/src/main/java/org/oxycblt/auxio/playback/service/ExoPlaybackStateHolder.kt:137:37 'class AudioAttributesCompat : Any, VersionedParcelable' is deprecated. Deprecated in Java.
w: file:///home/runner/work/Auxio-TS/Auxio-TS/app/src/main/java/org/oxycblt/auxio/playback/service/ExoPlaybackStateHolder.kt:1345:22 'class AudioManagerCompat : Any' is deprecated. Deprecated in Java.
w: file:///home/runner/work/Auxio-TS/Auxio-TS/app/src/main/java/org/oxycblt/auxio/playback/service/ExoPlaybackStateHolder.kt:1352:9 'class AudioManagerCompat : Any' is deprecated. Deprecated in Java.
w: file:///home/runner/work/Auxio-TS/Auxio-TS/app/src/main/java/org/oxycblt/auxio/playback/service/MediaSessionHolder.kt:26:8 'class MediaMetadataCompat : Any, Parcelable' is deprecated. Deprecated in Java.
w: file:///home/runner/work/Auxio-TS/Auxio-TS/app/src/main/java/org/oxycblt/auxio/playback/service/MediaSessionHolder.kt:27:8 'class MediaSessionCompat : Any' is deprecated. Deprecated in Java.
w: file:///home/runner/work/Auxio-TS/Auxio-TS/app/src/main/java/org/oxycblt/auxio/playback/service/MediaSessionHolder.kt:28:8 'class PlaybackStateCompat : Any, Parcelable' is deprecated. Deprecated in Java.
w: file:///home/runner/work/Auxio-TS/Auxio-TS/app/src/main/java/org/oxycblt/auxio/playback/service/MediaSessionHolder.kt:32:8 'class NotificationCompat : Any' is deprecated. Deprecated in Java.
w: file:///home/runner/work/Auxio-TS/Auxio-TS/app/src/main/java/org/oxycblt/auxio/playback/service/MediaSessionHolder.kt:33:8 'class MediaButtonReceiver : BroadcastReceiver' is deprecated. Deprecated in Java.
w: file:///home/runner/work/Auxio-TS/Auxio-TS/app/src/main/java/org/oxycblt/auxio/playback/service/MediaSessionHolder.kt:98:32 'constructor(p0: Context, p1: String): MediaSessionCompat' is deprecated. Deprecated in Java.
w: file:///home/runner/work/Auxio-TS/Auxio-TS/app/src/main/java/org/oxycblt/auxio/playback/service/MediaSessionHolder.kt:99:35 'class Token : Any, Parcelable' is deprecated. Deprecated in Java.
w: file:///home/runner/work/Auxio-TS/Auxio-TS/app/src/main/java/org/oxycblt/auxio/playback/service/MediaSessionHolder.kt:140:9 'class MediaButtonReceiver : BroadcastReceiver' is deprecated. Deprecated in Java.
w: file:///home/runner/work/Auxio-TS/Auxio-TS/app/src/main/java/org/oxycblt/auxio/playback/service/MediaSessionHolder.kt:190:17 'class PlaybackStateCompat : Any, Parcelable' is deprecated. Deprecated in Java.
w: file:///home/runner/work/Auxio-TS/Auxio-TS/app/src/main/java/org/oxycblt/auxio/playback/service/MediaSessionHolder.kt:192:17 'class PlaybackStateCompat : Any, Parcelable' is deprecated. Deprecated in Java.
w: file:///home/runner/work/Auxio-TS/Auxio-TS/app/src/main/java/org/oxycblt/auxio/playback/service/MediaSessionHolder.kt:239:36 'class PlaybackStateCompat : Any, Parcelable' is deprecated. Deprecated in Java.
w: file:///home/runner/work/Auxio-TS/Auxio-TS/app/src/main/java/org/oxycblt/auxio/playback/service/MediaSessionHolder.kt:240:37 'class PlaybackStateCompat : Any, Parcelable' is deprecated. Deprecated in Java.
w: file:///home/runner/work/Auxio-TS/Auxio-TS/app/src/main/java/org/oxycblt/auxio/playback/service/MediaSessionHolder.kt:241:35 'class PlaybackStateCompat : Any, Parcelable' is deprecated. Deprecated in Java.
w: file:///home/runner/work/Auxio-TS/Auxio-TS/app/src/main/java/org/oxycblt/auxio/playback/service/MediaSessionHolder.kt:308:17 'class MediaMetadataCompat : Any, Parcelable' is deprecated. Deprecated in Java.
w: file:///home/runner/work/Auxio-TS/Auxio-TS/app/src/main/java/org/oxycblt/auxio/playback/service/MediaSessionHolder.kt:308:37 'constructor(): MediaMetadataCompat.Builder' is deprecated. Deprecated in Java.
w: file:///home/runner/work/Auxio-TS/Auxio-TS/app/src/main/java/org/oxycblt/auxio/playback/service/MediaSessionHolder.kt:309:30 'class MediaMetadataCompat : Any, Parcelable' is deprecated. Deprecated in Java.
w: file:///home/runner/work/Auxio-TS/Auxio-TS/app/src/main/java/org/oxycblt/auxio/playback/service/MediaSessionHolder.kt:310:30 'class MediaMetadataCompat : Any, Parcelable' is deprecated. Deprecated in Java.
w: file:///home/runner/work/Auxio-TS/Auxio-TS/app/src/main/java/org/oxycblt/auxio/playback/service/MediaSessionHolder.kt:311:30 'class MediaMetadataCompat : Any, Parcelable' is deprecated. Deprecated in Java.
w: file:///home/runner/work/Auxio-TS/Auxio-TS/app/src/main/java/org/oxycblt/auxio/playback/service/MediaSessionHolder.kt:313:25 'class MediaMetadataCompat : Any, Parcelable' is deprecated. Deprecated in Java.
w: file:///home/runner/work/Auxio-TS/Auxio-TS/app/src/main/java/org/oxycblt/auxio/playback/service/MediaSessionHolder.kt:316:30 'class MediaMetadataCompat : Any, Parcelable' is deprecated. Deprecated in Java.
w: file:///home/runner/work/Auxio-TS/Auxio-TS/app/src/main/java/org/oxycblt/auxio/playback/service/MediaSessionHolder.kt:317:30 'class MediaMetadataCompat : Any, Parcelable' is deprecated. Deprecated in Java.
w: file:///home/runner/work/Auxio-TS/Auxio-TS/app/src/main/java/org/oxycblt/auxio/playback/service/MediaSessionHolder.kt:318:30 'class MediaMetadataCompat : Any, Parcelable' is deprecated. Deprecated in Java.
w: file:///home/runner/work/Auxio-TS/Auxio-TS/app/src/main/java/org/oxycblt/auxio/playback/service/MediaSessionHolder.kt:320:25 'class MediaMetadataCompat : Any, Parcelable' is deprecated. Deprecated in Java.
w: file:///home/runner/work/Auxio-TS/Auxio-TS/app/src/main/java/org/oxycblt/auxio/playback/service/MediaSessionHolder.kt:324:25 'class MediaMetadataCompat : Any, Parcelable' is deprecated. Deprecated in Java.
w: file:///home/runner/work/Auxio-TS/Auxio-TS/app/src/main/java/org/oxycblt/auxio/playback/service/MediaSessionHolder.kt:328:25 'class MediaMetadataCompat : Any, Parcelable' is deprecated. Deprecated in Java.
w: file:///home/runner/work/Auxio-TS/Auxio-TS/app/src/main/java/org/oxycblt/auxio/playback/service/MediaSessionHolder.kt:332:25 'class MediaMetadataCompat : Any, Parcelable' is deprecated. Deprecated in Java.
w: file:///home/runner/work/Auxio-TS/Auxio-TS/app/src/main/java/org/oxycblt/auxio/playback/service/MediaSessionHolder.kt:335:32 'class MediaMetadataCompat : Any, Parcelable' is deprecated. Deprecated in Java.
w: file:///home/runner/work/Auxio-TS/Auxio-TS/app/src/main/java/org/oxycblt/auxio/playback/service/MediaSessionHolder.kt:337:25 'class MediaMetadataCompat : Any, Parcelable' is deprecated. Deprecated in Java.
w: file:///home/runner/work/Auxio-TS/Auxio-TS/app/src/main/java/org/oxycblt/auxio/playback/service/MediaSessionHolder.kt:340:30 'class MediaMetadataCompat : Any, Parcelable' is deprecated. Deprecated in Java.
w: file:///home/runner/work/Auxio-TS/Auxio-TS/app/src/main/java/org/oxycblt/auxio/playback/service/MediaSessionHolder.kt:357:33 'class MediaMetadataCompat : Any, Parcelable' is deprecated. Deprecated in Java.
w: file:///home/runner/work/Auxio-TS/Auxio-TS/app/src/main/java/org/oxycblt/auxio/playback/service/MediaSessionHolder.kt:361:33 'class MediaMetadataCompat : Any, Parcelable' is deprecated. Deprecated in Java.
w: file:///home/runner/work/Auxio-TS/Auxio-TS/app/src/main/java/org/oxycblt/auxio/playback/service/MediaSessionHolder.kt:365:35 'class MediaMetadataCompat : Any, Parcelable' is deprecated. Deprecated in Java.
w: file:///home/runner/work/Auxio-TS/Auxio-TS/app/src/main/java/org/oxycblt/auxio/playback/service/MediaSessionHolder.kt:366:33 'class MediaMetadataCompat : Any, Parcelable' is deprecated. Deprecated in Java.
w: file:///home/runner/work/Auxio-TS/Auxio-TS/app/src/main/java/org/oxycblt/auxio/playback/service/MediaSessionHolder.kt:396:47 'class MediaMetadataCompat : Any, Parcelable' is deprecated. Deprecated in Java.
w: file:///home/runner/work/Auxio-TS/Auxio-TS/app/src/main/java/org/oxycblt/auxio/playback/service/MediaSessionHolder.kt:397:47 'class MediaMetadataCompat : Any, Parcelable' is deprecated. Deprecated in Java.
w: file:///home/runner/work/Auxio-TS/Auxio-TS/app/src/main/java/org/oxycblt/auxio/playback/service/MediaSessionHolder.kt:402:33 'class MediaMetadataCompat : Any, Parcelable' is deprecated. Deprecated in Java.
w: file:///home/runner/work/Auxio-TS/Auxio-TS/app/src/main/java/org/oxycblt/auxio/playback/service/MediaSessionHolder.kt:406:33 'class MediaMetadataCompat : Any, Parcelable' is deprecated. Deprecated in Java.
w: file:///home/runner/work/Auxio-TS/Auxio-TS/app/src/main/java/org/oxycblt/auxio/playback/service/MediaSessionHolder.kt:410:33 'class MediaMetadataCompat : Any, Parcelable' is deprecated. Deprecated in Java.
w: file:///home/runner/work/Auxio-TS/Auxio-TS/app/src/main/java/org/oxycblt/auxio/playback/service/MediaSessionHolder.kt:450:17 'class MediaMetadataCompat : Any, Parcelable' is deprecated. Deprecated in Java.
w: file:///home/runner/work/Auxio-TS/Auxio-TS/app/src/main/java/org/oxycblt/auxio/playback/service/MediaSessionHolder.kt:450:37 'constructor(): MediaMetadataCompat.Builder' is deprecated. Deprecated in Java.
w: file:///home/runner/work/Auxio-TS/Auxio-TS/app/src/main/java/org/oxycblt/auxio/playback/service/MediaSessionHolder.kt:451:30 'class MediaMetadataCompat : Any, Parcelable' is deprecated. Deprecated in Java.
w: file:///home/runner/work/Auxio-TS/Auxio-TS/app/src/main/java/org/oxycblt/auxio/playback/service/MediaSessionHolder.kt:452:30 'class MediaMetadataCompat : Any, Parcelable' is deprecated. Deprecated in Java.
w: file:///home/runner/work/Auxio-TS/Auxio-TS/app/src/main/java/org/oxycblt/auxio/playback/service/MediaSessionHolder.kt:453:30 'class MediaMetadataCompat : Any, Parcelable' is deprecated. Deprecated in Java.
w: file:///home/runner/work/Auxio-TS/Auxio-TS/app/src/main/java/org/oxycblt/auxio/playback/service/MediaSessionHolder.kt:455:25 'class MediaMetadataCompat : Any, Parcelable' is deprecated. Deprecated in Java.
w: file:///home/runner/work/Auxio-TS/Auxio-TS/app/src/main/java/org/oxycblt/auxio/playback/service/MediaSessionHolder.kt:458:30 'class MediaMetadataCompat : Any, Parcelable' is deprecated. Deprecated in Java.
w: file:///home/runner/work/Auxio-TS/Auxio-TS/app/src/main/java/org/oxycblt/auxio/playback/service/MediaSessionHolder.kt:460:25 'class MediaMetadataCompat : Any, Parcelable' is deprecated. Deprecated in Java.
w: file:///home/runner/work/Auxio-TS/Auxio-TS/app/src/main/java/org/oxycblt/auxio/playback/service/MediaSessionHolder.kt:464:25 'class MediaMetadataCompat : Any, Parcelable' is deprecated. Deprecated in Java.
w: file:///home/runner/work/Auxio-TS/Auxio-TS/app/src/main/java/org/oxycblt/auxio/playback/service/MediaSessionHolder.kt:468:25 'class MediaMetadataCompat : Any, Parcelable' is deprecated. Deprecated in Java.
w: file:///home/runner/work/Auxio-TS/Auxio-TS/app/src/main/java/org/oxycblt/auxio/playback/service/MediaSessionHolder.kt:471:32 'class MediaMetadataCompat : Any, Parcelable' is deprecated. Deprecated in Java.
w: file:///home/runner/work/Auxio-TS/Auxio-TS/app/src/main/java/org/oxycblt/auxio/playback/service/MediaSessionHolder.kt:473:25 'class MediaMetadataCompat : Any, Parcelable' is deprecated. Deprecated in Java.
w: file:///home/runner/work/Auxio-TS/Auxio-TS/app/src/main/java/org/oxycblt/auxio/playback/service/MediaSessionHolder.kt:476:30 'class MediaMetadataCompat : Any, Parcelable' is deprecated. Deprecated in Java.
w: file:///home/runner/work/Auxio-TS/Auxio-TS/app/src/main/java/org/oxycblt/auxio/playback/service/MediaSessionHolder.kt:509:21 'class MediaSessionCompat : Any' is deprecated. Deprecated in Java.
w: file:///home/runner/work/Auxio-TS/Auxio-TS/app/src/main/java/org/oxycblt/auxio/playback/service/MediaSessionHolder.kt:509:40 'constructor(p0: MediaDescriptionCompat!, p1: Long): MediaSessionCompat.QueueItem' is deprecated. Deprecated in Java.
w: file:///home/runner/work/Auxio-TS/Auxio-TS/app/src/main/java/org/oxycblt/auxio/playback/service/MediaSessionHolder.kt:523:36 'class PlaybackStateCompat : Any, Parcelable' is deprecated. Deprecated in Java.
w: file:///home/runner/work/Auxio-TS/Auxio-TS/app/src/main/java/org/oxycblt/auxio/playback/service/MediaSessionHolder.kt:523:56 'constructor(): PlaybackStateCompat.Builder' is deprecated. Deprecated in Java.
w: file:///home/runner/work/Auxio-TS/Auxio-TS/app/src/main/java/org/oxycblt/auxio/playback/service/MediaSessionHolder.kt:532:13 'class PlaybackStateCompat : Any, Parcelable' is deprecated. Deprecated in Java.
w: file:///home/runner/work/Auxio-TS/Auxio-TS/app/src/main/java/org/oxycblt/auxio/playback/service/MediaSessionHolder.kt:532:33 'class CustomAction : Any, Parcelable' is deprecated. Deprecated in Java.
w: file:///home/runner/work/Auxio-TS/Auxio-TS/app/src/main/java/org/oxycblt/auxio/playback/service/MediaSessionHolder.kt:542:13 'class PlaybackStateCompat : Any, Parcelable' is deprecated. Deprecated in Java.
w: file:///home/runner/work/Auxio-TS/Auxio-TS/app/src/main/java/org/oxycblt/auxio/playback/service/MediaSessionHolder.kt:542:33 'class CustomAction : Any, Parcelable' is deprecated. Deprecated in Java.
w: file:///home/runner/work/Auxio-TS/Auxio-TS/app/src/main/java/org/oxycblt/auxio/playback/service/MediaSessionHolder.kt:609:37 'class MediaMetadataCompat : Any, Parcelable' is deprecated. Deprecated in Java.
w: file:///home/runner/work/Auxio-TS/Auxio-TS/app/src/main/java/org/oxycblt/auxio/playback/service/MediaSessionHolder.kt:609:57 'constructor(): MediaMetadataCompat.Builder' is deprecated. Deprecated in Java.
w: file:///home/runner/work/Auxio-TS/Auxio-TS/app/src/main/java/org/oxycblt/auxio/playback/service/MediaSessionHolder.kt:622:38 'class Token : Any, Parcelable' is deprecated. Deprecated in Java.
w: file:///home/runner/work/Auxio-TS/Auxio-TS/app/src/main/java/org/oxycblt/auxio/playback/service/MediaSessionHolder.kt:653:13 'constructor(p0: NotificationCompat.Builder!): NotificationCompat.MediaStyle' is deprecated. Deprecated in Java.
w: file:///home/runner/work/Auxio-TS/Auxio-TS/app/src/main/java/org/oxycblt/auxio/playback/service/MediaSessionHolder.kt:667:34 'class MediaMetadataCompat : Any, Parcelable' is deprecated. Deprecated in Java.
w: file:///home/runner/work/Auxio-TS/Auxio-TS/app/src/main/java/org/oxycblt/auxio/playback/service/MediaSessionHolder.kt:671:36 'class MediaMetadataCompat : Any, Parcelable' is deprecated. Deprecated in Java.
w: file:///home/runner/work/Auxio-TS/Auxio-TS/app/src/main/java/org/oxycblt/auxio/playback/service/MediaSessionHolder.kt:681:32 'class MediaMetadataCompat : Any, Parcelable' is deprecated. Deprecated in Java.
w: file:///home/runner/work/Auxio-TS/Auxio-TS/app/src/main/java/org/oxycblt/auxio/playback/service/MediaSessionHolder.kt:686:30 'class MediaMetadataCompat : Any, Parcelable' is deprecated. Deprecated in Java.
w: file:///home/runner/work/Auxio-TS/Auxio-TS/app/src/main/java/org/oxycblt/auxio/playback/service/MediaSessionHolder.kt:691:30 'class MediaMetadataCompat : Any, Parcelable' is deprecated. Deprecated in Java.
w: file:///home/runner/work/Auxio-TS/Auxio-TS/app/src/main/java/org/oxycblt/auxio/playback/service/MediaSessionInterface.kt:25:8 'class MediaDescriptionCompat : Any, Parcelable' is deprecated. Deprecated in Java.
w: file:///home/runner/work/Auxio-TS/Auxio-TS/app/src/main/java/org/oxycblt/auxio/playback/service/MediaSessionInterface.kt:26:8 'class MediaSessionCompat : Any' is deprecated. Deprecated in Java.
w: file:///home/runner/work/Auxio-TS/Auxio-TS/app/src/main/java/org/oxycblt/auxio/playback/service/MediaSessionInterface.kt:27:8 'class PlaybackStateCompat : Any, Parcelable' is deprecated. Deprecated in Java.
w: file:///home/runner/work/Auxio-TS/Auxio-TS/app/src/main/java/org/oxycblt/auxio/playback/service/MediaSessionInterface.kt:57:24 'class Callback : Any' is deprecated. Deprecated in Java.
w: file:///home/runner/work/Auxio-TS/Auxio-TS/app/src/main/java/org/oxycblt/auxio/playback/service/MediaSessionInterface.kt:98:46 'class MediaDescriptionCompat : Any, Parcelable' is deprecated. Deprecated in Java.
w: file:///home/runner/work/Auxio-TS/Auxio-TS/app/src/main/java/org/oxycblt/auxio/playback/service/MediaSessionInterface.kt:111:49 'class MediaDescriptionCompat : Any, Parcelable' is deprecated. Deprecated in Java.
w: file:///home/runner/work/Auxio-TS/Auxio-TS/app/src/main/java/org/oxycblt/auxio/playback/service/MediaSessionInterface.kt:167:17 'class PlaybackStateCompat : Any, Parcelable' is deprecated. Deprecated in Java.
w: file:///home/runner/work/Auxio-TS/Auxio-TS/app/src/main/java/org/oxycblt/auxio/playback/service/MediaSessionInterface.kt:168:17 'class PlaybackStateCompat : Any, Parcelable' is deprecated. Deprecated in Java.
w: file:///home/runner/work/Auxio-TS/Auxio-TS/app/src/main/java/org/oxycblt/auxio/playback/service/MediaSessionInterface.kt:169:17 'class PlaybackStateCompat : Any, Parcelable' is deprecated. Deprecated in Java.
w: file:///home/runner/work/Auxio-TS/Auxio-TS/app/src/main/java/org/oxycblt/auxio/playback/service/MediaSessionInterface.kt:177:28 'class PlaybackStateCompat : Any, Parcelable' is deprecated. Deprecated in Java.
w: file:///home/runner/work/Auxio-TS/Auxio-TS/app/src/main/java/org/oxycblt/auxio/playback/service/MediaSessionInterface.kt:178:32 'class PlaybackStateCompat : Any, Parcelable' is deprecated. Deprecated in Java.
w: file:///home/runner/work/Auxio-TS/Auxio-TS/app/src/main/java/org/oxycblt/auxio/playback/service/MediaSessionInterface.kt:303:13 'class PlaybackStateCompat : Any, Parcelable' is deprecated. Deprecated in Java.
w: file:///home/runner/work/Auxio-TS/Auxio-TS/app/src/main/java/org/oxycblt/auxio/playback/service/MediaSessionInterface.kt:304:17 'class PlaybackStateCompat : Any, Parcelable' is deprecated. Deprecated in Java.
w: file:///home/runner/work/Auxio-TS/Auxio-TS/app/src/main/java/org/oxycblt/auxio/playback/service/MediaSessionInterface.kt:305:17 'class PlaybackStateCompat : Any, Parcelable' is deprecated. Deprecated in Java.
w: file:///home/runner/work/Auxio-TS/Auxio-TS/app/src/main/java/org/oxycblt/auxio/playback/service/MediaSessionInterface.kt:306:17 'class PlaybackStateCompat : Any, Parcelable' is deprecated. Deprecated in Java.
w: file:///home/runner/work/Auxio-TS/Auxio-TS/app/src/main/java/org/oxycblt/auxio/playback/service/MediaSessionInterface.kt:307:17 'class PlaybackStateCompat : Any, Parcelable' is deprecated. Deprecated in Java.
w: file:///home/runner/work/Auxio-TS/Auxio-TS/app/src/main/java/org/oxycblt/auxio/playback/service/MediaSessionInterface.kt:308:17 'class PlaybackStateCompat : Any, Parcelable' is deprecated. Deprecated in Java.
w: file:///home/runner/work/Auxio-TS/Auxio-TS/app/src/main/java/org/oxycblt/auxio/playback/service/MediaSessionInterface.kt:309:17 'class PlaybackStateCompat : Any, Parcelable' is deprecated. Deprecated in Java.
w: file:///home/runner/work/Auxio-TS/Auxio-TS/app/src/main/java/org/oxycblt/auxio/playback/service/MediaSessionInterface.kt:310:17 'class PlaybackStateCompat : Any, Parcelable' is deprecated. Deprecated in Java.
w: file:///home/runner/work/Auxio-TS/Auxio-TS/app/src/main/java/org/oxycblt/auxio/playback/service/MediaSessionInterface.kt:311:17 'class PlaybackStateCompat : Any, Parcelable' is deprecated. Deprecated in Java.
w: file:///home/runner/work/Auxio-TS/Auxio-TS/app/src/main/java/org/oxycblt/auxio/playback/service/MediaSessionInterface.kt:312:17 'class PlaybackStateCompat : Any, Parcelable' is deprecated. Deprecated in Java.
w: file:///home/runner/work/Auxio-TS/Auxio-TS/app/src/main/java/org/oxycblt/auxio/playback/service/MediaSessionInterface.kt:313:17 'class PlaybackStateCompat : Any, Parcelable' is deprecated. Deprecated in Java.
w: file:///home/runner/work/Auxio-TS/Auxio-TS/app/src/main/java/org/oxycblt/auxio/playback/service/MediaSessionInterface.kt:314:17 'class PlaybackStateCompat : Any, Parcelable' is deprecated. Deprecated in Java.
w: file:///home/runner/work/Auxio-TS/Auxio-TS/app/src/main/java/org/oxycblt/auxio/playback/service/MediaSessionInterface.kt:315:17 'class PlaybackStateCompat : Any, Parcelable' is deprecated. Deprecated in Java.
w: file:///home/runner/work/Auxio-TS/Auxio-TS/app/src/main/java/org/oxycblt/auxio/playback/service/PlaybackServiceFragment.kt:23:8 'class MediaSessionCompat : Any' is deprecated. Deprecated in Java.
w: file:///home/runner/work/Auxio-TS/Auxio-TS/app/src/main/java/org/oxycblt/auxio/playback/service/PlaybackServiceFragment.kt:141:38 'class Token : Any, Parcelable' is deprecated. Deprecated in Java.
w: file:///home/runner/work/Auxio-TS/Auxio-TS/app/src/main/java/org/oxycblt/auxio/playback/state/PlaybackStateHolder.kt:23:8 'class PlaybackStateCompat : Any, Parcelable' is deprecated. Deprecated in Java.
w: file:///home/runner/work/Auxio-TS/Auxio-TS/app/src/main/java/org/oxycblt/auxio/playback/state/PlaybackStateHolder.kt:372:56 'class Builder : Any' is deprecated. Deprecated in Java.
w: file:///home/runner/work/Auxio-TS/Auxio-TS/app/src/main/java/org/oxycblt/auxio/playback/state/PlaybackStateHolder.kt:372:86 'class Builder : Any' is deprecated. Deprecated in Java.
w: file:///home/runner/work/Auxio-TS/Auxio-TS/app/src/main/java/org/oxycblt/auxio/playback/state/PlaybackStateHolder.kt:377:17 'class PlaybackStateCompat : Any, Parcelable' is deprecated. Deprecated in Java.
w: file:///home/runner/work/Auxio-TS/Auxio-TS/app/src/main/java/org/oxycblt/auxio/playback/state/PlaybackStateHolder.kt:379:17 'class PlaybackStateCompat : Any, Parcelable' is deprecated. Deprecated in Java.
w: file:///home/runner/work/Auxio-TS/Auxio-TS/app/src/main/java/org/oxycblt/auxio/ui/SquareMaskableFrameLayout.kt:57:23 'fun getPathForSize(p0: Int, p1: Int, p2: Path): Unit' is deprecated. Deprecated in Java.
w: file:///home/runner/work/Auxio-TS/Auxio-TS/app/src/topwayCompat/java/com/tw/music/view/MusicWidgetProvider.kt:125:91 Redundant call of conversion method.

> Task :app:javaPreCompileTopwayTwMusicDebug FROM-CACHE
Note: Some input files use or override a deprecated API.

> Task :app:compileTopwayTwMusicDebugJavaWithJavac
Note: Recompile with -Xlint:deprecation for details.

> Task :app:generateTopwayTwMusicDebugAssets UP-TO-DATE
> Task :media-lib-common:generateDebugAssets UP-TO-DATE
> Task :media-lib-common:mergeDebugAssets UP-TO-DATE
> Task :media-lib-container:generateDebugAssets UP-TO-DATE
> Task :media-lib-container:mergeDebugAssets UP-TO-DATE
> Task :media-lib-database:generateDebugAssets UP-TO-DATE
> Task :media-lib-database:mergeDebugAssets UP-TO-DATE
> Task :media-lib-datasource:generateDebugAssets UP-TO-DATE
> Task :media-lib-datasource:mergeDebugAssets UP-TO-DATE
> Task :media-lib-decoder:generateDebugAssets UP-TO-DATE
> Task :media-lib-decoder:mergeDebugAssets UP-TO-DATE
> Task :media-lib-decoder-ffmpeg:generateDebugAssets UP-TO-DATE
> Task :media-lib-decoder-ffmpeg:mergeDebugAssets UP-TO-DATE
> Task :media-lib-exoplayer:generateDebugAssets UP-TO-DATE
> Task :media-lib-exoplayer:mergeDebugAssets UP-TO-DATE
> Task :media-lib-extractor:generateDebugAssets UP-TO-DATE
> Task :media-lib-extractor:mergeDebugAssets UP-TO-DATE
> Task :musikr:generateDebugAssets UP-TO-DATE
> Task :musikr:mergeDebugAssets UP-TO-DATE
> Task :app:mergeTopwayTwMusicDebugAssets
> Task :app:compressTopwayTwMusicDebugAssets FROM-CACHE
> Task :app:generateTopwayTwMusicDebugGlobalSynthetics FROM-CACHE
> Task :app:l8DexDesugarLibTopwayTwMusicDebug FROM-CACHE
> Task :app:checkTopwayTwMusicDebugDuplicateClasses
> Task :app:desugarTopwayTwMusicDebugFileDependencies FROM-CACHE
> Task :app:mergeExtDexTopwayTwMusicDebug FROM-CACHE
> Task :musikr:bundleLibRuntimeToDirDebug UP-TO-DATE
> Task :media-lib-decoder-ffmpeg:bundleLibRuntimeToDirDebug UP-TO-DATE
> Task :media-lib-extractor:bundleLibRuntimeToDirDebug UP-TO-DATE
> Task :media-lib-container:bundleLibRuntimeToDirDebug UP-TO-DATE
> Task :media-lib-datasource:bundleLibRuntimeToDirDebug UP-TO-DATE
> Task :media-lib-decoder:bundleLibRuntimeToDirDebug UP-TO-DATE
> Task :media-lib-database:bundleLibRuntimeToDirDebug UP-TO-DATE
> Task :media-lib-common:bundleLibRuntimeToDirDebug UP-TO-DATE
> Task :media-lib-exoplayer:bundleLibRuntimeToDirDebug UP-TO-DATE
> Task :app:mergeLibDexTopwayTwMusicDebug FROM-CACHE
> Task :musikr:bundleLibRuntimeToJarDebug UP-TO-DATE
> Task :media-lib-decoder-ffmpeg:bundleLibRuntimeToJarDebug UP-TO-DATE
> Task :media-lib-extractor:bundleLibRuntimeToJarDebug UP-TO-DATE
> Task :media-lib-container:bundleLibRuntimeToJarDebug UP-TO-DATE
> Task :media-lib-datasource:bundleLibRuntimeToJarDebug UP-TO-DATE
> Task :media-lib-decoder:bundleLibRuntimeToJarDebug UP-TO-DATE
> Task :media-lib-database:bundleLibRuntimeToJarDebug UP-TO-DATE
> Task :media-lib-common:bundleLibRuntimeToJarDebug UP-TO-DATE
> Task :media-lib-exoplayer:bundleLibRuntimeToJarDebug UP-TO-DATE
> Task :app:hiltSyncTopwayTwMusicDebug
> Task :app:hiltAggregateDepsTopwayTwMusicDebug
> Task :app:hiltJavaCompileTopwayTwMusicDebug
> Task :media-lib-common:writeDebugAarMetadata UP-TO-DATE
> Task :media-lib-container:writeDebugAarMetadata UP-TO-DATE
> Task :media-lib-database:writeDebugAarMetadata UP-TO-DATE
> Task :media-lib-datasource:writeDebugAarMetadata UP-TO-DATE
> Task :media-lib-decoder:writeDebugAarMetadata UP-TO-DATE
> Task :media-lib-decoder-ffmpeg:writeDebugAarMetadata UP-TO-DATE
> Task :media-lib-exoplayer:writeDebugAarMetadata UP-TO-DATE
> Task :media-lib-extractor:writeDebugAarMetadata UP-TO-DATE
> Task :musikr:writeDebugAarMetadata UP-TO-DATE
> Task :app:checkTopwayTwMusicDebugAarMetadata
> Task :app:mapTopwayTwMusicDebugSourceSetPaths
> Task :app:compileTopwayTwMusicDebugNavigationResources FROM-CACHE
> Task :app:createTopwayTwMusicDebugCompatibleScreenManifests
> Task :app:extractDeepLinksTopwayTwMusicDebug FROM-CACHE
> Task :media-lib-common:extractDeepLinksDebug UP-TO-DATE
> Task :media-lib-common:processDebugManifest UP-TO-DATE
> Task :media-lib-container:extractDeepLinksDebug UP-TO-DATE
> Task :media-lib-container:processDebugManifest UP-TO-DATE
> Task :media-lib-database:extractDeepLinksDebug UP-TO-DATE
> Task :media-lib-database:processDebugManifest UP-TO-DATE
> Task :media-lib-datasource:extractDeepLinksDebug UP-TO-DATE
> Task :media-lib-datasource:processDebugManifest UP-TO-DATE
> Task :media-lib-decoder:extractDeepLinksDebug UP-TO-DATE
> Task :media-lib-decoder:processDebugManifest UP-TO-DATE
> Task :media-lib-decoder-ffmpeg:extractDeepLinksDebug UP-TO-DATE
> Task :media-lib-decoder-ffmpeg:processDebugManifest UP-TO-DATE
> Task :media-lib-exoplayer:extractDeepLinksDebug UP-TO-DATE
> Task :media-lib-exoplayer:processDebugManifest UP-TO-DATE
> Task :media-lib-extractor:extractDeepLinksDebug UP-TO-DATE
> Task :media-lib-extractor:processDebugManifest UP-TO-DATE
> Task :musikr:extractDeepLinksDebug UP-TO-DATE
> Task :musikr:processDebugManifest UP-TO-DATE
> Task :app:processTopwayTwMusicDebugMainManifest FROM-CACHE
> Task :app:processTopwayTwMusicDebugManifest FROM-CACHE
> Task :app:processTopwayTwMusicDebugManifestForPackage FROM-CACHE
> Task :media-lib-common:mapDebugSourceSetPaths UP-TO-DATE
> Task :media-lib-common:compileDebugLibraryResources UP-TO-DATE
> Task :media-lib-container:mapDebugSourceSetPaths UP-TO-DATE
> Task :media-lib-container:compileDebugLibraryResources UP-TO-DATE
> Task :media-lib-database:mapDebugSourceSetPaths UP-TO-DATE
> Task :media-lib-database:compileDebugLibraryResources UP-TO-DATE
> Task :media-lib-datasource:mapDebugSourceSetPaths UP-TO-DATE
> Task :media-lib-datasource:compileDebugLibraryResources UP-TO-DATE
> Task :media-lib-decoder:mapDebugSourceSetPaths UP-TO-DATE
> Task :media-lib-decoder:compileDebugLibraryResources UP-TO-DATE
> Task :media-lib-decoder-ffmpeg:mapDebugSourceSetPaths UP-TO-DATE
> Task :media-lib-decoder-ffmpeg:compileDebugLibraryResources UP-TO-DATE
> Task :media-lib-exoplayer:mapDebugSourceSetPaths UP-TO-DATE
> Task :media-lib-exoplayer:compileDebugLibraryResources UP-TO-DATE
> Task :media-lib-extractor:mapDebugSourceSetPaths UP-TO-DATE
> Task :media-lib-extractor:compileDebugLibraryResources UP-TO-DATE
> Task :musikr:mapDebugSourceSetPaths UP-TO-DATE
> Task :musikr:compileDebugLibraryResources UP-TO-DATE
> Task :app:processTopwayTwMusicDebugResources FROM-CACHE
> Task :app:transformTopwayTwMusicDebugClassesWithAsm
[INFO] Gradle still running: 1m 30s elapsed; no output for 8s
> Task :app:dexBuilderTopwayTwMusicDebug
> Task :app:mergeProjectDexTopwayTwMusicDebug
> Task :app:processTopwayTwMusicDebugJavaRes
> Task :media-lib-common:processDebugJavaRes NO-SOURCE
> Task :media-lib-container:processDebugJavaRes NO-SOURCE
> Task :media-lib-database:processDebugJavaRes NO-SOURCE
> Task :media-lib-datasource:processDebugJavaRes NO-SOURCE
> Task :media-lib-decoder:processDebugJavaRes NO-SOURCE
> Task :media-lib-decoder-ffmpeg:processDebugJavaRes NO-SOURCE
> Task :media-lib-exoplayer:processDebugJavaRes NO-SOURCE
> Task :media-lib-extractor:processDebugJavaRes NO-SOURCE
> Task :musikr:processDebugJavaRes UP-TO-DATE
> Task :app:mergeTopwayTwMusicDebugJavaResource
> Task :app:mergeTopwayTwMusicDebugJniLibFolders
> Task :media-lib-common:mergeDebugJniLibFolders UP-TO-DATE
> Task :media-lib-common:mergeDebugNativeLibs NO-SOURCE
> Task :media-lib-common:copyDebugJniLibsProjectOnly UP-TO-DATE
> Task :media-lib-container:mergeDebugJniLibFolders UP-TO-DATE
> Task :media-lib-container:mergeDebugNativeLibs NO-SOURCE
> Task :media-lib-container:copyDebugJniLibsProjectOnly UP-TO-DATE
> Task :media-lib-database:mergeDebugJniLibFolders UP-TO-DATE
> Task :media-lib-database:mergeDebugNativeLibs NO-SOURCE
> Task :media-lib-database:copyDebugJniLibsProjectOnly UP-TO-DATE
> Task :media-lib-datasource:mergeDebugJniLibFolders UP-TO-DATE
> Task :media-lib-datasource:mergeDebugNativeLibs NO-SOURCE
> Task :media-lib-datasource:copyDebugJniLibsProjectOnly UP-TO-DATE
> Task :media-lib-decoder:mergeDebugJniLibFolders UP-TO-DATE
> Task :media-lib-decoder:mergeDebugNativeLibs NO-SOURCE
> Task :media-lib-decoder:copyDebugJniLibsProjectOnly UP-TO-DATE
> Task :media-lib-decoder-ffmpeg:configureCMakeDebug[arm64-v8a]
> Task :media-lib-decoder-ffmpeg:buildCMakeDebug[arm64-v8a]
> Task :media-lib-decoder-ffmpeg:configureCMakeDebug[armeabi-v7a]
> Task :media-lib-decoder-ffmpeg:buildCMakeDebug[armeabi-v7a]
> Task :media-lib-decoder-ffmpeg:configureCMakeDebug[x86]
> Task :media-lib-decoder-ffmpeg:buildCMakeDebug[x86]
> Task :media-lib-decoder-ffmpeg:configureCMakeDebug[x86_64]
> Task :media-lib-decoder-ffmpeg:buildCMakeDebug[x86_64]
> Task :media-lib-decoder-ffmpeg:mergeDebugJniLibFolders UP-TO-DATE
> Task :media-lib-decoder-ffmpeg:mergeDebugNativeLibs UP-TO-DATE
> Task :media-lib-decoder-ffmpeg:copyDebugJniLibsProjectOnly UP-TO-DATE
> Task :media-lib-exoplayer:mergeDebugJniLibFolders UP-TO-DATE
> Task :media-lib-exoplayer:mergeDebugNativeLibs NO-SOURCE
> Task :media-lib-exoplayer:copyDebugJniLibsProjectOnly UP-TO-DATE
> Task :media-lib-extractor:mergeDebugJniLibFolders UP-TO-DATE
> Task :media-lib-extractor:mergeDebugNativeLibs NO-SOURCE
> Task :media-lib-extractor:copyDebugJniLibsProjectOnly UP-TO-DATE
> Task :musikr:configureCMakeDebug[arm64-v8a]
> Task :musikr:buildCMakeDebug[arm64-v8a]
> Task :musikr:configureCMakeDebug[armeabi-v7a]
> Task :musikr:buildCMakeDebug[armeabi-v7a]
> Task :musikr:configureCMakeDebug[x86]
> Task :musikr:buildCMakeDebug[x86]
> Task :musikr:configureCMakeDebug[x86_64]
> Task :musikr:buildCMakeDebug[x86_64]
> Task :musikr:mergeDebugJniLibFolders UP-TO-DATE
> Task :musikr:mergeDebugNativeLibs UP-TO-DATE
> Task :musikr:copyDebugJniLibsProjectOnly UP-TO-DATE
> Task :app:mergeTopwayTwMusicDebugNativeLibs
> Task :app:stripTopwayTwMusicDebugDebugSymbols
> Task :app:validateSigningTopwayTwMusicDebug
> Task :app:writeTopwayTwMusicDebugAppMetadata
> Task :app:writeTopwayTwMusicDebugSigningConfigVersions
> Task :app:packageTopwayTwMusicDebug
> Task :app:createTopwayTwMusicDebugApkListingFileRedirect
> Task :app:assembleTopwayTwMusicDebug
gradle/actions: Writing build results to /home/runner/work/_temp/.gradle-actions/build-results/verification-1784249564723.json

[Incubating] Problems report is available at: file:///home/runner/work/Auxio-TS/Auxio-TS/build/reports/problems/problems-report.html

Deprecated Gradle features were used in this build, making it incompatible with Gradle 10.

You can use '--warning-mode all' to show the individual deprecation warnings and determine if they come from your own scripts or plugins.

For more on this, please refer to https://docs.gradle.org/9.5.1/userguide/command_line_interface.html#sec:command_line_warnings in the Gradle documentation.

BUILD SUCCESSFUL in 1m 44s
232 actionable tasks: 41 executed, 23 from cache, 168 up-to-date
Consider enabling configuration cache to speed up this build: https://docs.gradle.org/9.5.1/userguide/configuration_cache_enabling.html
[INFO] Gradle completed successfully in 1m 45s.
[INFO] Running Gradle command:
  ./gradlew  --no-daemon  --stacktrace  --console=plain  --build-cache  --warning-mode  summary  :app:assembleTopwayTwMediaDebug  --max-workers=1  -Dkotlin.compiler.execution.strategy=in-process  --stacktrace
To honour the JVM settings for this build a single-use Daemon process will be forked. For more on this, please refer to https://docs.gradle.org/9.5.1/userguide/gradle_daemon.html#sec:disabling_the_daemon in the Gradle documentation.
Daemon will be stopped at the end of the build 
> Task :app:preBuild UP-TO-DATE
> Task :app:preTopwayTwMediaDebugBuild UP-TO-DATE
> Task :app:mergeTopwayTwMediaDebugNativeDebugMetadata NO-SOURCE
> Task :app:dataBindingMergeDependencyArtifactsTopwayTwMediaDebug
> Task :app:generateTopwayTwMediaDebugResources FROM-CACHE
> Task :media-lib-common:preBuild UP-TO-DATE
> Task :media-lib-common:preDebugBuild UP-TO-DATE
> Task :media-lib-common:generateDebugResources UP-TO-DATE
> Task :media-lib-common:packageDebugResources UP-TO-DATE
> Task :media-lib-container:preBuild UP-TO-DATE
> Task :media-lib-container:preDebugBuild UP-TO-DATE
> Task :media-lib-container:generateDebugResources UP-TO-DATE
> Task :media-lib-container:packageDebugResources UP-TO-DATE
> Task :media-lib-database:preBuild UP-TO-DATE
> Task :media-lib-database:preDebugBuild UP-TO-DATE
> Task :media-lib-database:generateDebugResources UP-TO-DATE
> Task :media-lib-database:packageDebugResources UP-TO-DATE
> Task :media-lib-datasource:preBuild UP-TO-DATE
> Task :media-lib-datasource:preDebugBuild UP-TO-DATE
> Task :media-lib-datasource:generateDebugResources UP-TO-DATE
> Task :media-lib-datasource:packageDebugResources UP-TO-DATE
> Task :media-lib-decoder:preBuild UP-TO-DATE
> Task :media-lib-decoder:preDebugBuild UP-TO-DATE
> Task :media-lib-decoder:generateDebugResources UP-TO-DATE
> Task :media-lib-decoder:packageDebugResources UP-TO-DATE
> Task :media-lib-decoder-ffmpeg:assembleFfmpeg
> Task :media-lib-decoder-ffmpeg:preBuild UP-TO-DATE
> Task :media-lib-decoder-ffmpeg:preDebugBuild
> Task :media-lib-decoder-ffmpeg:generateDebugResources UP-TO-DATE
> Task :media-lib-decoder-ffmpeg:packageDebugResources UP-TO-DATE
> Task :media-lib-exoplayer:preBuild UP-TO-DATE
> Task :media-lib-exoplayer:preDebugBuild UP-TO-DATE
> Task :media-lib-exoplayer:generateDebugResources UP-TO-DATE
> Task :media-lib-exoplayer:packageDebugResources UP-TO-DATE
> Task :media-lib-extractor:preBuild UP-TO-DATE
> Task :media-lib-extractor:preDebugBuild UP-TO-DATE
> Task :media-lib-extractor:generateDebugResources UP-TO-DATE
> Task :media-lib-extractor:packageDebugResources UP-TO-DATE
> Task :musikr:assembleTaglib
> Task :musikr:preBuild UP-TO-DATE
> Task :musikr:preDebugBuild
> Task :musikr:generateDebugResources UP-TO-DATE
> Task :musikr:packageDebugResources UP-TO-DATE
> Task :app:mergeTopwayTwMediaDebugResources FROM-CACHE
> Task :app:packageTopwayTwMediaDebugResources FROM-CACHE
> Task :media-lib-common:processDebugNavigationResources UP-TO-DATE
> Task :media-lib-container:processDebugNavigationResources UP-TO-DATE
> Task :media-lib-database:processDebugNavigationResources UP-TO-DATE
> Task :media-lib-datasource:processDebugNavigationResources UP-TO-DATE
> Task :media-lib-decoder:processDebugNavigationResources UP-TO-DATE
> Task :media-lib-decoder-ffmpeg:processDebugNavigationResources UP-TO-DATE
> Task :media-lib-exoplayer:processDebugNavigationResources UP-TO-DATE
> Task :media-lib-extractor:processDebugNavigationResources UP-TO-DATE
> Task :musikr:processDebugNavigationResources UP-TO-DATE
> Task :app:processTopwayTwMediaDebugNavigationResources FROM-CACHE
> Task :app:parseTopwayTwMediaDebugLocalResources FROM-CACHE
> Task :media-lib-common:parseDebugLocalResources UP-TO-DATE
> Task :media-lib-common:generateDebugRFile UP-TO-DATE
> Task :media-lib-container:parseDebugLocalResources UP-TO-DATE
> Task :media-lib-container:generateDebugRFile UP-TO-DATE
> Task :media-lib-database:parseDebugLocalResources UP-TO-DATE
> Task :media-lib-database:generateDebugRFile UP-TO-DATE
> Task :media-lib-datasource:parseDebugLocalResources UP-TO-DATE
> Task :media-lib-datasource:generateDebugRFile UP-TO-DATE
> Task :media-lib-decoder:parseDebugLocalResources UP-TO-DATE
> Task :media-lib-decoder:generateDebugRFile UP-TO-DATE
> Task :media-lib-decoder-ffmpeg:parseDebugLocalResources UP-TO-DATE
> Task :media-lib-decoder-ffmpeg:generateDebugRFile UP-TO-DATE
> Task :media-lib-exoplayer:parseDebugLocalResources UP-TO-DATE
> Task :media-lib-exoplayer:generateDebugRFile UP-TO-DATE
> Task :media-lib-extractor:parseDebugLocalResources UP-TO-DATE
> Task :media-lib-extractor:generateDebugRFile UP-TO-DATE
> Task :musikr:parseDebugLocalResources UP-TO-DATE
> Task :musikr:generateDebugRFile UP-TO-DATE
> Task :app:dataBindingGenBaseClassesTopwayTwMediaDebug FROM-CACHE
> Task :app:generateSafeArgsTopwayTwMediaDebug FROM-CACHE
> Task :app:generateTopwayTwMediaDebugBuildConfig FROM-CACHE
> Task :app:generateTopwayTwMediaDebugRFile FROM-CACHE
> Task :media-lib-common:compileDebugKotlin NO-SOURCE
> Task :media-lib-common:javaPreCompileDebug UP-TO-DATE
> Task :media-lib-common:compileDebugJavaWithJavac UP-TO-DATE
> Task :media-lib-common:bundleLibCompileToJarDebug UP-TO-DATE
> Task :media-lib-container:compileDebugKotlin NO-SOURCE
> Task :media-lib-container:javaPreCompileDebug UP-TO-DATE
> Task :media-lib-container:compileDebugJavaWithJavac UP-TO-DATE
> Task :media-lib-container:bundleLibCompileToJarDebug UP-TO-DATE
> Task :media-lib-database:compileDebugKotlin NO-SOURCE
> Task :media-lib-database:javaPreCompileDebug UP-TO-DATE
> Task :media-lib-database:compileDebugJavaWithJavac UP-TO-DATE
> Task :media-lib-database:bundleLibCompileToJarDebug UP-TO-DATE
> Task :media-lib-datasource:compileDebugKotlin NO-SOURCE
> Task :media-lib-datasource:javaPreCompileDebug UP-TO-DATE
> Task :media-lib-datasource:compileDebugJavaWithJavac UP-TO-DATE
> Task :media-lib-datasource:bundleLibCompileToJarDebug UP-TO-DATE
> Task :media-lib-decoder:compileDebugKotlin NO-SOURCE
> Task :media-lib-decoder:javaPreCompileDebug UP-TO-DATE
> Task :media-lib-decoder:compileDebugJavaWithJavac UP-TO-DATE
> Task :media-lib-decoder:bundleLibCompileToJarDebug UP-TO-DATE
> Task :media-lib-extractor:compileDebugKotlin NO-SOURCE
> Task :media-lib-extractor:javaPreCompileDebug UP-TO-DATE
> Task :media-lib-extractor:compileDebugJavaWithJavac UP-TO-DATE
> Task :media-lib-extractor:bundleLibCompileToJarDebug UP-TO-DATE
> Task :media-lib-exoplayer:compileDebugKotlin NO-SOURCE
> Task :media-lib-exoplayer:javaPreCompileDebug UP-TO-DATE
> Task :media-lib-exoplayer:compileDebugJavaWithJavac UP-TO-DATE
> Task :media-lib-exoplayer:bundleLibCompileToJarDebug UP-TO-DATE
> Task :media-lib-decoder-ffmpeg:compileDebugKotlin NO-SOURCE
> Task :media-lib-decoder-ffmpeg:javaPreCompileDebug UP-TO-DATE
> Task :media-lib-decoder-ffmpeg:compileDebugJavaWithJavac UP-TO-DATE
> Task :media-lib-decoder-ffmpeg:bundleLibCompileToJarDebug UP-TO-DATE
> Task :musikr:generateDebugBuildConfig UP-TO-DATE
> Task :musikr:kspDebugKotlin UP-TO-DATE
> Task :musikr:compileDebugKotlin UP-TO-DATE
> Task :musikr:javaPreCompileDebug UP-TO-DATE
> Task :musikr:compileDebugJavaWithJavac UP-TO-DATE
> Task :musikr:bundleLibCompileToJarDebug UP-TO-DATE
> Task :app:kspTopwayTwMediaDebugKotlin FROM-CACHE
[INFO] Gradle still running: 0m 30s elapsed; no output for 15s
> Task :app:compileTopwayTwMediaDebugKotlin
[INFO] Gradle still running: 1m 00s elapsed; no output for 15s
w: file:///home/runner/work/Auxio-TS/Auxio-TS/app/src/main/java/org/oxycblt/auxio/AuxioService.kt:26:8 'class MediaBrowserCompat : Any' is deprecated. Deprecated in Java.
w: file:///home/runner/work/Auxio-TS/Auxio-TS/app/src/main/java/org/oxycblt/auxio/AuxioService.kt:32:8 'class MediaBrowserServiceCompat : Service' is deprecated. Deprecated in Java.
w: file:///home/runner/work/Auxio-TS/Auxio-TS/app/src/main/java/org/oxycblt/auxio/AuxioService.kt:33:8 'class MediaConstants : Any' is deprecated. Deprecated in Java.
w: file:///home/runner/work/Auxio-TS/Auxio-TS/app/src/main/java/org/oxycblt/auxio/AuxioService.kt:45:5 'class MediaBrowserServiceCompat : Service' is deprecated. Deprecated in Java.
w: file:///home/runner/work/Auxio-TS/Auxio-TS/app/src/main/java/org/oxycblt/auxio/AuxioService.kt:119:8 'class BrowserRoot : Any' is deprecated. Deprecated in Java.
w: file:///home/runner/work/Auxio-TS/Auxio-TS/app/src/main/java/org/oxycblt/auxio/AuxioService.kt:123:53 'class Result<T : Any!> : Any' is deprecated. Deprecated in Java.
w: file:///home/runner/work/Auxio-TS/Auxio-TS/app/src/main/java/org/oxycblt/auxio/AuxioService.kt:123:60 'class MediaItem : Any, Parcelable' is deprecated. Deprecated in Java.
w: file:///home/runner/work/Auxio-TS/Auxio-TS/app/src/main/java/org/oxycblt/auxio/AuxioService.kt:127:59 'class Result<T : Any!> : Any' is deprecated. Deprecated in Java.
w: file:///home/runner/work/Auxio-TS/Auxio-TS/app/src/main/java/org/oxycblt/auxio/AuxioService.kt:127:78 'class MediaItem : Any, Parcelable' is deprecated. Deprecated in Java.
w: file:///home/runner/work/Auxio-TS/Auxio-TS/app/src/main/java/org/oxycblt/auxio/AuxioService.kt:134:17 'class Result<T : Any!> : Any' is deprecated. Deprecated in Java.
w: file:///home/runner/work/Auxio-TS/Auxio-TS/app/src/main/java/org/oxycblt/auxio/AuxioService.kt:134:36 'class MediaItem : Any, Parcelable' is deprecated. Deprecated in Java.
w: file:///home/runner/work/Auxio-TS/Auxio-TS/app/src/main/java/org/oxycblt/auxio/AuxioService.kt:141:67 'class Result<T : Any!> : Any' is deprecated. Deprecated in Java.
w: file:///home/runner/work/Auxio-TS/Auxio-TS/app/src/main/java/org/oxycblt/auxio/AuxioService.kt:141:86 'class MediaItem : Any, Parcelable' is deprecated. Deprecated in Java.
w: file:///home/runner/work/Auxio-TS/Auxio-TS/app/src/main/java/org/oxycblt/auxio/AuxioService.kt:147:13 'class MediaConstants : Any' is deprecated. Deprecated in Java.
w: file:///home/runner/work/Auxio-TS/Auxio-TS/app/src/main/java/org/oxycblt/auxio/headunit/topway/TopwayBridgeExtrasPolicy.kt:68:77 'fun get(p0: String!): Any?' is deprecated. Deprecated in Java.
w: file:///home/runner/work/Auxio-TS/Auxio-TS/app/src/main/java/org/oxycblt/auxio/home/ThemedSpeedDialView.kt:434:18 This declaration overrides a deprecated member but is not marked as deprecated itself. Add the '@Deprecated' annotation or suppress the diagnostic.
w: file:///home/runner/work/Auxio-TS/Auxio-TS/app/src/main/java/org/oxycblt/auxio/image/CoverView.kt:641:22 This declaration overrides a deprecated member but is not marked as deprecated itself. Add the '@Deprecated' annotation or suppress the diagnostic.
w: file:///home/runner/work/Auxio-TS/Auxio-TS/app/src/main/java/org/oxycblt/auxio/image/coil/RoundedRectTransformation.kt:79:29 'fun computeSizeMultiplier(srcWidth: Int, srcHeight: Int, dstWidth: Int, dstHeight: Int, scale: Scale): Double' is deprecated. Migrate to the variant that accepts a 'maxSize'.
w: file:///home/runner/work/Auxio-TS/Auxio-TS/app/src/main/java/org/oxycblt/auxio/image/coil/RoundedRectTransformation.kt:121:25 'fun computeSizeMultiplier(srcWidth: Int, srcHeight: Int, dstWidth: Int, dstHeight: Int, scale: Scale): Double' is deprecated. Migrate to the variant that accepts a 'maxSize'.
w: file:///home/runner/work/Auxio-TS/Auxio-TS/app/src/main/java/org/oxycblt/auxio/music/service/MediaItemTranslation.kt:25:8 'class MediaBrowserCompat : Any' is deprecated. Deprecated in Java.
w: file:///home/runner/work/Auxio-TS/Auxio-TS/app/src/main/java/org/oxycblt/auxio/music/service/MediaItemTranslation.kt:26:8 'class MediaDescriptionCompat : Any, Parcelable' is deprecated. Deprecated in Java.
w: file:///home/runner/work/Auxio-TS/Auxio-TS/app/src/main/java/org/oxycblt/auxio/music/service/MediaItemTranslation.kt:28:8 'class MediaConstants : Any' is deprecated. Deprecated in Java.
w: file:///home/runner/work/Auxio-TS/Auxio-TS/app/src/main/java/org/oxycblt/auxio/music/service/MediaItemTranslation.kt:90:9 'class MediaConstants : Any' is deprecated. Deprecated in Java.
w: file:///home/runner/work/Auxio-TS/Auxio-TS/app/src/main/java/org/oxycblt/auxio/music/service/MediaItemTranslation.kt:96:15 'class MediaConstants : Any' is deprecated. Deprecated in Java.
w: file:///home/runner/work/Auxio-TS/Auxio-TS/app/src/main/java/org/oxycblt/auxio/music/service/MediaItemTranslation.kt:104:12 'class MediaConstants : Any' is deprecated. Deprecated in Java.
w: file:///home/runner/work/Auxio-TS/Auxio-TS/app/src/main/java/org/oxycblt/auxio/music/service/MediaItemTranslation.kt:111:44 'class MediaItem : Any, Parcelable' is deprecated. Deprecated in Java.
w: file:///home/runner/work/Auxio-TS/Auxio-TS/app/src/main/java/org/oxycblt/auxio/music/service/MediaItemTranslation.kt:115:19 'class MediaConstants : Any' is deprecated. Deprecated in Java.
w: file:///home/runner/work/Auxio-TS/Auxio-TS/app/src/main/java/org/oxycblt/auxio/music/service/MediaItemTranslation.kt:119:9 'class MediaDescriptionCompat : Any, Parcelable' is deprecated. Deprecated in Java.
w: file:///home/runner/work/Auxio-TS/Auxio-TS/app/src/main/java/org/oxycblt/auxio/music/service/MediaItemTranslation.kt:119:32 'constructor(): MediaDescriptionCompat.Builder' is deprecated. Deprecated in Java.
w: file:///home/runner/work/Auxio-TS/Auxio-TS/app/src/main/java/org/oxycblt/auxio/music/service/MediaItemTranslation.kt:127:12 'constructor(p0: MediaDescriptionCompat, p1: Int): MediaBrowserCompat.MediaItem' is deprecated. Deprecated in Java.
w: file:///home/runner/work/Auxio-TS/Auxio-TS/app/src/main/java/org/oxycblt/auxio/music/service/MediaItemTranslation.kt:127:43 'class MediaItem : Any, Parcelable' is deprecated. Deprecated in Java.
w: file:///home/runner/work/Auxio-TS/Auxio-TS/app/src/main/java/org/oxycblt/auxio/music/service/MediaItemTranslation.kt:130:69 'class MediaDescriptionCompat : Any, Parcelable' is deprecated. Deprecated in Java.
w: file:///home/runner/work/Auxio-TS/Auxio-TS/app/src/main/java/org/oxycblt/auxio/music/service/MediaItemTranslation.kt:133:12 'class MediaDescriptionCompat : Any, Parcelable' is deprecated. Deprecated in Java.
w: file:///home/runner/work/Auxio-TS/Auxio-TS/app/src/main/java/org/oxycblt/auxio/music/service/MediaItemTranslation.kt:133:35 'constructor(): MediaDescriptionCompat.Builder' is deprecated. Deprecated in Java.
w: file:///home/runner/work/Auxio-TS/Auxio-TS/app/src/main/java/org/oxycblt/auxio/music/service/MediaItemTranslation.kt:144:62 'class MediaItem : Any, Parcelable' is deprecated. Deprecated in Java.
w: file:///home/runner/work/Auxio-TS/Auxio-TS/app/src/main/java/org/oxycblt/auxio/music/service/MediaItemTranslation.kt:145:12 'constructor(p0: MediaDescriptionCompat, p1: Int): MediaBrowserCompat.MediaItem' is deprecated. Deprecated in Java.
w: file:///home/runner/work/Auxio-TS/Auxio-TS/app/src/main/java/org/oxycblt/auxio/music/service/MediaItemTranslation.kt:145:59 'class MediaItem : Any, Parcelable' is deprecated. Deprecated in Java.
w: file:///home/runner/work/Auxio-TS/Auxio-TS/app/src/main/java/org/oxycblt/auxio/music/service/MediaItemTranslation.kt:148:63 'class MediaItem : Any, Parcelable' is deprecated. Deprecated in Java.
w: file:///home/runner/work/Auxio-TS/Auxio-TS/app/src/main/java/org/oxycblt/auxio/music/service/MediaItemTranslation.kt:153:9 'class MediaDescriptionCompat : Any, Parcelable' is deprecated. Deprecated in Java.
w: file:///home/runner/work/Auxio-TS/Auxio-TS/app/src/main/java/org/oxycblt/auxio/music/service/MediaItemTranslation.kt:153:32 'constructor(): MediaDescriptionCompat.Builder' is deprecated. Deprecated in Java.
w: file:///home/runner/work/Auxio-TS/Auxio-TS/app/src/main/java/org/oxycblt/auxio/music/service/MediaItemTranslation.kt:165:12 'constructor(p0: MediaDescriptionCompat, p1: Int): MediaBrowserCompat.MediaItem' is deprecated. Deprecated in Java.
w: file:///home/runner/work/Auxio-TS/Auxio-TS/app/src/main/java/org/oxycblt/auxio/music/service/MediaItemTranslation.kt:165:35 'class MediaItem : Any, Parcelable' is deprecated. Deprecated in Java.
w: file:///home/runner/work/Auxio-TS/Auxio-TS/app/src/main/java/org/oxycblt/auxio/music/service/MediaItemTranslation.kt:168:64 'class MediaItem : Any, Parcelable' is deprecated. Deprecated in Java.
w: file:///home/runner/work/Auxio-TS/Auxio-TS/app/src/main/java/org/oxycblt/auxio/music/service/MediaItemTranslation.kt:186:9 'class MediaDescriptionCompat : Any, Parcelable' is deprecated. Deprecated in Java.
w: file:///home/runner/work/Auxio-TS/Auxio-TS/app/src/main/java/org/oxycblt/auxio/music/service/MediaItemTranslation.kt:186:32 'constructor(): MediaDescriptionCompat.Builder' is deprecated. Deprecated in Java.
w: file:///home/runner/work/Auxio-TS/Auxio-TS/app/src/main/java/org/oxycblt/auxio/music/service/MediaItemTranslation.kt:198:12 'constructor(p0: MediaDescriptionCompat, p1: Int): MediaBrowserCompat.MediaItem' is deprecated. Deprecated in Java.
w: file:///home/runner/work/Auxio-TS/Auxio-TS/app/src/main/java/org/oxycblt/auxio/music/service/MediaItemTranslation.kt:198:35 'class MediaItem : Any, Parcelable' is deprecated. Deprecated in Java.
w: file:///home/runner/work/Auxio-TS/Auxio-TS/app/src/main/java/org/oxycblt/auxio/music/service/MediaItemTranslation.kt:201:63 'class MediaItem : Any, Parcelable' is deprecated. Deprecated in Java.
w: file:///home/runner/work/Auxio-TS/Auxio-TS/app/src/main/java/org/oxycblt/auxio/music/service/MediaItemTranslation.kt:211:9 'class MediaDescriptionCompat : Any, Parcelable' is deprecated. Deprecated in Java.
w: file:///home/runner/work/Auxio-TS/Auxio-TS/app/src/main/java/org/oxycblt/auxio/music/service/MediaItemTranslation.kt:211:32 'constructor(): MediaDescriptionCompat.Builder' is deprecated. Deprecated in Java.
w: file:///home/runner/work/Auxio-TS/Auxio-TS/app/src/main/java/org/oxycblt/auxio/music/service/MediaItemTranslation.kt:222:12 'constructor(p0: MediaDescriptionCompat, p1: Int): MediaBrowserCompat.MediaItem' is deprecated. Deprecated in Java.
w: file:///home/runner/work/Auxio-TS/Auxio-TS/app/src/main/java/org/oxycblt/auxio/music/service/MediaItemTranslation.kt:222:35 'class MediaItem : Any, Parcelable' is deprecated. Deprecated in Java.
w: file:///home/runner/work/Auxio-TS/Auxio-TS/app/src/main/java/org/oxycblt/auxio/music/service/MediaItemTranslation.kt:225:66 'class MediaItem : Any, Parcelable' is deprecated. Deprecated in Java.
w: file:///home/runner/work/Auxio-TS/Auxio-TS/app/src/main/java/org/oxycblt/auxio/music/service/MediaItemTranslation.kt:235:9 'class MediaDescriptionCompat : Any, Parcelable' is deprecated. Deprecated in Java.
w: file:///home/runner/work/Auxio-TS/Auxio-TS/app/src/main/java/org/oxycblt/auxio/music/service/MediaItemTranslation.kt:235:32 'constructor(): MediaDescriptionCompat.Builder' is deprecated. Deprecated in Java.
w: file:///home/runner/work/Auxio-TS/Auxio-TS/app/src/main/java/org/oxycblt/auxio/music/service/MediaItemTranslation.kt:247:12 'constructor(p0: MediaDescriptionCompat, p1: Int): MediaBrowserCompat.MediaItem' is deprecated. Deprecated in Java.
w: file:///home/runner/work/Auxio-TS/Auxio-TS/app/src/main/java/org/oxycblt/auxio/music/service/MediaItemTranslation.kt:247:35 'class MediaItem : Any, Parcelable' is deprecated. Deprecated in Java.
w: file:///home/runner/work/Auxio-TS/Auxio-TS/app/src/main/java/org/oxycblt/auxio/music/service/MusicBrowser.kt:23:8 'class MediaBrowserCompat : Any' is deprecated. Deprecated in Java.
w: file:///home/runner/work/Auxio-TS/Auxio-TS/app/src/main/java/org/oxycblt/auxio/music/service/MusicBrowser.kt:24:8 'class MediaDescriptionCompat : Any, Parcelable' is deprecated. Deprecated in Java.
w: file:///home/runner/work/Auxio-TS/Auxio-TS/app/src/main/java/org/oxycblt/auxio/music/service/MusicBrowser.kt:125:35 'class MediaItem : Any, Parcelable' is deprecated. Deprecated in Java.
w: file:///home/runner/work/Auxio-TS/Auxio-TS/app/src/main/java/org/oxycblt/auxio/music/service/MusicBrowser.kt:143:67 'class MediaItem : Any, Parcelable' is deprecated. Deprecated in Java.
w: file:///home/runner/work/Auxio-TS/Auxio-TS/app/src/main/java/org/oxycblt/auxio/music/service/MusicBrowser.kt:152:52 'class MediaItem : Any, Parcelable' is deprecated. Deprecated in Java.
w: file:///home/runner/work/Auxio-TS/Auxio-TS/app/src/main/java/org/oxycblt/auxio/music/service/MusicBrowser.kt:173:64 'class MediaItem : Any, Parcelable' is deprecated. Deprecated in Java.
w: file:///home/runner/work/Auxio-TS/Auxio-TS/app/src/main/java/org/oxycblt/auxio/music/service/MusicBrowser.kt:174:35 'class MediaItem : Any, Parcelable' is deprecated. Deprecated in Java.
w: file:///home/runner/work/Auxio-TS/Auxio-TS/app/src/main/java/org/oxycblt/auxio/music/service/MusicBrowser.kt:193:74 'class MediaItem : Any, Parcelable' is deprecated. Deprecated in Java.
w: file:///home/runner/work/Auxio-TS/Auxio-TS/app/src/main/java/org/oxycblt/auxio/music/service/MusicBrowser.kt:313:58 'class MediaItem : Any, Parcelable' is deprecated. Deprecated in Java.
w: file:///home/runner/work/Auxio-TS/Auxio-TS/app/src/main/java/org/oxycblt/auxio/music/service/MusicBrowser.kt:343:47 'class MediaItem : Any, Parcelable' is deprecated. Deprecated in Java.
w: file:///home/runner/work/Auxio-TS/Auxio-TS/app/src/main/java/org/oxycblt/auxio/music/service/MusicBrowser.kt:344:9 'constructor(p0: MediaDescriptionCompat, p1: Int): MediaBrowserCompat.MediaItem' is deprecated. Deprecated in Java.
w: file:///home/runner/work/Auxio-TS/Auxio-TS/app/src/main/java/org/oxycblt/auxio/music/service/MusicBrowser.kt:345:13 'class MediaDescriptionCompat : Any, Parcelable' is deprecated. Deprecated in Java.
w: file:///home/runner/work/Auxio-TS/Auxio-TS/app/src/main/java/org/oxycblt/auxio/music/service/MusicBrowser.kt:345:36 'constructor(): MediaDescriptionCompat.Builder' is deprecated. Deprecated in Java.
w: file:///home/runner/work/Auxio-TS/Auxio-TS/app/src/main/java/org/oxycblt/auxio/music/service/MusicBrowser.kt:353:13 'class MediaItem : Any, Parcelable' is deprecated. Deprecated in Java.
w: file:///home/runner/work/Auxio-TS/Auxio-TS/app/src/main/java/org/oxycblt/auxio/music/service/MusicBrowser.kt:356:73 'class MediaItem : Any, Parcelable' is deprecated. Deprecated in Java.
w: file:///home/runner/work/Auxio-TS/Auxio-TS/app/src/main/java/org/oxycblt/auxio/music/service/MusicBrowser.kt:357:9 'constructor(p0: MediaDescriptionCompat, p1: Int): MediaBrowserCompat.MediaItem' is deprecated. Deprecated in Java.
w: file:///home/runner/work/Auxio-TS/Auxio-TS/app/src/main/java/org/oxycblt/auxio/music/service/MusicBrowser.kt:358:13 'class MediaDescriptionCompat : Any, Parcelable' is deprecated. Deprecated in Java.
w: file:///home/runner/work/Auxio-TS/Auxio-TS/app/src/main/java/org/oxycblt/auxio/music/service/MusicBrowser.kt:358:36 'constructor(): MediaDescriptionCompat.Builder' is deprecated. Deprecated in Java.
w: file:///home/runner/work/Auxio-TS/Auxio-TS/app/src/main/java/org/oxycblt/auxio/music/service/MusicBrowser.kt:362:13 'class MediaItem : Any, Parcelable' is deprecated. Deprecated in Java.
w: file:///home/runner/work/Auxio-TS/Auxio-TS/app/src/main/java/org/oxycblt/auxio/music/service/MusicBrowser.kt:365:56 'class MediaItem : Any, Parcelable' is deprecated. Deprecated in Java.
w: file:///home/runner/work/Auxio-TS/Auxio-TS/app/src/main/java/org/oxycblt/auxio/music/service/MusicBrowser.kt:367:49 'class MediaItem : Any, Parcelable' is deprecated. Deprecated in Java.
w: file:///home/runner/work/Auxio-TS/Auxio-TS/app/src/main/java/org/oxycblt/auxio/music/service/MusicBrowser.kt:368:9 'constructor(p0: MediaDescriptionCompat, p1: Int): MediaBrowserCompat.MediaItem' is deprecated. Deprecated in Java.
w: file:///home/runner/work/Auxio-TS/Auxio-TS/app/src/main/java/org/oxycblt/auxio/music/service/MusicBrowser.kt:369:13 'class MediaDescriptionCompat : Any, Parcelable' is deprecated. Deprecated in Java.
w: file:///home/runner/work/Auxio-TS/Auxio-TS/app/src/main/java/org/oxycblt/auxio/music/service/MusicBrowser.kt:369:36 'constructor(): MediaDescriptionCompat.Builder' is deprecated. Deprecated in Java.
w: file:///home/runner/work/Auxio-TS/Auxio-TS/app/src/main/java/org/oxycblt/auxio/music/service/MusicBrowser.kt:373:13 'class MediaItem : Any, Parcelable' is deprecated. Deprecated in Java.
w: file:///home/runner/work/Auxio-TS/Auxio-TS/app/src/main/java/org/oxycblt/auxio/music/service/MusicServiceFragment.kt:23:8 'class MediaBrowserCompat : Any' is deprecated. Deprecated in Java.
w: file:///home/runner/work/Auxio-TS/Auxio-TS/app/src/main/java/org/oxycblt/auxio/music/service/MusicServiceFragment.kt:24:8 'class MediaBrowserServiceCompat : Service' is deprecated. Deprecated in Java.
w: file:///home/runner/work/Auxio-TS/Auxio-TS/app/src/main/java/org/oxycblt/auxio/music/service/MusicServiceFragment.kt:25:8 'class MediaBrowserServiceCompat : Service' is deprecated. Deprecated in Java.
w: file:///home/runner/work/Auxio-TS/Auxio-TS/app/src/main/java/org/oxycblt/auxio/music/service/MusicServiceFragment.kt:100:21 'constructor(p0: String, p1: Bundle?): MediaBrowserServiceCompat.BrowserRoot' is deprecated. Deprecated in Java.
w: file:///home/runner/work/Auxio-TS/Auxio-TS/app/src/main/java/org/oxycblt/auxio/music/service/MusicServiceFragment.kt:102:42 'class Result<T : Any!> : Any' is deprecated. Deprecated in Java.
w: file:///home/runner/work/Auxio-TS/Auxio-TS/app/src/main/java/org/oxycblt/auxio/music/service/MusicServiceFragment.kt:102:49 'class MediaItem : Any, Parcelable' is deprecated. Deprecated in Java.
w: file:///home/runner/work/Auxio-TS/Auxio-TS/app/src/main/java/org/oxycblt/auxio/music/service/MusicServiceFragment.kt:105:60 'class Result<T : Any!> : Any' is deprecated. Deprecated in Java.
w: file:///home/runner/work/Auxio-TS/Auxio-TS/app/src/main/java/org/oxycblt/auxio/music/service/MusicServiceFragment.kt:105:79 'class MediaItem : Any, Parcelable' is deprecated. Deprecated in Java.
w: file:///home/runner/work/Auxio-TS/Auxio-TS/app/src/main/java/org/oxycblt/auxio/music/service/MusicServiceFragment.kt:108:39 'class Result<T : Any!> : Any' is deprecated. Deprecated in Java.
w: file:///home/runner/work/Auxio-TS/Auxio-TS/app/src/main/java/org/oxycblt/auxio/music/service/MusicServiceFragment.kt:108:58 'class MediaItem : Any, Parcelable' is deprecated. Deprecated in Java.
w: file:///home/runner/work/Auxio-TS/Auxio-TS/app/src/main/java/org/oxycblt/auxio/music/service/MusicServiceFragment.kt:120:21 'class Result<T : Any!> : Any' is deprecated. Deprecated in Java.
w: file:///home/runner/work/Auxio-TS/Auxio-TS/app/src/main/java/org/oxycblt/auxio/music/service/MusicServiceFragment.kt:133:21 'class Result<T : Any!> : Any' is deprecated. Deprecated in Java.
w: file:///home/runner/work/Auxio-TS/Auxio-TS/app/src/main/java/org/oxycblt/auxio/playback/PlaybackPanelFragment.kt:156:30 Unnecessary safe call on a non-null receiver of type 'ViewPager2'.
w: file:///home/runner/work/Auxio-TS/Auxio-TS/app/src/main/java/org/oxycblt/auxio/playback/PlaybackPanelFragment.kt:212:34 Unnecessary safe call on a non-null receiver of type 'ViewPager2'.
w: file:///home/runner/work/Auxio-TS/Auxio-TS/app/src/main/java/org/oxycblt/auxio/playback/PlaybackPanelFragment.kt:340:30 Unnecessary safe call on a non-null receiver of type 'ViewPager2'.
w: file:///home/runner/work/Auxio-TS/Auxio-TS/app/src/main/java/org/oxycblt/auxio/playback/replaygain/ReplayGainAudioProcessor.kt:57:13 'fun flush(): Unit' is deprecated. Deprecated in Java.
w: file:///home/runner/work/Auxio-TS/Auxio-TS/app/src/main/java/org/oxycblt/auxio/playback/service/ExoPlaybackStateHolder.kt:30:8 'class AudioAttributesCompat : Any, VersionedParcelable' is deprecated. Deprecated in Java.
w: file:///home/runner/work/Auxio-TS/Auxio-TS/app/src/main/java/org/oxycblt/auxio/playback/service/ExoPlaybackStateHolder.kt:31:8 'class AudioFocusRequestCompat : Any' is deprecated. Deprecated in Java.
w: file:///home/runner/work/Auxio-TS/Auxio-TS/app/src/main/java/org/oxycblt/auxio/playback/service/ExoPlaybackStateHolder.kt:32:8 'class AudioManagerCompat : Any' is deprecated. Deprecated in Java.
w: file:///home/runner/work/Auxio-TS/Auxio-TS/app/src/main/java/org/oxycblt/auxio/playback/service/ExoPlaybackStateHolder.kt:132:31 'class AudioFocusRequestCompat : Any' is deprecated. Deprecated in Java.
w: file:///home/runner/work/Auxio-TS/Auxio-TS/app/src/main/java/org/oxycblt/auxio/playback/service/ExoPlaybackStateHolder.kt:133:9 'class AudioFocusRequestCompat : Any' is deprecated. Deprecated in Java.
w: file:///home/runner/work/Auxio-TS/Auxio-TS/app/src/main/java/org/oxycblt/auxio/playback/service/ExoPlaybackStateHolder.kt:133:33 'constructor(p0: Int): AudioFocusRequestCompat.Builder' is deprecated. Deprecated in Java.
w: file:///home/runner/work/Auxio-TS/Auxio-TS/app/src/main/java/org/oxycblt/auxio/playback/service/ExoPlaybackStateHolder.kt:133:41 'class AudioManagerCompat : Any' is deprecated. Deprecated in Java.
w: file:///home/runner/work/Auxio-TS/Auxio-TS/app/src/main/java/org/oxycblt/auxio/playback/service/ExoPlaybackStateHolder.kt:135:17 'class AudioAttributesCompat : Any, VersionedParcelable' is deprecated. Deprecated in Java.
w: file:///home/runner/work/Auxio-TS/Auxio-TS/app/src/main/java/org/oxycblt/auxio/playback/service/ExoPlaybackStateHolder.kt:135:39 'constructor(): AudioAttributesCompat.Builder' is deprecated. Deprecated in Java.
w: file:///home/runner/work/Auxio-TS/Auxio-TS/app/src/main/java/org/oxycblt/auxio/playback/service/ExoPlaybackStateHolder.kt:136:31 'class AudioAttributesCompat : Any, VersionedParcelable' is deprecated. Deprecated in Java.
w: file:///home/runner/work/Auxio-TS/Auxio-TS/app/src/main/java/org/oxycblt/auxio/playback/service/ExoPlaybackStateHolder.kt:137:37 'class AudioAttributesCompat : Any, VersionedParcelable' is deprecated. Deprecated in Java.
w: file:///home/runner/work/Auxio-TS/Auxio-TS/app/src/main/java/org/oxycblt/auxio/playback/service/ExoPlaybackStateHolder.kt:1345:22 'class AudioManagerCompat : Any' is deprecated. Deprecated in Java.
w: file:///home/runner/work/Auxio-TS/Auxio-TS/app/src/main/java/org/oxycblt/auxio/playback/service/ExoPlaybackStateHolder.kt:1352:9 'class AudioManagerCompat : Any' is deprecated. Deprecated in Java.
w: file:///home/runner/work/Auxio-TS/Auxio-TS/app/src/main/java/org/oxycblt/auxio/playback/service/MediaSessionHolder.kt:26:8 'class MediaMetadataCompat : Any, Parcelable' is deprecated. Deprecated in Java.
w: file:///home/runner/work/Auxio-TS/Auxio-TS/app/src/main/java/org/oxycblt/auxio/playback/service/MediaSessionHolder.kt:27:8 'class MediaSessionCompat : Any' is deprecated. Deprecated in Java.
w: file:///home/runner/work/Auxio-TS/Auxio-TS/app/src/main/java/org/oxycblt/auxio/playback/service/MediaSessionHolder.kt:28:8 'class PlaybackStateCompat : Any, Parcelable' is deprecated. Deprecated in Java.
w: file:///home/runner/work/Auxio-TS/Auxio-TS/app/src/main/java/org/oxycblt/auxio/playback/service/MediaSessionHolder.kt:32:8 'class NotificationCompat : Any' is deprecated. Deprecated in Java.
w: file:///home/runner/work/Auxio-TS/Auxio-TS/app/src/main/java/org/oxycblt/auxio/playback/service/MediaSessionHolder.kt:33:8 'class MediaButtonReceiver : BroadcastReceiver' is deprecated. Deprecated in Java.
w: file:///home/runner/work/Auxio-TS/Auxio-TS/app/src/main/java/org/oxycblt/auxio/playback/service/MediaSessionHolder.kt:98:32 'constructor(p0: Context, p1: String): MediaSessionCompat' is deprecated. Deprecated in Java.
w: file:///home/runner/work/Auxio-TS/Auxio-TS/app/src/main/java/org/oxycblt/auxio/playback/service/MediaSessionHolder.kt:99:35 'class Token : Any, Parcelable' is deprecated. Deprecated in Java.
w: file:///home/runner/work/Auxio-TS/Auxio-TS/app/src/main/java/org/oxycblt/auxio/playback/service/MediaSessionHolder.kt:140:9 'class MediaButtonReceiver : BroadcastReceiver' is deprecated. Deprecated in Java.
w: file:///home/runner/work/Auxio-TS/Auxio-TS/app/src/main/java/org/oxycblt/auxio/playback/service/MediaSessionHolder.kt:190:17 'class PlaybackStateCompat : Any, Parcelable' is deprecated. Deprecated in Java.
w: file:///home/runner/work/Auxio-TS/Auxio-TS/app/src/main/java/org/oxycblt/auxio/playback/service/MediaSessionHolder.kt:192:17 'class PlaybackStateCompat : Any, Parcelable' is deprecated. Deprecated in Java.
w: file:///home/runner/work/Auxio-TS/Auxio-TS/app/src/main/java/org/oxycblt/auxio/playback/service/MediaSessionHolder.kt:239:36 'class PlaybackStateCompat : Any, Parcelable' is deprecated. Deprecated in Java.
w: file:///home/runner/work/Auxio-TS/Auxio-TS/app/src/main/java/org/oxycblt/auxio/playback/service/MediaSessionHolder.kt:240:37 'class PlaybackStateCompat : Any, Parcelable' is deprecated. Deprecated in Java.
w: file:///home/runner/work/Auxio-TS/Auxio-TS/app/src/main/java/org/oxycblt/auxio/playback/service/MediaSessionHolder.kt:241:35 'class PlaybackStateCompat : Any, Parcelable' is deprecated. Deprecated in Java.
w: file:///home/runner/work/Auxio-TS/Auxio-TS/app/src/main/java/org/oxycblt/auxio/playback/service/MediaSessionHolder.kt:308:17 'class MediaMetadataCompat : Any, Parcelable' is deprecated. Deprecated in Java.
w: file:///home/runner/work/Auxio-TS/Auxio-TS/app/src/main/java/org/oxycblt/auxio/playback/service/MediaSessionHolder.kt:308:37 'constructor(): MediaMetadataCompat.Builder' is deprecated. Deprecated in Java.
w: file:///home/runner/work/Auxio-TS/Auxio-TS/app/src/main/java/org/oxycblt/auxio/playback/service/MediaSessionHolder.kt:309:30 'class MediaMetadataCompat : Any, Parcelable' is deprecated. Deprecated in Java.
w: file:///home/runner/work/Auxio-TS/Auxio-TS/app/src/main/java/org/oxycblt/auxio/playback/service/MediaSessionHolder.kt:310:30 'class MediaMetadataCompat : Any, Parcelable' is deprecated. Deprecated in Java.
w: file:///home/runner/work/Auxio-TS/Auxio-TS/app/src/main/java/org/oxycblt/auxio/playback/service/MediaSessionHolder.kt:311:30 'class MediaMetadataCompat : Any, Parcelable' is deprecated. Deprecated in Java.
w: file:///home/runner/work/Auxio-TS/Auxio-TS/app/src/main/java/org/oxycblt/auxio/playback/service/MediaSessionHolder.kt:313:25 'class MediaMetadataCompat : Any, Parcelable' is deprecated. Deprecated in Java.
w: file:///home/runner/work/Auxio-TS/Auxio-TS/app/src/main/java/org/oxycblt/auxio/playback/service/MediaSessionHolder.kt:316:30 'class MediaMetadataCompat : Any, Parcelable' is deprecated. Deprecated in Java.
w: file:///home/runner/work/Auxio-TS/Auxio-TS/app/src/main/java/org/oxycblt/auxio/playback/service/MediaSessionHolder.kt:317:30 'class MediaMetadataCompat : Any, Parcelable' is deprecated. Deprecated in Java.
w: file:///home/runner/work/Auxio-TS/Auxio-TS/app/src/main/java/org/oxycblt/auxio/playback/service/MediaSessionHolder.kt:318:30 'class MediaMetadataCompat : Any, Parcelable' is deprecated. Deprecated in Java.
w: file:///home/runner/work/Auxio-TS/Auxio-TS/app/src/main/java/org/oxycblt/auxio/playback/service/MediaSessionHolder.kt:320:25 'class MediaMetadataCompat : Any, Parcelable' is deprecated. Deprecated in Java.
w: file:///home/runner/work/Auxio-TS/Auxio-TS/app/src/main/java/org/oxycblt/auxio/playback/service/MediaSessionHolder.kt:324:25 'class MediaMetadataCompat : Any, Parcelable' is deprecated. Deprecated in Java.
w: file:///home/runner/work/Auxio-TS/Auxio-TS/app/src/main/java/org/oxycblt/auxio/playback/service/MediaSessionHolder.kt:328:25 'class MediaMetadataCompat : Any, Parcelable' is deprecated. Deprecated in Java.
w: file:///home/runner/work/Auxio-TS/Auxio-TS/app/src/main/java/org/oxycblt/auxio/playback/service/MediaSessionHolder.kt:332:25 'class MediaMetadataCompat : Any, Parcelable' is deprecated. Deprecated in Java.
w: file:///home/runner/work/Auxio-TS/Auxio-TS/app/src/main/java/org/oxycblt/auxio/playback/service/MediaSessionHolder.kt:335:32 'class MediaMetadataCompat : Any, Parcelable' is deprecated. Deprecated in Java.
w: file:///home/runner/work/Auxio-TS/Auxio-TS/app/src/main/java/org/oxycblt/auxio/playback/service/MediaSessionHolder.kt:337:25 'class MediaMetadataCompat : Any, Parcelable' is deprecated. Deprecated in Java.
w: file:///home/runner/work/Auxio-TS/Auxio-TS/app/src/main/java/org/oxycblt/auxio/playback/service/MediaSessionHolder.kt:340:30 'class MediaMetadataCompat : Any, Parcelable' is deprecated. Deprecated in Java.
w: file:///home/runner/work/Auxio-TS/Auxio-TS/app/src/main/java/org/oxycblt/auxio/playback/service/MediaSessionHolder.kt:357:33 'class MediaMetadataCompat : Any, Parcelable' is deprecated. Deprecated in Java.
w: file:///home/runner/work/Auxio-TS/Auxio-TS/app/src/main/java/org/oxycblt/auxio/playback/service/MediaSessionHolder.kt:361:33 'class MediaMetadataCompat : Any, Parcelable' is deprecated. Deprecated in Java.
w: file:///home/runner/work/Auxio-TS/Auxio-TS/app/src/main/java/org/oxycblt/auxio/playback/service/MediaSessionHolder.kt:365:35 'class MediaMetadataCompat : Any, Parcelable' is deprecated. Deprecated in Java.
w: file:///home/runner/work/Auxio-TS/Auxio-TS/app/src/main/java/org/oxycblt/auxio/playback/service/MediaSessionHolder.kt:366:33 'class MediaMetadataCompat : Any, Parcelable' is deprecated. Deprecated in Java.
w: file:///home/runner/work/Auxio-TS/Auxio-TS/app/src/main/java/org/oxycblt/auxio/playback/service/MediaSessionHolder.kt:396:47 'class MediaMetadataCompat : Any, Parcelable' is deprecated. Deprecated in Java.
w: file:///home/runner/work/Auxio-TS/Auxio-TS/app/src/main/java/org/oxycblt/auxio/playback/service/MediaSessionHolder.kt:397:47 'class MediaMetadataCompat : Any, Parcelable' is deprecated. Deprecated in Java.
w: file:///home/runner/work/Auxio-TS/Auxio-TS/app/src/main/java/org/oxycblt/auxio/playback/service/MediaSessionHolder.kt:402:33 'class MediaMetadataCompat : Any, Parcelable' is deprecated. Deprecated in Java.
w: file:///home/runner/work/Auxio-TS/Auxio-TS/app/src/main/java/org/oxycblt/auxio/playback/service/MediaSessionHolder.kt:406:33 'class MediaMetadataCompat : Any, Parcelable' is deprecated. Deprecated in Java.
w: file:///home/runner/work/Auxio-TS/Auxio-TS/app/src/main/java/org/oxycblt/auxio/playback/service/MediaSessionHolder.kt:410:33 'class MediaMetadataCompat : Any, Parcelable' is deprecated. Deprecated in Java.
w: file:///home/runner/work/Auxio-TS/Auxio-TS/app/src/main/java/org/oxycblt/auxio/playback/service/MediaSessionHolder.kt:450:17 'class MediaMetadataCompat : Any, Parcelable' is deprecated. Deprecated in Java.
w: file:///home/runner/work/Auxio-TS/Auxio-TS/app/src/main/java/org/oxycblt/auxio/playback/service/MediaSessionHolder.kt:450:37 'constructor(): MediaMetadataCompat.Builder' is deprecated. Deprecated in Java.
w: file:///home/runner/work/Auxio-TS/Auxio-TS/app/src/main/java/org/oxycblt/auxio/playback/service/MediaSessionHolder.kt:451:30 'class MediaMetadataCompat : Any, Parcelable' is deprecated. Deprecated in Java.
w: file:///home/runner/work/Auxio-TS/Auxio-TS/app/src/main/java/org/oxycblt/auxio/playback/service/MediaSessionHolder.kt:452:30 'class MediaMetadataCompat : Any, Parcelable' is deprecated. Deprecated in Java.
w: file:///home/runner/work/Auxio-TS/Auxio-TS/app/src/main/java/org/oxycblt/auxio/playback/service/MediaSessionHolder.kt:453:30 'class MediaMetadataCompat : Any, Parcelable' is deprecated. Deprecated in Java.
w: file:///home/runner/work/Auxio-TS/Auxio-TS/app/src/main/java/org/oxycblt/auxio/playback/service/MediaSessionHolder.kt:455:25 'class MediaMetadataCompat : Any, Parcelable' is deprecated. Deprecated in Java.
w: file:///home/runner/work/Auxio-TS/Auxio-TS/app/src/main/java/org/oxycblt/auxio/playback/service/MediaSessionHolder.kt:458:30 'class MediaMetadataCompat : Any, Parcelable' is deprecated. Deprecated in Java.
w: file:///home/runner/work/Auxio-TS/Auxio-TS/app/src/main/java/org/oxycblt/auxio/playback/service/MediaSessionHolder.kt:460:25 'class MediaMetadataCompat : Any, Parcelable' is deprecated. Deprecated in Java.
w: file:///home/runner/work/Auxio-TS/Auxio-TS/app/src/main/java/org/oxycblt/auxio/playback/service/MediaSessionHolder.kt:464:25 'class MediaMetadataCompat : Any, Parcelable' is deprecated. Deprecated in Java.
w: file:///home/runner/work/Auxio-TS/Auxio-TS/app/src/main/java/org/oxycblt/auxio/playback/service/MediaSessionHolder.kt:468:25 'class MediaMetadataCompat : Any, Parcelable' is deprecated. Deprecated in Java.
w: file:///home/runner/work/Auxio-TS/Auxio-TS/app/src/main/java/org/oxycblt/auxio/playback/service/MediaSessionHolder.kt:471:32 'class MediaMetadataCompat : Any, Parcelable' is deprecated. Deprecated in Java.
w: file:///home/runner/work/Auxio-TS/Auxio-TS/app/src/main/java/org/oxycblt/auxio/playback/service/MediaSessionHolder.kt:473:25 'class MediaMetadataCompat : Any, Parcelable' is deprecated. Deprecated in Java.
w: file:///home/runner/work/Auxio-TS/Auxio-TS/app/src/main/java/org/oxycblt/auxio/playback/service/MediaSessionHolder.kt:476:30 'class MediaMetadataCompat : Any, Parcelable' is deprecated. Deprecated in Java.
w: file:///home/runner/work/Auxio-TS/Auxio-TS/app/src/main/java/org/oxycblt/auxio/playback/service/MediaSessionHolder.kt:509:21 'class MediaSessionCompat : Any' is deprecated. Deprecated in Java.
w: file:///home/runner/work/Auxio-TS/Auxio-TS/app/src/main/java/org/oxycblt/auxio/playback/service/MediaSessionHolder.kt:509:40 'constructor(p0: MediaDescriptionCompat!, p1: Long): MediaSessionCompat.QueueItem' is deprecated. Deprecated in Java.
w: file:///home/runner/work/Auxio-TS/Auxio-TS/app/src/main/java/org/oxycblt/auxio/playback/service/MediaSessionHolder.kt:523:36 'class PlaybackStateCompat : Any, Parcelable' is deprecated. Deprecated in Java.
w: file:///home/runner/work/Auxio-TS/Auxio-TS/app/src/main/java/org/oxycblt/auxio/playback/service/MediaSessionHolder.kt:523:56 'constructor(): PlaybackStateCompat.Builder' is deprecated. Deprecated in Java.
w: file:///home/runner/work/Auxio-TS/Auxio-TS/app/src/main/java/org/oxycblt/auxio/playback/service/MediaSessionHolder.kt:532:13 'class PlaybackStateCompat : Any, Parcelable' is deprecated. Deprecated in Java.
w: file:///home/runner/work/Auxio-TS/Auxio-TS/app/src/main/java/org/oxycblt/auxio/playback/service/MediaSessionHolder.kt:532:33 'class CustomAction : Any, Parcelable' is deprecated. Deprecated in Java.
w: file:///home/runner/work/Auxio-TS/Auxio-TS/app/src/main/java/org/oxycblt/auxio/playback/service/MediaSessionHolder.kt:542:13 'class PlaybackStateCompat : Any, Parcelable' is deprecated. Deprecated in Java.
w: file:///home/runner/work/Auxio-TS/Auxio-TS/app/src/main/java/org/oxycblt/auxio/playback/service/MediaSessionHolder.kt:542:33 'class CustomAction : Any, Parcelable' is deprecated. Deprecated in Java.
w: file:///home/runner/work/Auxio-TS/Auxio-TS/app/src/main/java/org/oxycblt/auxio/playback/service/MediaSessionHolder.kt:609:37 'class MediaMetadataCompat : Any, Parcelable' is deprecated. Deprecated in Java.
w: file:///home/runner/work/Auxio-TS/Auxio-TS/app/src/main/java/org/oxycblt/auxio/playback/service/MediaSessionHolder.kt:609:57 'constructor(): MediaMetadataCompat.Builder' is deprecated. Deprecated in Java.
w: file:///home/runner/work/Auxio-TS/Auxio-TS/app/src/main/java/org/oxycblt/auxio/playback/service/MediaSessionHolder.kt:622:38 'class Token : Any, Parcelable' is deprecated. Deprecated in Java.
w: file:///home/runner/work/Auxio-TS/Auxio-TS/app/src/main/java/org/oxycblt/auxio/playback/service/MediaSessionHolder.kt:653:13 'constructor(p0: NotificationCompat.Builder!): NotificationCompat.MediaStyle' is deprecated. Deprecated in Java.
w: file:///home/runner/work/Auxio-TS/Auxio-TS/app/src/main/java/org/oxycblt/auxio/playback/service/MediaSessionHolder.kt:667:34 'class MediaMetadataCompat : Any, Parcelable' is deprecated. Deprecated in Java.
w: file:///home/runner/work/Auxio-TS/Auxio-TS/app/src/main/java/org/oxycblt/auxio/playback/service/MediaSessionHolder.kt:671:36 'class MediaMetadataCompat : Any, Parcelable' is deprecated. Deprecated in Java.
w: file:///home/runner/work/Auxio-TS/Auxio-TS/app/src/main/java/org/oxycblt/auxio/playback/service/MediaSessionHolder.kt:681:32 'class MediaMetadataCompat : Any, Parcelable' is deprecated. Deprecated in Java.
w: file:///home/runner/work/Auxio-TS/Auxio-TS/app/src/main/java/org/oxycblt/auxio/playback/service/MediaSessionHolder.kt:686:30 'class MediaMetadataCompat : Any, Parcelable' is deprecated. Deprecated in Java.
w: file:///home/runner/work/Auxio-TS/Auxio-TS/app/src/main/java/org/oxycblt/auxio/playback/service/MediaSessionHolder.kt:691:30 'class MediaMetadataCompat : Any, Parcelable' is deprecated. Deprecated in Java.
w: file:///home/runner/work/Auxio-TS/Auxio-TS/app/src/main/java/org/oxycblt/auxio/playback/service/MediaSessionInterface.kt:25:8 'class MediaDescriptionCompat : Any, Parcelable' is deprecated. Deprecated in Java.
w: file:///home/runner/work/Auxio-TS/Auxio-TS/app/src/main/java/org/oxycblt/auxio/playback/service/MediaSessionInterface.kt:26:8 'class MediaSessionCompat : Any' is deprecated. Deprecated in Java.
w: file:///home/runner/work/Auxio-TS/Auxio-TS/app/src/main/java/org/oxycblt/auxio/playback/service/MediaSessionInterface.kt:27:8 'class PlaybackStateCompat : Any, Parcelable' is deprecated. Deprecated in Java.
w: file:///home/runner/work/Auxio-TS/Auxio-TS/app/src/main/java/org/oxycblt/auxio/playback/service/MediaSessionInterface.kt:57:24 'class Callback : Any' is deprecated. Deprecated in Java.
w: file:///home/runner/work/Auxio-TS/Auxio-TS/app/src/main/java/org/oxycblt/auxio/playback/service/MediaSessionInterface.kt:98:46 'class MediaDescriptionCompat : Any, Parcelable' is deprecated. Deprecated in Java.
w: file:///home/runner/work/Auxio-TS/Auxio-TS/app/src/main/java/org/oxycblt/auxio/playback/service/MediaSessionInterface.kt:111:49 'class MediaDescriptionCompat : Any, Parcelable' is deprecated. Deprecated in Java.
w: file:///home/runner/work/Auxio-TS/Auxio-TS/app/src/main/java/org/oxycblt/auxio/playback/service/MediaSessionInterface.kt:167:17 'class PlaybackStateCompat : Any, Parcelable' is deprecated. Deprecated in Java.
w: file:///home/runner/work/Auxio-TS/Auxio-TS/app/src/main/java/org/oxycblt/auxio/playback/service/MediaSessionInterface.kt:168:17 'class PlaybackStateCompat : Any, Parcelable' is deprecated. Deprecated in Java.
w: file:///home/runner/work/Auxio-TS/Auxio-TS/app/src/main/java/org/oxycblt/auxio/playback/service/MediaSessionInterface.kt:169:17 'class PlaybackStateCompat : Any, Parcelable' is deprecated. Deprecated in Java.
w: file:///home/runner/work/Auxio-TS/Auxio-TS/app/src/main/java/org/oxycblt/auxio/playback/service/MediaSessionInterface.kt:177:28 'class PlaybackStateCompat : Any, Parcelable' is deprecated. Deprecated in Java.
w: file:///home/runner/work/Auxio-TS/Auxio-TS/app/src/main/java/org/oxycblt/auxio/playback/service/MediaSessionInterface.kt:178:32 'class PlaybackStateCompat : Any, Parcelable' is deprecated. Deprecated in Java.
w: file:///home/runner/work/Auxio-TS/Auxio-TS/app/src/main/java/org/oxycblt/auxio/playback/service/MediaSessionInterface.kt:303:13 'class PlaybackStateCompat : Any, Parcelable' is deprecated. Deprecated in Java.
w: file:///home/runner/work/Auxio-TS/Auxio-TS/app/src/main/java/org/oxycblt/auxio/playback/service/MediaSessionInterface.kt:304:17 'class PlaybackStateCompat : Any, Parcelable' is deprecated. Deprecated in Java.
w: file:///home/runner/work/Auxio-TS/Auxio-TS/app/src/main/java/org/oxycblt/auxio/playback/service/MediaSessionInterface.kt:305:17 'class PlaybackStateCompat : Any, Parcelable' is deprecated. Deprecated in Java.
w: file:///home/runner/work/Auxio-TS/Auxio-TS/app/src/main/java/org/oxycblt/auxio/playback/service/MediaSessionInterface.kt:306:17 'class PlaybackStateCompat : Any, Parcelable' is deprecated. Deprecated in Java.
w: file:///home/runner/work/Auxio-TS/Auxio-TS/app/src/main/java/org/oxycblt/auxio/playback/service/MediaSessionInterface.kt:307:17 'class PlaybackStateCompat : Any, Parcelable' is deprecated. Deprecated in Java.
w: file:///home/runner/work/Auxio-TS/Auxio-TS/app/src/main/java/org/oxycblt/auxio/playback/service/MediaSessionInterface.kt:308:17 'class PlaybackStateCompat : Any, Parcelable' is deprecated. Deprecated in Java.
w: file:///home/runner/work/Auxio-TS/Auxio-TS/app/src/main/java/org/oxycblt/auxio/playback/service/MediaSessionInterface.kt:309:17 'class PlaybackStateCompat : Any, Parcelable' is deprecated. Deprecated in Java.
w: file:///home/runner/work/Auxio-TS/Auxio-TS/app/src/main/java/org/oxycblt/auxio/playback/service/MediaSessionInterface.kt:310:17 'class PlaybackStateCompat : Any, Parcelable' is deprecated. Deprecated in Java.
w: file:///home/runner/work/Auxio-TS/Auxio-TS/app/src/main/java/org/oxycblt/auxio/playback/service/MediaSessionInterface.kt:311:17 'class PlaybackStateCompat : Any, Parcelable' is deprecated. Deprecated in Java.
w: file:///home/runner/work/Auxio-TS/Auxio-TS/app/src/main/java/org/oxycblt/auxio/playback/service/MediaSessionInterface.kt:312:17 'class PlaybackStateCompat : Any, Parcelable' is deprecated. Deprecated in Java.
w: file:///home/runner/work/Auxio-TS/Auxio-TS/app/src/main/java/org/oxycblt/auxio/playback/service/MediaSessionInterface.kt:313:17 'class PlaybackStateCompat : Any, Parcelable' is deprecated. Deprecated in Java.
w: file:///home/runner/work/Auxio-TS/Auxio-TS/app/src/main/java/org/oxycblt/auxio/playback/service/MediaSessionInterface.kt:314:17 'class PlaybackStateCompat : Any, Parcelable' is deprecated. Deprecated in Java.
w: file:///home/runner/work/Auxio-TS/Auxio-TS/app/src/main/java/org/oxycblt/auxio/playback/service/MediaSessionInterface.kt:315:17 'class PlaybackStateCompat : Any, Parcelable' is deprecated. Deprecated in Java.
w: file:///home/runner/work/Auxio-TS/Auxio-TS/app/src/main/java/org/oxycblt/auxio/playback/service/PlaybackServiceFragment.kt:23:8 'class MediaSessionCompat : Any' is deprecated. Deprecated in Java.
w: file:///home/runner/work/Auxio-TS/Auxio-TS/app/src/main/java/org/oxycblt/auxio/playback/service/PlaybackServiceFragment.kt:141:38 'class Token : Any, Parcelable' is deprecated. Deprecated in Java.
w: file:///home/runner/work/Auxio-TS/Auxio-TS/app/src/main/java/org/oxycblt/auxio/playback/state/PlaybackStateHolder.kt:23:8 'class PlaybackStateCompat : Any, Parcelable' is deprecated. Deprecated in Java.
w: file:///home/runner/work/Auxio-TS/Auxio-TS/app/src/main/java/org/oxycblt/auxio/playback/state/PlaybackStateHolder.kt:372:56 'class Builder : Any' is deprecated. Deprecated in Java.
w: file:///home/runner/work/Auxio-TS/Auxio-TS/app/src/main/java/org/oxycblt/auxio/playback/state/PlaybackStateHolder.kt:372:86 'class Builder : Any' is deprecated. Deprecated in Java.
w: file:///home/runner/work/Auxio-TS/Auxio-TS/app/src/main/java/org/oxycblt/auxio/playback/state/PlaybackStateHolder.kt:377:17 'class PlaybackStateCompat : Any, Parcelable' is deprecated. Deprecated in Java.
w: file:///home/runner/work/Auxio-TS/Auxio-TS/app/src/main/java/org/oxycblt/auxio/playback/state/PlaybackStateHolder.kt:379:17 'class PlaybackStateCompat : Any, Parcelable' is deprecated. Deprecated in Java.
w: file:///home/runner/work/Auxio-TS/Auxio-TS/app/src/main/java/org/oxycblt/auxio/ui/SquareMaskableFrameLayout.kt:57:23 'fun getPathForSize(p0: Int, p1: Int, p2: Path): Unit' is deprecated. Deprecated in Java.
w: file:///home/runner/work/Auxio-TS/Auxio-TS/app/src/topwayCompat/java/com/tw/music/view/MusicWidgetProvider.kt:125:91 Redundant call of conversion method.

> Task :app:javaPreCompileTopwayTwMediaDebug FROM-CACHE
Note: Some input files use or override a deprecated API.

Note: Recompile with -Xlint:deprecation for details.
> Task :app:compileTopwayTwMediaDebugJavaWithJavac

> Task :app:generateTopwayTwMediaDebugAssets UP-TO-DATE
> Task :media-lib-common:generateDebugAssets UP-TO-DATE
> Task :media-lib-common:mergeDebugAssets UP-TO-DATE
> Task :media-lib-container:generateDebugAssets UP-TO-DATE
> Task :media-lib-container:mergeDebugAssets UP-TO-DATE
> Task :media-lib-database:generateDebugAssets UP-TO-DATE
> Task :media-lib-database:mergeDebugAssets UP-TO-DATE
> Task :media-lib-datasource:generateDebugAssets UP-TO-DATE
> Task :media-lib-datasource:mergeDebugAssets UP-TO-DATE
> Task :media-lib-decoder:generateDebugAssets UP-TO-DATE
> Task :media-lib-decoder:mergeDebugAssets UP-TO-DATE
> Task :media-lib-decoder-ffmpeg:generateDebugAssets UP-TO-DATE
> Task :media-lib-decoder-ffmpeg:mergeDebugAssets UP-TO-DATE
> Task :media-lib-exoplayer:generateDebugAssets UP-TO-DATE
> Task :media-lib-exoplayer:mergeDebugAssets UP-TO-DATE
> Task :media-lib-extractor:generateDebugAssets UP-TO-DATE
> Task :media-lib-extractor:mergeDebugAssets UP-TO-DATE
> Task :musikr:generateDebugAssets UP-TO-DATE
> Task :musikr:mergeDebugAssets UP-TO-DATE
> Task :app:mergeTopwayTwMediaDebugAssets
> Task :app:compressTopwayTwMediaDebugAssets FROM-CACHE
> Task :app:generateTopwayTwMediaDebugGlobalSynthetics FROM-CACHE
> Task :app:l8DexDesugarLibTopwayTwMediaDebug FROM-CACHE
> Task :app:checkTopwayTwMediaDebugDuplicateClasses
> Task :app:desugarTopwayTwMediaDebugFileDependencies FROM-CACHE
> Task :app:mergeExtDexTopwayTwMediaDebug FROM-CACHE
> Task :musikr:bundleLibRuntimeToDirDebug UP-TO-DATE
> Task :media-lib-decoder-ffmpeg:bundleLibRuntimeToDirDebug UP-TO-DATE
> Task :media-lib-extractor:bundleLibRuntimeToDirDebug UP-TO-DATE
> Task :media-lib-container:bundleLibRuntimeToDirDebug UP-TO-DATE
> Task :media-lib-datasource:bundleLibRuntimeToDirDebug UP-TO-DATE
> Task :media-lib-decoder:bundleLibRuntimeToDirDebug UP-TO-DATE
> Task :media-lib-database:bundleLibRuntimeToDirDebug UP-TO-DATE
> Task :media-lib-common:bundleLibRuntimeToDirDebug UP-TO-DATE
> Task :media-lib-exoplayer:bundleLibRuntimeToDirDebug UP-TO-DATE
> Task :app:mergeLibDexTopwayTwMediaDebug FROM-CACHE
> Task :musikr:bundleLibRuntimeToJarDebug UP-TO-DATE
> Task :media-lib-decoder-ffmpeg:bundleLibRuntimeToJarDebug UP-TO-DATE
> Task :media-lib-extractor:bundleLibRuntimeToJarDebug UP-TO-DATE
> Task :media-lib-container:bundleLibRuntimeToJarDebug UP-TO-DATE
> Task :media-lib-datasource:bundleLibRuntimeToJarDebug UP-TO-DATE
> Task :media-lib-decoder:bundleLibRuntimeToJarDebug UP-TO-DATE
> Task :media-lib-database:bundleLibRuntimeToJarDebug UP-TO-DATE
> Task :media-lib-common:bundleLibRuntimeToJarDebug UP-TO-DATE
> Task :media-lib-exoplayer:bundleLibRuntimeToJarDebug UP-TO-DATE
> Task :app:hiltSyncTopwayTwMediaDebug
> Task :app:hiltAggregateDepsTopwayTwMediaDebug FROM-CACHE
> Task :app:hiltJavaCompileTopwayTwMediaDebug
> Task :media-lib-common:writeDebugAarMetadata UP-TO-DATE
> Task :media-lib-container:writeDebugAarMetadata UP-TO-DATE
> Task :media-lib-database:writeDebugAarMetadata UP-TO-DATE
> Task :media-lib-datasource:writeDebugAarMetadata UP-TO-DATE
> Task :media-lib-decoder:writeDebugAarMetadata UP-TO-DATE
> Task :media-lib-decoder-ffmpeg:writeDebugAarMetadata UP-TO-DATE
> Task :media-lib-exoplayer:writeDebugAarMetadata UP-TO-DATE
> Task :media-lib-extractor:writeDebugAarMetadata UP-TO-DATE
> Task :musikr:writeDebugAarMetadata UP-TO-DATE
> Task :app:checkTopwayTwMediaDebugAarMetadata
> Task :app:mapTopwayTwMediaDebugSourceSetPaths
> Task :app:compileTopwayTwMediaDebugNavigationResources FROM-CACHE
> Task :app:createTopwayTwMediaDebugCompatibleScreenManifests
> Task :app:extractDeepLinksTopwayTwMediaDebug
> Task :media-lib-common:extractDeepLinksDebug UP-TO-DATE
> Task :media-lib-common:processDebugManifest UP-TO-DATE
> Task :media-lib-container:extractDeepLinksDebug UP-TO-DATE
> Task :media-lib-container:processDebugManifest UP-TO-DATE
> Task :media-lib-database:extractDeepLinksDebug UP-TO-DATE
> Task :media-lib-database:processDebugManifest UP-TO-DATE
> Task :media-lib-datasource:extractDeepLinksDebug UP-TO-DATE
> Task :media-lib-datasource:processDebugManifest UP-TO-DATE
> Task :media-lib-decoder:extractDeepLinksDebug UP-TO-DATE
> Task :media-lib-decoder:processDebugManifest UP-TO-DATE
> Task :media-lib-decoder-ffmpeg:extractDeepLinksDebug UP-TO-DATE
> Task :media-lib-decoder-ffmpeg:processDebugManifest UP-TO-DATE
> Task :media-lib-exoplayer:extractDeepLinksDebug UP-TO-DATE
> Task :media-lib-exoplayer:processDebugManifest UP-TO-DATE
> Task :media-lib-extractor:extractDeepLinksDebug UP-TO-DATE
> Task :media-lib-extractor:processDebugManifest UP-TO-DATE
> Task :musikr:extractDeepLinksDebug UP-TO-DATE
> Task :musikr:processDebugManifest UP-TO-DATE
> Task :app:processTopwayTwMediaDebugMainManifest
> Task :app:processTopwayTwMediaDebugManifest
> Task :app:processTopwayTwMediaDebugManifestForPackage
> Task :media-lib-common:mapDebugSourceSetPaths UP-TO-DATE
> Task :media-lib-common:compileDebugLibraryResources UP-TO-DATE
> Task :media-lib-container:mapDebugSourceSetPaths UP-TO-DATE
> Task :media-lib-container:compileDebugLibraryResources UP-TO-DATE
> Task :media-lib-database:mapDebugSourceSetPaths UP-TO-DATE
> Task :media-lib-database:compileDebugLibraryResources UP-TO-DATE
> Task :media-lib-datasource:mapDebugSourceSetPaths UP-TO-DATE
> Task :media-lib-datasource:compileDebugLibraryResources UP-TO-DATE
> Task :media-lib-decoder:mapDebugSourceSetPaths UP-TO-DATE
> Task :media-lib-decoder:compileDebugLibraryResources UP-TO-DATE
> Task :media-lib-decoder-ffmpeg:mapDebugSourceSetPaths UP-TO-DATE
> Task :media-lib-decoder-ffmpeg:compileDebugLibraryResources UP-TO-DATE
> Task :media-lib-exoplayer:mapDebugSourceSetPaths UP-TO-DATE
> Task :media-lib-exoplayer:compileDebugLibraryResources UP-TO-DATE
> Task :media-lib-extractor:mapDebugSourceSetPaths UP-TO-DATE
> Task :media-lib-extractor:compileDebugLibraryResources UP-TO-DATE
> Task :musikr:mapDebugSourceSetPaths UP-TO-DATE
> Task :musikr:compileDebugLibraryResources UP-TO-DATE
> Task :app:processTopwayTwMediaDebugResources
> Task :app:transformTopwayTwMediaDebugClassesWithAsm
[INFO] Gradle still running: 1m 30s elapsed; no output for 6s
> Task :app:dexBuilderTopwayTwMediaDebug
> Task :app:mergeProjectDexTopwayTwMediaDebug
> Task :app:processTopwayTwMediaDebugJavaRes
> Task :media-lib-common:processDebugJavaRes NO-SOURCE
> Task :media-lib-container:processDebugJavaRes NO-SOURCE
> Task :media-lib-database:processDebugJavaRes NO-SOURCE
> Task :media-lib-datasource:processDebugJavaRes NO-SOURCE
> Task :media-lib-decoder:processDebugJavaRes NO-SOURCE
> Task :media-lib-decoder-ffmpeg:processDebugJavaRes NO-SOURCE
> Task :media-lib-exoplayer:processDebugJavaRes NO-SOURCE
> Task :media-lib-extractor:processDebugJavaRes NO-SOURCE
> Task :musikr:processDebugJavaRes UP-TO-DATE
> Task :app:mergeTopwayTwMediaDebugJavaResource
> Task :app:mergeTopwayTwMediaDebugJniLibFolders
> Task :media-lib-common:mergeDebugJniLibFolders UP-TO-DATE
> Task :media-lib-common:mergeDebugNativeLibs NO-SOURCE
> Task :media-lib-common:copyDebugJniLibsProjectOnly UP-TO-DATE
> Task :media-lib-container:mergeDebugJniLibFolders UP-TO-DATE
> Task :media-lib-container:mergeDebugNativeLibs NO-SOURCE
> Task :media-lib-container:copyDebugJniLibsProjectOnly UP-TO-DATE
> Task :media-lib-database:mergeDebugJniLibFolders UP-TO-DATE
> Task :media-lib-database:mergeDebugNativeLibs NO-SOURCE
> Task :media-lib-database:copyDebugJniLibsProjectOnly UP-TO-DATE
> Task :media-lib-datasource:mergeDebugJniLibFolders UP-TO-DATE
> Task :media-lib-datasource:mergeDebugNativeLibs NO-SOURCE
> Task :media-lib-datasource:copyDebugJniLibsProjectOnly UP-TO-DATE
> Task :media-lib-decoder:mergeDebugJniLibFolders UP-TO-DATE
> Task :media-lib-decoder:mergeDebugNativeLibs NO-SOURCE
> Task :media-lib-decoder:copyDebugJniLibsProjectOnly UP-TO-DATE
> Task :media-lib-decoder-ffmpeg:configureCMakeDebug[arm64-v8a]
> Task :media-lib-decoder-ffmpeg:buildCMakeDebug[arm64-v8a]
> Task :media-lib-decoder-ffmpeg:configureCMakeDebug[armeabi-v7a]
> Task :media-lib-decoder-ffmpeg:buildCMakeDebug[armeabi-v7a]
> Task :media-lib-decoder-ffmpeg:configureCMakeDebug[x86]
> Task :media-lib-decoder-ffmpeg:buildCMakeDebug[x86]
> Task :media-lib-decoder-ffmpeg:configureCMakeDebug[x86_64]
> Task :media-lib-decoder-ffmpeg:buildCMakeDebug[x86_64]
> Task :media-lib-decoder-ffmpeg:mergeDebugJniLibFolders UP-TO-DATE
> Task :media-lib-decoder-ffmpeg:mergeDebugNativeLibs UP-TO-DATE
> Task :media-lib-decoder-ffmpeg:copyDebugJniLibsProjectOnly UP-TO-DATE
> Task :media-lib-exoplayer:mergeDebugJniLibFolders UP-TO-DATE
> Task :media-lib-exoplayer:mergeDebugNativeLibs NO-SOURCE
> Task :media-lib-exoplayer:copyDebugJniLibsProjectOnly UP-TO-DATE
> Task :media-lib-extractor:mergeDebugJniLibFolders UP-TO-DATE
> Task :media-lib-extractor:mergeDebugNativeLibs NO-SOURCE
> Task :media-lib-extractor:copyDebugJniLibsProjectOnly UP-TO-DATE
> Task :musikr:configureCMakeDebug[arm64-v8a]
> Task :musikr:buildCMakeDebug[arm64-v8a]
> Task :musikr:configureCMakeDebug[armeabi-v7a]
> Task :musikr:buildCMakeDebug[armeabi-v7a]
> Task :musikr:configureCMakeDebug[x86]
> Task :musikr:buildCMakeDebug[x86]
> Task :musikr:configureCMakeDebug[x86_64]
> Task :musikr:buildCMakeDebug[x86_64]
> Task :musikr:mergeDebugJniLibFolders UP-TO-DATE
> Task :musikr:mergeDebugNativeLibs UP-TO-DATE
> Task :musikr:copyDebugJniLibsProjectOnly UP-TO-DATE
> Task :app:mergeTopwayTwMediaDebugNativeLibs
> Task :app:stripTopwayTwMediaDebugDebugSymbols
> Task :app:validateSigningTopwayTwMediaDebug
> Task :app:writeTopwayTwMediaDebugAppMetadata
> Task :app:writeTopwayTwMediaDebugSigningConfigVersions
> Task :app:packageTopwayTwMediaDebug
> Task :app:createTopwayTwMediaDebugApkListingFileRedirect
> Task :app:assembleTopwayTwMediaDebug
gradle/actions: Writing build results to /home/runner/work/_temp/.gradle-actions/build-results/verification-1784249669444.json

[Incubating] Problems report is available at: file:///home/runner/work/Auxio-TS/Auxio-TS/build/reports/problems/problems-report.html

Deprecated Gradle features were used in this build, making it incompatible with Gradle 10.

You can use '--warning-mode all' to show the individual deprecation warnings and determine if they come from your own scripts or plugins.

For more on this, please refer to https://docs.gradle.org/9.5.1/userguide/command_line_interface.html#sec:command_line_warnings in the Gradle documentation.

BUILD SUCCESSFUL in 1m 48s
232 actionable tasks: 45 executed, 19 from cache, 168 up-to-date
Consider enabling configuration cache to speed up this build: https://docs.gradle.org/9.5.1/userguide/configuration_cache_enabling.html
[INFO] Gradle completed successfully in 1m 49s.
headunit compat safety checks passed
OK: found docs/DOFUN_VARIETY_COMPATIBILITY.md
OK: found docs/TS18_APK_REFERENCE.md
OK: found docs/reference/ts18-apk/README.md
OK: found docs/reference/ts18-apk/reference-contracts.json
OK: found docs/reference/ts18-apk/dofun-variety/apps_match_config.music-excerpts.json
OK: found docs/reference/ts18-apk/dofun-variety/apps_config.music-excerpts.json
OK: found docs/reference/ts18-apk/dofun-variety/manifest.string-hits.txt
OK: found docs/reference/ts18-apk/twmusic/manifest.string-hits.txt
OK: found docs/reference/ts18-apk/twmusic/classes.string-hits.txt
OK: DoFun package reference: "package": "com.dofun.variety"
OK: DoFun music hotseat package reference: "package_name": "com.tw.music"
OK: DoFun music activity reference: "class_name": "com.tw.music.MusicActivity"
OK: Topway metadata broadcast reference: "com.tw.music.info"
OK: Topway progress broadcast reference: "com.tw.launcher.music_progress_duration"
OK: Topway play/pause command reference: "com.tw.music.action.pp"
OK: Cardoor remote service evidence reference: "cn.cardoor.libs.media.RemoteMediaService"
OK: forbidden TWUtil reference: "android.tw.john.TWUtil"
OK: forbidden ITWCommandAidl reference: "com.tw.service.xt.aidl.ITWCommandAidl"
OK: agent DoFun/twmusic authority section: DoFun Variety / stock twmusic compatibility authority
OK: agent package-identity exception: only dedicated, clearly named Topway/DoFun compatibility variants may install as those package IDs
OK: Copilot DoFun/twmusic authority section: DoFun Variety / stock twmusic compatibility authority
OK: docs index reference section: DoFun Variety / TS18 APK reference baseline
Result: PASS
Checking source-level DoFun/Topway compatibility expectations...

OK: Gradle standard product flavour contains standard
OK: Gradle topwayTwMusic product flavour contains topwayTwMusic
OK: Gradle topwayTwMedia product flavour contains topwayTwMedia
OK: Gradle standard applicationId contains applicationId namespace
OK: Gradle topwayTwMusic applicationId contains applicationId "com.tw.music"
OK: Gradle topwayTwMedia applicationId contains applicationId "com.tw.media"
OK: Gradle topwayTwMedia shared Java source set contains src/topwayCompat/java
OK: Gradle topwayTwMedia shared manifest contains src/topwayCompat/AndroidManifest.xml
OK: found flavour manifest: app/src/topwayCompat/AndroidManifest.xml
OK: Topway activity alias contains com.tw.music.MusicActivity
OK: Topway alias router target contains org.oxycblt.auxio.car.overlay.TopwayMusicEntryActivity
OK: Topway full-player activity contains org.oxycblt.auxio.MainActivity
OK: Topway MusicService component fallback contains com.tw.music.MusicService
OK: Topway canonical external service override contains org.oxycblt.auxio.AuxioService
OK: Topway base service browser filters removed contains tools:node="remove"
OK: Topway MusicWidgetProvider component fallback contains com.tw.music.view.MusicWidgetProvider
OK: Topway alias main action contains android.intent.action.MAIN
OK: Topway alias music action contains android.intent.action.MUSIC_PLAYER
OK: Topway alias launcher category contains android.intent.category.LAUNCHER
OK: Topway alias default category contains android.intent.category.DEFAULT
OK: Topway alias app music category contains android.intent.category.APP_MUSIC
OK: Topway flavour fallback provider must not duplicate command receiver does not contain com.tw.music.action.cmd
OK: Topway flavour fallback provider must not duplicate previous receiver does not contain com.tw.music.action.prev
OK: Topway flavour fallback provider must not duplicate next receiver does not contain com.tw.music.action.next
OK: Topway flavour fallback provider must not duplicate play-pause receiver does not contain com.tw.music.action.pp
OK: Topway flavour fallback provider must not duplicate widget progress receiver does not contain com.android.launcher.widget_music_progress
OK: manifest applicationId-scoped CoverProvider authority contains ${applicationId}.image.CoverProvider
OK: base media browser service contains android.media.browse.MediaBrowserService
OK: base Topway command receiver contains .headunit.topway.TopwayMusicBridgeReceiver
OK: Topway CoverProvider authority resource contains com.tw.music.image.CoverProvider
OK: Topway shared label resource contains >Music<
OK: Topway debug CoverProvider authority resource contains com.tw.music.debug.image.CoverProvider
OK: Topway media CoverProvider authority resource contains com.tw.media.image.CoverProvider
OK: Topway media debug CoverProvider authority resource contains com.tw.media.debug.image.CoverProvider
OK: Topway contract string: com.tw.music.info contains com.tw.music.info
OK: Topway contract string: com.tw.launcher.music_progress_duration contains com.tw.launcher.music_progress_duration
OK: Topway contract string: com.tw.music.action.cmd contains com.tw.music.action.cmd
OK: Topway contract string: com.tw.music.action.prev contains com.tw.music.action.prev
OK: Topway contract string: com.tw.music.action.next contains com.tw.music.action.next
OK: Topway contract string: com.tw.music.action.pp contains com.tw.music.action.pp
OK: Topway contract string: com.android.launcher.widget_music_progress contains com.android.launcher.widget_music_progress
OK: Topway contract string: musicTitle contains musicTitle
OK: Topway contract string: musicaArtist contains musicaArtist
OK: Topway contract string: musicAlbum contains musicAlbum
OK: Topway contract string: musicPath contains musicPath
OK: Topway contract string: msg_music_progress contains msg_music_progress
OK: Topway contract string: msg_music_duration contains msg_music_duration
OK: Topway contract string: music_progress contains music_progress
OK: central Topway launcher integration coordinator contains class TopwayLauncherIntegrationCoordinator
OK: coordinator metadata publisher contains fun publishMetadata
OK: coordinator progress publisher contains fun publishProgress
OK: coordinator incoming command handler contains fun handle
OK: coordinator DoFun-targeted broadcast path contains context.sendBroadcast(Intent(intent).setPackage(DOFUN_PACKAGE))
OK: coordinator avoids PackageManager visibility gate for DoFun targeted broadcasts does not contain getLaunchIntentForPackage(DOFUN_PACKAGE)
OK: coordinator always attempts safe DoFun targeted broadcasts does not contain isDoFunInstalled
OK: coordinator delegates widget seek conversion contains TopwaySeekPolicyConverter.convert
OK: coordinator outgoing mode gate contains mode.sendsTopwayBroadcasts
OK: coordinator incoming mode gate contains mode.handlesTopwayCommands
OK: coordinator diagnostic journal logging contains journal.log
OK: playback service injects coordinator contains TopwayLauncherIntegrationCoordinator
OK: playback service state-driven Topway publisher contains publishTopwayState
OK: playback service publishes Topway metadata contains topwayCoordinator.publishMetadata
OK: playback service publishes Topway progress contains topwayCoordinator.publishProgress
OK: playback service periodic Topway progress ticker contains startTopwayProgressTicker
OK: playback service delegates Topway commands contains topwayCoordinator.handle
OK: Topway cmd=update forced republish path contains cmd-update
OK: playback service clears Topway launcher state contains topwayCoordinator.clear
OK: launcher integration auto/all-safe-paths mode contains AutoAllSafePaths
OK: launcher integration diagnostics-only mode contains DiagnosticsOnly
OK: launcher integration outgoing mode flag contains sendsTopwayBroadcasts
OK: launcher integration incoming mode flag contains handlesTopwayCommands
OK: Topway seek percent policy contains Percent0To100
OK: Topway seek permille policy contains Permille0To1000
OK: Topway seek auto policy contains private fun chooseAuto
OK: Topway seek auto checks percent before milliseconds contains value <= 100L -> TopwaySeekUnitPolicy.Percent0To100
OK: Topway seek auto checks permille before milliseconds contains value <= 1000L -> TopwaySeekUnitPolicy.Permille0To1000
OK: Topway seek auto unit tests contains TopwaySeekUnitPolicy.Auto
OK: Topway launcher mode gating tests contains AutoAllSafePaths
OK: Topway coordinator tests assert DoFun-targeted broadcasts contains countDofunTargeted
OK: Topway coordinator tests define implicit broadcast counter contains private fun List<Intent>.countImplicit
OK: Topway coordinator tests define DoFun-targeted broadcast counter contains private fun List<Intent>.countDofunTargeted
OK: Topway cmd=update republish test contains cmd update republishes without toggling playback
OK: Topway ignored negative seek has null target assertion contains assertNull(negative.seekTargetMs)
OK: playback service tracks Topway progress ticker job contains private var topwayProgressTickerJob: Job? = null
OK: WidgetComponent is not the canonical launcher broadcast bridge does not contain TopwayMusicBroadcastBridge
OK: WidgetComponent no longer owns launcher metadata broadcasts does not contain topwayBridge.publishMetadata
OK: WidgetComponent no longer owns launcher progress broadcasts does not contain topwayBridge.publishProgress
OK: Topway flavour build flag contains buildConfigField "boolean", "TOPWAY_TWMUSIC_FLAVOR", "true"
OK: Topway media flavour build flag contains buildConfigField "boolean", "TOPWAY_TWMEDIA_FLAVOR", "true"
OK: Topway shared compat build flag contains buildConfigField "boolean", "TOPWAY_COMPAT_FLAVOR", "true"
OK: Topway compatible bridge always enabled contains BuildConfig.TOPWAY_COMPAT_FLAVOR
OK: Topway widget provider wrapper policy contains com.tw.music.view.MusicWidgetProvider
OK: Topway widget onUpdate starts stock-name service update path contains startTopwayWidgetUpdateService
OK: Topway widget renders cold control layout before service restore contains renderColdWidgetControls
OK: Topway widget preserves stock appWidgetIds extra contains EXTRA_APP_WIDGET_IDS = "appWidgetIds"
OK: Topway widget album art opens stock activity alias contains STOCK_MUSIC_ACTIVITY_CLASS = "com.tw.music.MusicActivity"
OK: Topway widget enforces stock artwork byte cap contains STOCK_WIDGET_ARTWORK_MAX_BYTES = 3_680_000
OK: Topway widget album art PendingIntent opens activity contains PendingIntent.getActivity
OK: System receiver handles Topway widget updates contains TopwayWidgetProviderPolicy.shouldHandleTopwayUpdate
OK: Topway bridge receiver sanitises malformed extras contains safelyExtractIncomingExtras
OK: overlay special-use API gate contains Build.VERSION_CODES.UPSIDE_DOWN_CAKE
OK: overlay special-use foreground type contains ServiceInfo.FOREGROUND_SERVICE_TYPE_SPECIAL_USE
OK: overlay manifest declares specialUse for API 34+ forward compatibility contains android:foregroundServiceType="specialUse"
OK: overlay manifest declares FOREGROUND_SERVICE_SPECIAL_USE for API 34+ forward compatibility contains FOREGROUND_SERVICE_SPECIAL_USE
OK: overlay requests full-screen layout contains FLAG_LAYOUT_IN_SCREEN
OK: overlay requests no-limits layout contains FLAG_LAYOUT_NO_LIMITS
OK: overlay top-edge clamp contains DEFAULT_TOP_EDGE_Y = 0
OK: overlay Android 10 full-display metrics fallback contains getRealSize
OK: overlay service old status-bar inset clamp does not contain STATUS_BAR_INSET_PX
OK: overlay service old right-nav inset clamp does not contain NAV_BAR_INSET_PX
OK: overlay API 29 foreground-service type test contains foregroundServiceTypeForApi(29)
OK: overlay dynamic top-center bounds test contains defaultTopCenterPosition
OK: overlay top-edge y=0 test contains assertEquals(0, y)
OK: Topway MusicService Hilt entry point contains AndroidEntryPoint
OK: Topway MusicService delegates to AuxioService contains AuxioService
OK: Topway MusicWidgetProvider update fallback contains CMD_UPDATE
OK: Topway MusicWidgetProvider safe extras extraction contains safelyExtractIncomingExtras
OK: Topway MusicWidgetProvider single appwidget update path contains AppWidgetManager.ACTION_APPWIDGET_UPDATE
OK: Topway update bypasses AppWidget-only gate contains topwayVariantsServeUpdateEvenWithoutNormalAppWidgetInstance
OK: manual release builds Topway music release contains assembleTopwayTwMusicRelease
OK: manual release builds Topway media release contains assembleTopwayTwMediaRelease
OK: manual release names Topway music APK asset contains topway-twmusic-release.apk
OK: manual release names Topway media APK asset contains topway-twmedia-release.apk

Checking generated merged manifests when present...
WARN: one or more merged manifests are absent; run ./gradlew :app:processStandardDebugMainManifest :app:processTopwayTwMusicDebugMainManifest :app:processTopwayTwMusicReleaseMainManifest :app:processTopwayTwMediaDebugMainManifest :app:processTopwayTwMediaReleaseMainManifest for output-level checks

Checking manifest-declared Topway component class packaging guardrail...
Checking Topway manifest-declared component classes...

WARN: merged manifest absent for topwayTwMusicRelease
WARN: merged manifest absent for topwayTwMediaRelease
OK: topwayCompat source manifest declares all required loadable wrapper/overlay classes
OK: topwayCompat source manifest routes com.tw.music.MusicActivity through TopwayMusicEntryActivity
OK: source exists for manifest loadable class com.tw.music.MusicService
OK: source exists for manifest loadable class com.tw.music.view.MusicWidgetProvider
OK: source exists for manifest loadable class org.oxycblt.auxio.MainActivity
OK: source exists for manifest loadable class org.oxycblt.auxio.car.overlay.CarFloatingControlsService
OK: source exists for manifest loadable class org.oxycblt.auxio.car.overlay.CarOverlayBootReceiver
OK: source exists for manifest loadable class org.oxycblt.auxio.car.overlay.CarOverlayPermissionActivity
OK: source exists for manifest loadable class org.oxycblt.auxio.car.overlay.TopwayMusicEntryActivity
OK: topwayTwMusicDebug merged manifest package is com.tw.music.debug
OK: topwayTwMusicDebug merged manifest declares all required loadable classes
OK: topwayTwMusicDebug merged manifest aliases com.tw.music.MusicActivity to TopwayMusicEntryActivity
OK: topwayTwMediaDebug merged manifest package is com.tw.media.debug
OK: topwayTwMediaDebug merged manifest declares all required loadable classes
OK: topwayTwMediaDebug merged manifest aliases com.tw.music.MusicActivity to TopwayMusicEntryActivity
OK: topwayTwMusicDebug APK contains DEX entries: classes.dex, classes10.dex, classes11.dex, classes12.dex, classes13.dex, classes14.dex, classes15.dex, classes16.dex, classes17.dex, classes18.dex, classes19.dex, classes2.dex, classes20.dex, classes21.dex, classes22.dex, classes23.dex, classes24.dex, classes25.dex, classes26.dex, classes27.dex, classes28.dex, classes29.dex, classes3.dex, classes30.dex, classes31.dex, classes32.dex, classes33.dex, classes34.dex, classes35.dex, classes4.dex, classes5.dex, classes6.dex, classes7.dex, classes8.dex, classes9.dex
OK: topwayTwMusicDebug APK DEX contains loadable class com.tw.music.MusicService
OK: topwayTwMusicDebug APK DEX contains loadable class com.tw.music.view.MusicWidgetProvider
OK: topwayTwMusicDebug APK DEX contains loadable class org.oxycblt.auxio.MainActivity
OK: topwayTwMusicDebug APK DEX contains loadable class org.oxycblt.auxio.car.overlay.CarFloatingControlsService
OK: topwayTwMusicDebug APK DEX contains loadable class org.oxycblt.auxio.car.overlay.CarOverlayBootReceiver
OK: topwayTwMusicDebug APK DEX contains loadable class org.oxycblt.auxio.car.overlay.CarOverlayPermissionActivity
OK: topwayTwMusicDebug APK DEX contains loadable class org.oxycblt.auxio.car.overlay.TopwayMusicEntryActivity
OK: topwayTwMusicDebug APK uses com.tw.music.MusicActivity as an activity-alias; no class is required
OK: topwayTwMediaDebug APK contains DEX entries: classes.dex, classes10.dex, classes11.dex, classes12.dex, classes13.dex, classes14.dex, classes15.dex, classes16.dex, classes17.dex, classes18.dex, classes19.dex, classes2.dex, classes20.dex, classes21.dex, classes22.dex, classes23.dex, classes24.dex, classes25.dex, classes26.dex, classes27.dex, classes28.dex, classes29.dex, classes3.dex, classes30.dex, classes31.dex, classes32.dex, classes33.dex, classes34.dex, classes35.dex, classes4.dex, classes5.dex, classes6.dex, classes7.dex, classes8.dex, classes9.dex
OK: topwayTwMediaDebug APK DEX contains loadable class com.tw.music.MusicService
OK: topwayTwMediaDebug APK DEX contains loadable class com.tw.music.view.MusicWidgetProvider
OK: topwayTwMediaDebug APK DEX contains loadable class org.oxycblt.auxio.MainActivity
OK: topwayTwMediaDebug APK DEX contains loadable class org.oxycblt.auxio.car.overlay.CarFloatingControlsService
OK: topwayTwMediaDebug APK DEX contains loadable class org.oxycblt.auxio.car.overlay.CarOverlayBootReceiver
OK: topwayTwMediaDebug APK DEX contains loadable class org.oxycblt.auxio.car.overlay.CarOverlayPermissionActivity
OK: topwayTwMediaDebug APK DEX contains loadable class org.oxycblt.auxio.car.overlay.TopwayMusicEntryActivity
OK: topwayTwMediaDebug APK uses com.tw.music.MusicActivity as an activity-alias; no class is required

Result: PASS with warnings (1 warning(s))

Checking built APK presence when present...
Running in full compatibility mode. All release APK variants are expected if any are built.
OK: found standard debug APK: app/build/outputs/apk/standard/debug/app-standard-debug.apk
OK: found Topway music debug APK: app/build/outputs/apk/topwayTwMusic/debug/app-topwayTwMusic-debug.apk
OK: found Topway media debug APK: app/build/outputs/apk/topwayTwMedia/debug/app-topwayTwMedia-debug.apk
OK: standardDebug APK application id is org.oxycblt.auxio.debug
OK: topwayTwMusicDebug APK application id is com.tw.music.debug
OK: topwayTwMusicDebug APK manifest has com.tw.music.MusicActivity
OK: topwayTwMusicDebug APK alias targets the Topway entry router
OK: topwayTwMusicDebug APK alias has MAIN action
OK: topwayTwMusicDebug APK alias has MUSIC_PLAYER action
OK: topwayTwMusicDebug APK alias has DEFAULT category
OK: topwayTwMusicDebug APK alias has LAUNCHER category
OK: topwayTwMusicDebug APK alias has APP_MUSIC category
OK: topwayTwMusicDebug APK manifest has MediaBrowserService
OK: topwayTwMusicDebug APK manifest has applicationId CoverProvider authority
OK: topwayTwMusicDebug APK manifest has com.tw.music.MusicService fallback
OK: topwayTwMusicDebug APK manifest has com.tw.music.view.MusicWidgetProvider fallback
OK: topwayTwMediaDebug APK application id is com.tw.media.debug
OK: topwayTwMediaDebug APK manifest has com.tw.music.MusicActivity
OK: topwayTwMediaDebug APK alias targets the Topway entry router
OK: topwayTwMediaDebug APK alias has MAIN action
OK: topwayTwMediaDebug APK alias has MUSIC_PLAYER action
OK: topwayTwMediaDebug APK alias has DEFAULT category
OK: topwayTwMediaDebug APK alias has LAUNCHER category
OK: topwayTwMediaDebug APK alias has APP_MUSIC category
OK: topwayTwMediaDebug APK manifest has MediaBrowserService
OK: topwayTwMediaDebug APK manifest has applicationId CoverProvider authority
OK: topwayTwMediaDebug APK manifest has com.tw.music.MusicService fallback
OK: topwayTwMediaDebug APK manifest has com.tw.music.view.MusicWidgetProvider fallback

Result: PASS

VERIFICATION_EXIT_CODE=0
