[INFO] Running Gradle command:
  ./gradlew  --no-daemon  --stacktrace  --console=plain  --build-cache  --warning-mode  summary  :musikr:compileDebugKotlin  :app:compileStandardDebugKotlin
To honour the JVM settings for this build a single-use Daemon process will be forked. For more on this, please refer to https://docs.gradle.org/9.5.1/userguide/gradle_daemon.html#sec:disabling_the_daemon in the Gradle documentation.
Daemon will be stopped at the end of the build 

> Task :musikr:assembleTaglib
Working directory is at /home/runner/work/Auxio-TS/Auxio-TS/musikr/src/main/cpp
Taglib source is at /home/runner/work/Auxio-TS/Auxio-TS/musikr/src/main/cpp/taglib
Taglib build is at /home/runner/work/Auxio-TS/Auxio-TS/musikr/src/main/cpp/taglib/build
Taglib package is at /home/runner/work/Auxio-TS/Auxio-TS/musikr/src/main/cpp/taglib/pkg
NDK toolchain is at /home/runner/work/Auxio-TS/Auxio-TS/musikr/src/main/cpp/android.toolchain.cmake
NDK path is at /usr/local/lib/android/sdk/ndk/28.2.13676358
-- Android: Targeting API '21' with architecture 'x86', ABI 'x86', and processor 'i686'
-- Android: Selected unified Clang toolchain
-- The C compiler identification is Clang 19.0.1
-- The CXX compiler identification is Clang 19.0.1
-- Detecting C compiler ABI info
-- Detecting C compiler ABI info - done
-- Check for working C compiler: /usr/local/lib/android/sdk/ndk/28.2.13676358/toolchains/llvm/prebuilt/linux-x86_64/bin/clang - skipped
-- Detecting C compile features
-- Detecting C compile features - done
-- Detecting CXX compiler ABI info
-- Detecting CXX compiler ABI info - done
-- Check for working CXX compiler: /usr/local/lib/android/sdk/ndk/28.2.13676358/toolchains/llvm/prebuilt/linux-x86_64/bin/clang++ - skipped
-- Detecting CXX compile features
-- Detecting CXX compile features - done
-- Looking for sys/types.h
-- Looking for sys/types.h - found
-- Looking for stdint.h
-- Looking for stdint.h - found
-- Looking for stddef.h
-- Looking for stddef.h - found
-- Check size of short
-- Check size of short - done
-- Check size of int
-- Check size of int - done
-- Check size of long long
-- Check size of long long - done
-- Check size of wchar_t
-- Check size of wchar_t - done
-- Check size of float
-- Check size of float - done
-- Check size of double
-- Check size of double - done
-- Performing Test HAVE_GCC_BYTESWAP
-- Performing Test HAVE_GCC_BYTESWAP - Success
-- Performing Test HAVE_ISO_STRDUP
-- Performing Test HAVE_ISO_STRDUP - Failed
-- Could NOT find utf8cpp (missing: utf8cpp_INCLUDE_DIR) 
-- Using utfcpp from /home/runner/work/Auxio-TS/Auxio-TS/musikr/src/main/cpp/taglib/3rdparty/utfcpp
-- 
-- Configuring done (9.5s)
-- Generating done (0.0s)
-- Build files have been written to: /home/runner/work/Auxio-TS/Auxio-TS/musikr/src/main/cpp/taglib/build/x86
[  0%] Building CXX object taglib/CMakeFiles/tag.dir/mpeg/mpegfile.cpp.o
[  1%] Building CXX object taglib/CMakeFiles/tag.dir/mpeg/mpegproperties.cpp.o
[  2%] Building CXX object taglib/CMakeFiles/tag.dir/mpeg/mpegheader.cpp.o
[  3%] Building CXX object taglib/CMakeFiles/tag.dir/mpeg/xingheader.cpp.o
[INFO] Gradle still running: 0m 30s elapsed; no output for 3s
[  4%] Building CXX object taglib/CMakeFiles/tag.dir/mpeg/id3v1/id3v1tag.cpp.o
[  5%] Building CXX object taglib/CMakeFiles/tag.dir/mpeg/id3v1/id3v1genres.cpp.o
[  5%] Building CXX object taglib/CMakeFiles/tag.dir/mpeg/id3v2/id3v2framefactory.cpp.o
[  6%] Building CXX object taglib/CMakeFiles/tag.dir/mpeg/id3v2/id3v2synchdata.cpp.o
[  7%] Building CXX object taglib/CMakeFiles/tag.dir/mpeg/id3v2/id3v2tag.cpp.o
[  8%] Building CXX object taglib/CMakeFiles/tag.dir/mpeg/id3v2/id3v2header.cpp.o
[  9%] Building CXX object taglib/CMakeFiles/tag.dir/mpeg/id3v2/id3v2frame.cpp.o
[ 10%] Building CXX object taglib/CMakeFiles/tag.dir/mpeg/id3v2/id3v2footer.cpp.o
[ 11%] Building CXX object taglib/CMakeFiles/tag.dir/mpeg/id3v2/id3v2extendedheader.cpp.o
[ 11%] Building CXX object taglib/CMakeFiles/tag.dir/mpeg/id3v2/frames/attachedpictureframe.cpp.o
[ 12%] Building CXX object taglib/CMakeFiles/tag.dir/mpeg/id3v2/frames/commentsframe.cpp.o
[ 13%] Building CXX object taglib/CMakeFiles/tag.dir/mpeg/id3v2/frames/eventtimingcodesframe.cpp.o
[ 14%] Building CXX object taglib/CMakeFiles/tag.dir/mpeg/id3v2/frames/generalencapsulatedobjectframe.cpp.o
[ 15%] Building CXX object taglib/CMakeFiles/tag.dir/mpeg/id3v2/frames/ownershipframe.cpp.o
[ 16%] Building CXX object taglib/CMakeFiles/tag.dir/mpeg/id3v2/frames/popularimeterframe.cpp.o
[ 16%] Building CXX object taglib/CMakeFiles/tag.dir/mpeg/id3v2/frames/privateframe.cpp.o
[ 17%] Building CXX object taglib/CMakeFiles/tag.dir/mpeg/id3v2/frames/relativevolumeframe.cpp.o
[ 18%] Building CXX object taglib/CMakeFiles/tag.dir/mpeg/id3v2/frames/synchronizedlyricsframe.cpp.o
[ 19%] Building CXX object taglib/CMakeFiles/tag.dir/mpeg/id3v2/frames/textidentificationframe.cpp.o
[ 20%] Building CXX object taglib/CMakeFiles/tag.dir/mpeg/id3v2/frames/uniquefileidentifierframe.cpp.o
[ 21%] Building CXX object taglib/CMakeFiles/tag.dir/mpeg/id3v2/frames/unknownframe.cpp.o
[ 22%] Building CXX object taglib/CMakeFiles/tag.dir/mpeg/id3v2/frames/unsynchronizedlyricsframe.cpp.o
[ 22%] Building CXX object taglib/CMakeFiles/tag.dir/mpeg/id3v2/frames/urllinkframe.cpp.o
[ 23%] Building CXX object taglib/CMakeFiles/tag.dir/mpeg/id3v2/frames/chapterframe.cpp.o
[ 24%] Building CXX object taglib/CMakeFiles/tag.dir/mpeg/id3v2/frames/tableofcontentsframe.cpp.o
[ 25%] Building CXX object taglib/CMakeFiles/tag.dir/mpeg/id3v2/frames/podcastframe.cpp.o
[ 26%] Building CXX object taglib/CMakeFiles/tag.dir/ogg/oggfile.cpp.o
[ 27%] Building CXX object taglib/CMakeFiles/tag.dir/ogg/oggpage.cpp.o
[ 27%] Building CXX object taglib/CMakeFiles/tag.dir/ogg/oggpageheader.cpp.o
[ 28%] Building CXX object taglib/CMakeFiles/tag.dir/ogg/xiphcomment.cpp.o
[ 29%] Building CXX object taglib/CMakeFiles/tag.dir/ogg/vorbis/vorbisfile.cpp.o
[ 30%] Building CXX object taglib/CMakeFiles/tag.dir/ogg/vorbis/vorbisproperties.cpp.o
[ 31%] Building CXX object taglib/CMakeFiles/tag.dir/ogg/flac/oggflacfile.cpp.o
[ 32%] Building CXX object taglib/CMakeFiles/tag.dir/toolkit/tstring.cpp.o
[ 33%] Building CXX object taglib/CMakeFiles/tag.dir/toolkit/tstringlist.cpp.o
[ 33%] Building CXX object taglib/CMakeFiles/tag.dir/toolkit/tbytevector.cpp.o
[ 34%] Building CXX object taglib/CMakeFiles/tag.dir/toolkit/tbytevectorlist.cpp.o
[ 35%] Building CXX object taglib/CMakeFiles/tag.dir/toolkit/tvariant.cpp.o
[ 36%] Building CXX object taglib/CMakeFiles/tag.dir/toolkit/tbytevectorstream.cpp.o
[ 37%] Building CXX object taglib/CMakeFiles/tag.dir/toolkit/tiostream.cpp.o
[ 38%] Building CXX object taglib/CMakeFiles/tag.dir/toolkit/tfile.cpp.o
[ 38%] Building CXX object taglib/CMakeFiles/tag.dir/toolkit/tfilestream.cpp.o
[ 39%] Building CXX object taglib/CMakeFiles/tag.dir/toolkit/tdebug.cpp.o
[ 40%] Building CXX object taglib/CMakeFiles/tag.dir/toolkit/tpicturetype.cpp.o
[ 41%] Building CXX object taglib/CMakeFiles/tag.dir/toolkit/tpropertymap.cpp.o
[ 42%] Building CXX object taglib/CMakeFiles/tag.dir/toolkit/tdebuglistener.cpp.o
[ 43%] Building CXX object taglib/CMakeFiles/tag.dir/toolkit/tzlib.cpp.o
[ 44%] Building CXX object taglib/CMakeFiles/tag.dir/toolkit/tversionnumber.cpp.o
[ 44%] Building CXX object taglib/CMakeFiles/tag.dir/flac/flacfile.cpp.o
[ 45%] Building CXX object taglib/CMakeFiles/tag.dir/flac/flacpicture.cpp.o
[ 46%] Building CXX object taglib/CMakeFiles/tag.dir/flac/flacproperties.cpp.o
[ 47%] Building CXX object taglib/CMakeFiles/tag.dir/flac/flacmetadatablock.cpp.o
[ 48%] Building CXX object taglib/CMakeFiles/tag.dir/flac/flacunknownmetadatablock.cpp.o
[ 49%] Building CXX object taglib/CMakeFiles/tag.dir/ogg/speex/speexfile.cpp.o
[ 50%] Building CXX object taglib/CMakeFiles/tag.dir/ogg/speex/speexproperties.cpp.o
[ 50%] Building CXX object taglib/CMakeFiles/tag.dir/riff/rifffile.cpp.o
[ 51%] Building CXX object taglib/CMakeFiles/tag.dir/riff/aiff/aifffile.cpp.o
[ 52%] Building CXX object taglib/CMakeFiles/tag.dir/riff/aiff/aiffproperties.cpp.o
[ 53%] Building CXX object taglib/CMakeFiles/tag.dir/riff/wav/wavfile.cpp.o
[ 54%] Building CXX object taglib/CMakeFiles/tag.dir/riff/wav/wavproperties.cpp.o
[ 55%] Building CXX object taglib/CMakeFiles/tag.dir/riff/wav/infotag.cpp.o
[ 55%] Building CXX object taglib/CMakeFiles/tag.dir/mp4/mp4file.cpp.o
[ 56%] Building CXX object taglib/CMakeFiles/tag.dir/mp4/mp4atom.cpp.o
[ 57%] Building CXX object taglib/CMakeFiles/tag.dir/mp4/mp4tag.cpp.o
[ 58%] Building CXX object taglib/CMakeFiles/tag.dir/mp4/mp4item.cpp.o
[ 59%] Building CXX object taglib/CMakeFiles/tag.dir/mp4/mp4properties.cpp.o
[ 60%] Building CXX object taglib/CMakeFiles/tag.dir/mp4/mp4coverart.cpp.o
[ 61%] Building CXX object taglib/CMakeFiles/tag.dir/mp4/mp4stem.cpp.o
[ 61%] Building CXX object taglib/CMakeFiles/tag.dir/mp4/mp4itemfactory.cpp.o
[ 62%] Building CXX object taglib/CMakeFiles/tag.dir/mp4/mp4chapter.cpp.o
[ 63%] Building CXX object taglib/CMakeFiles/tag.dir/mp4/mp4nerochapterlist.cpp.o
[ 64%] Building CXX object taglib/CMakeFiles/tag.dir/mp4/mp4qtchapterlist.cpp.o
[ 65%] Building CXX object taglib/CMakeFiles/tag.dir/ogg/opus/opusfile.cpp.o
[ 66%] Building CXX object taglib/CMakeFiles/tag.dir/ogg/opus/opusproperties.cpp.o
[ 66%] Building CXX object taglib/CMakeFiles/tag.dir/dsf/dsffile.cpp.o
[ 67%] Building CXX object taglib/CMakeFiles/tag.dir/dsf/dsfproperties.cpp.o
[ 68%] Building CXX object taglib/CMakeFiles/tag.dir/dsdiff/dsdifffile.cpp.o
[ 69%] Building CXX object taglib/CMakeFiles/tag.dir/dsdiff/dsdiffproperties.cpp.o
[ 70%] Building CXX object taglib/CMakeFiles/tag.dir/dsdiff/dsdiffdiintag.cpp.o
[ 71%] Building CXX object taglib/CMakeFiles/tag.dir/matroska/matroskaattachedfile.cpp.o
[ 72%] Building CXX object taglib/CMakeFiles/tag.dir/matroska/matroskaattachments.cpp.o
[ 72%] Building CXX object taglib/CMakeFiles/tag.dir/matroska/matroskachapter.cpp.o
[ 73%] Building CXX object taglib/CMakeFiles/tag.dir/matroska/matroskachapteredition.cpp.o
[ 74%] Building CXX object taglib/CMakeFiles/tag.dir/matroska/matroskachapters.cpp.o
[ 75%] Building CXX object taglib/CMakeFiles/tag.dir/matroska/matroskacues.cpp.o
[ 76%] Building CXX object taglib/CMakeFiles/tag.dir/matroska/matroskaelement.cpp.o
[ 77%] Building CXX object taglib/CMakeFiles/tag.dir/matroska/matroskafile.cpp.o
[ 77%] Building CXX object taglib/CMakeFiles/tag.dir/matroska/matroskaproperties.cpp.o
[ 78%] Building CXX object taglib/CMakeFiles/tag.dir/matroska/matroskaseekhead.cpp.o
[ 79%] Building CXX object taglib/CMakeFiles/tag.dir/matroska/matroskasegment.cpp.o
[ 80%] Building CXX object taglib/CMakeFiles/tag.dir/matroska/matroskasimpletag.cpp.o
[ 81%] Building CXX object taglib/CMakeFiles/tag.dir/matroska/matroskatag.cpp.o
[ 82%] Building CXX object taglib/CMakeFiles/tag.dir/matroska/ebml/ebmlbinaryelement.cpp.o
[ 83%] Building CXX object taglib/CMakeFiles/tag.dir/matroska/ebml/ebmlelement.cpp.o
[ 83%] Building CXX object taglib/CMakeFiles/tag.dir/matroska/ebml/ebmlmasterelement.cpp.o
[ 84%] Building CXX object taglib/CMakeFiles/tag.dir/matroska/ebml/ebmlmkattachments.cpp.o
[ 85%] Building CXX object taglib/CMakeFiles/tag.dir/matroska/ebml/ebmlmkchapters.cpp.o
[ 86%] Building CXX object taglib/CMakeFiles/tag.dir/matroska/ebml/ebmlmkcues.cpp.o
[ 87%] Building CXX object taglib/CMakeFiles/tag.dir/matroska/ebml/ebmlmkseekhead.cpp.o
[ 88%] Building CXX object taglib/CMakeFiles/tag.dir/matroska/ebml/ebmlmksegment.cpp.o
[ 88%] Building CXX object taglib/CMakeFiles/tag.dir/matroska/ebml/ebmlmkinfo.cpp.o
[ 89%] Building CXX object taglib/CMakeFiles/tag.dir/matroska/ebml/ebmlmktracks.cpp.o
[ 90%] Building CXX object taglib/CMakeFiles/tag.dir/matroska/ebml/ebmlmktags.cpp.o
[ 91%] Building CXX object taglib/CMakeFiles/tag.dir/matroska/ebml/ebmlstringelement.cpp.o
[ 92%] Building CXX object taglib/CMakeFiles/tag.dir/matroska/ebml/ebmluintelement.cpp.o
[ 93%] Building CXX object taglib/CMakeFiles/tag.dir/matroska/ebml/ebmlfloatelement.cpp.o
[ 94%] Building CXX object taglib/CMakeFiles/tag.dir/matroska/ebml/ebmlutils.cpp.o
[ 94%] Building CXX object taglib/CMakeFiles/tag.dir/matroska/ebml/ebmlvoidelement.cpp.o
[ 95%] Building CXX object taglib/CMakeFiles/tag.dir/tag.cpp.o
[ 96%] Building CXX object taglib/CMakeFiles/tag.dir/tagunion.cpp.o
[INFO] Gradle still running: 1m 00s elapsed; no output for 1s
[ 97%] Building CXX object taglib/CMakeFiles/tag.dir/fileref.cpp.o
[ 98%] Building CXX object taglib/CMakeFiles/tag.dir/audioproperties.cpp.o
[ 99%] Building CXX object taglib/CMakeFiles/tag.dir/tagutils.cpp.o
[100%] Linking CXX static library libtag.a
[100%] Built target tag
-- Installing: /home/runner/work/Auxio-TS/Auxio-TS/musikr/src/main/cpp/taglib/pkg/x86/bin/taglib-config
-- Installing: /home/runner/work/Auxio-TS/Auxio-TS/musikr/src/main/cpp/taglib/pkg/x86/lib/pkgconfig/taglib.pc
-- Installing: /home/runner/work/Auxio-TS/Auxio-TS/musikr/src/main/cpp/taglib/pkg/x86/share/utf8cpp/cmake/utf8cppTargets.cmake
-- Installing: /home/runner/work/Auxio-TS/Auxio-TS/musikr/src/main/cpp/taglib/pkg/x86/share/utf8cpp/cmake/utf8cppConfig.cmake
-- Installing: /home/runner/work/Auxio-TS/Auxio-TS/musikr/src/main/cpp/taglib/pkg/x86/share/utf8cpp/cmake/utf8cppConfigVersion.cmake
-- Installing: /home/runner/work/Auxio-TS/Auxio-TS/musikr/src/main/cpp/taglib/pkg/x86/include/utf8cpp/utf8.h
-- Installing: /home/runner/work/Auxio-TS/Auxio-TS/musikr/src/main/cpp/taglib/pkg/x86/include/utf8cpp/utf8
-- Installing: /home/runner/work/Auxio-TS/Auxio-TS/musikr/src/main/cpp/taglib/pkg/x86/include/utf8cpp/utf8/core.h
-- Installing: /home/runner/work/Auxio-TS/Auxio-TS/musikr/src/main/cpp/taglib/pkg/x86/include/utf8cpp/utf8/unchecked.h
-- Installing: /home/runner/work/Auxio-TS/Auxio-TS/musikr/src/main/cpp/taglib/pkg/x86/include/utf8cpp/utf8/checked.h
-- Installing: /home/runner/work/Auxio-TS/Auxio-TS/musikr/src/main/cpp/taglib/pkg/x86/include/utf8cpp/utf8/cpp17.h
-- Installing: /home/runner/work/Auxio-TS/Auxio-TS/musikr/src/main/cpp/taglib/pkg/x86/include/utf8cpp/utf8/cpp20.h
-- Installing: /home/runner/work/Auxio-TS/Auxio-TS/musikr/src/main/cpp/taglib/pkg/x86/include/utf8cpp/utf8/cpp11.h
-- Installing: /home/runner/work/Auxio-TS/Auxio-TS/musikr/src/main/cpp/taglib/pkg/x86/lib/libtag.a
-- Installing: /home/runner/work/Auxio-TS/Auxio-TS/musikr/src/main/cpp/taglib/pkg/x86/include/taglib/tag.h
-- Installing: /home/runner/work/Auxio-TS/Auxio-TS/musikr/src/main/cpp/taglib/pkg/x86/include/taglib/fileref.h
-- Installing: /home/runner/work/Auxio-TS/Auxio-TS/musikr/src/main/cpp/taglib/pkg/x86/include/taglib/audioproperties.h
-- Installing: /home/runner/work/Auxio-TS/Auxio-TS/musikr/src/main/cpp/taglib/pkg/x86/include/taglib/taglib_export.h
-- Installing: /home/runner/work/Auxio-TS/Auxio-TS/musikr/src/main/cpp/taglib/pkg/x86/include/taglib/taglib_config.h
-- Installing: /home/runner/work/Auxio-TS/Auxio-TS/musikr/src/main/cpp/taglib/pkg/x86/include/taglib/taglib.h
-- Installing: /home/runner/work/Auxio-TS/Auxio-TS/musikr/src/main/cpp/taglib/pkg/x86/include/taglib/tstring.h
-- Installing: /home/runner/work/Auxio-TS/Auxio-TS/musikr/src/main/cpp/taglib/pkg/x86/include/taglib/tlist.h
-- Installing: /home/runner/work/Auxio-TS/Auxio-TS/musikr/src/main/cpp/taglib/pkg/x86/include/taglib/tlist.tcc
-- Installing: /home/runner/work/Auxio-TS/Auxio-TS/musikr/src/main/cpp/taglib/pkg/x86/include/taglib/tstringlist.h
-- Installing: /home/runner/work/Auxio-TS/Auxio-TS/musikr/src/main/cpp/taglib/pkg/x86/include/taglib/tbytevector.h
-- Installing: /home/runner/work/Auxio-TS/Auxio-TS/musikr/src/main/cpp/taglib/pkg/x86/include/taglib/tbytevectorlist.h
-- Installing: /home/runner/work/Auxio-TS/Auxio-TS/musikr/src/main/cpp/taglib/pkg/x86/include/taglib/tvariant.h
-- Installing: /home/runner/work/Auxio-TS/Auxio-TS/musikr/src/main/cpp/taglib/pkg/x86/include/taglib/tbytevectorstream.h
-- Installing: /home/runner/work/Auxio-TS/Auxio-TS/musikr/src/main/cpp/taglib/pkg/x86/include/taglib/tiostream.h
-- Installing: /home/runner/work/Auxio-TS/Auxio-TS/musikr/src/main/cpp/taglib/pkg/x86/include/taglib/tfile.h
-- Installing: /home/runner/work/Auxio-TS/Auxio-TS/musikr/src/main/cpp/taglib/pkg/x86/include/taglib/tfilestream.h
-- Installing: /home/runner/work/Auxio-TS/Auxio-TS/musikr/src/main/cpp/taglib/pkg/x86/include/taglib/tmap.h
-- Installing: /home/runner/work/Auxio-TS/Auxio-TS/musikr/src/main/cpp/taglib/pkg/x86/include/taglib/tmap.tcc
-- Installing: /home/runner/work/Auxio-TS/Auxio-TS/musikr/src/main/cpp/taglib/pkg/x86/include/taglib/tpicturetype.h
-- Installing: /home/runner/work/Auxio-TS/Auxio-TS/musikr/src/main/cpp/taglib/pkg/x86/include/taglib/tpropertymap.h
-- Installing: /home/runner/work/Auxio-TS/Auxio-TS/musikr/src/main/cpp/taglib/pkg/x86/include/taglib/tdebuglistener.h
-- Installing: /home/runner/work/Auxio-TS/Auxio-TS/musikr/src/main/cpp/taglib/pkg/x86/include/taglib/tversionnumber.h
-- Installing: /home/runner/work/Auxio-TS/Auxio-TS/musikr/src/main/cpp/taglib/pkg/x86/include/taglib/mpegfile.h
-- Installing: /home/runner/work/Auxio-TS/Auxio-TS/musikr/src/main/cpp/taglib/pkg/x86/include/taglib/mpegproperties.h
-- Installing: /home/runner/work/Auxio-TS/Auxio-TS/musikr/src/main/cpp/taglib/pkg/x86/include/taglib/mpegheader.h
-- Installing: /home/runner/work/Auxio-TS/Auxio-TS/musikr/src/main/cpp/taglib/pkg/x86/include/taglib/xingheader.h
-- Installing: /home/runner/work/Auxio-TS/Auxio-TS/musikr/src/main/cpp/taglib/pkg/x86/include/taglib/id3v1tag.h
-- Installing: /home/runner/work/Auxio-TS/Auxio-TS/musikr/src/main/cpp/taglib/pkg/x86/include/taglib/id3v1genres.h
-- Installing: /home/runner/work/Auxio-TS/Auxio-TS/musikr/src/main/cpp/taglib/pkg/x86/include/taglib/id3v2.h
-- Installing: /home/runner/work/Auxio-TS/Auxio-TS/musikr/src/main/cpp/taglib/pkg/x86/include/taglib/id3v2extendedheader.h
-- Installing: /home/runner/work/Auxio-TS/Auxio-TS/musikr/src/main/cpp/taglib/pkg/x86/include/taglib/id3v2frame.h
-- Installing: /home/runner/work/Auxio-TS/Auxio-TS/musikr/src/main/cpp/taglib/pkg/x86/include/taglib/id3v2header.h
-- Installing: /home/runner/work/Auxio-TS/Auxio-TS/musikr/src/main/cpp/taglib/pkg/x86/include/taglib/id3v2synchdata.h
-- Installing: /home/runner/work/Auxio-TS/Auxio-TS/musikr/src/main/cpp/taglib/pkg/x86/include/taglib/id3v2footer.h
-- Installing: /home/runner/work/Auxio-TS/Auxio-TS/musikr/src/main/cpp/taglib/pkg/x86/include/taglib/id3v2framefactory.h
-- Installing: /home/runner/work/Auxio-TS/Auxio-TS/musikr/src/main/cpp/taglib/pkg/x86/include/taglib/id3v2tag.h
-- Installing: /home/runner/work/Auxio-TS/Auxio-TS/musikr/src/main/cpp/taglib/pkg/x86/include/taglib/attachedpictureframe.h
-- Installing: /home/runner/work/Auxio-TS/Auxio-TS/musikr/src/main/cpp/taglib/pkg/x86/include/taglib/commentsframe.h
-- Installing: /home/runner/work/Auxio-TS/Auxio-TS/musikr/src/main/cpp/taglib/pkg/x86/include/taglib/eventtimingcodesframe.h
-- Installing: /home/runner/work/Auxio-TS/Auxio-TS/musikr/src/main/cpp/taglib/pkg/x86/include/taglib/generalencapsulatedobjectframe.h
-- Installing: /home/runner/work/Auxio-TS/Auxio-TS/musikr/src/main/cpp/taglib/pkg/x86/include/taglib/ownershipframe.h
-- Installing: /home/runner/work/Auxio-TS/Auxio-TS/musikr/src/main/cpp/taglib/pkg/x86/include/taglib/popularimeterframe.h
-- Installing: /home/runner/work/Auxio-TS/Auxio-TS/musikr/src/main/cpp/taglib/pkg/x86/include/taglib/privateframe.h
-- Installing: /home/runner/work/Auxio-TS/Auxio-TS/musikr/src/main/cpp/taglib/pkg/x86/include/taglib/relativevolumeframe.h
-- Installing: /home/runner/work/Auxio-TS/Auxio-TS/musikr/src/main/cpp/taglib/pkg/x86/include/taglib/synchronizedlyricsframe.h
-- Installing: /home/runner/work/Auxio-TS/Auxio-TS/musikr/src/main/cpp/taglib/pkg/x86/include/taglib/textidentificationframe.h
-- Installing: /home/runner/work/Auxio-TS/Auxio-TS/musikr/src/main/cpp/taglib/pkg/x86/include/taglib/uniquefileidentifierframe.h
-- Installing: /home/runner/work/Auxio-TS/Auxio-TS/musikr/src/main/cpp/taglib/pkg/x86/include/taglib/unknownframe.h
-- Installing: /home/runner/work/Auxio-TS/Auxio-TS/musikr/src/main/cpp/taglib/pkg/x86/include/taglib/unsynchronizedlyricsframe.h
-- Installing: /home/runner/work/Auxio-TS/Auxio-TS/musikr/src/main/cpp/taglib/pkg/x86/include/taglib/urllinkframe.h
-- Installing: /home/runner/work/Auxio-TS/Auxio-TS/musikr/src/main/cpp/taglib/pkg/x86/include/taglib/chapterframe.h
-- Installing: /home/runner/work/Auxio-TS/Auxio-TS/musikr/src/main/cpp/taglib/pkg/x86/include/taglib/tableofcontentsframe.h
-- Installing: /home/runner/work/Auxio-TS/Auxio-TS/musikr/src/main/cpp/taglib/pkg/x86/include/taglib/podcastframe.h
-- Installing: /home/runner/work/Auxio-TS/Auxio-TS/musikr/src/main/cpp/taglib/pkg/x86/include/taglib/oggfile.h
-- Installing: /home/runner/work/Auxio-TS/Auxio-TS/musikr/src/main/cpp/taglib/pkg/x86/include/taglib/oggpage.h
-- Installing: /home/runner/work/Auxio-TS/Auxio-TS/musikr/src/main/cpp/taglib/pkg/x86/include/taglib/oggpageheader.h
-- Installing: /home/runner/work/Auxio-TS/Auxio-TS/musikr/src/main/cpp/taglib/pkg/x86/include/taglib/xiphcomment.h
-- Installing: /home/runner/work/Auxio-TS/Auxio-TS/musikr/src/main/cpp/taglib/pkg/x86/include/taglib/vorbisfile.h
-- Installing: /home/runner/work/Auxio-TS/Auxio-TS/musikr/src/main/cpp/taglib/pkg/x86/include/taglib/vorbisproperties.h
-- Installing: /home/runner/work/Auxio-TS/Auxio-TS/musikr/src/main/cpp/taglib/pkg/x86/include/taglib/oggflacfile.h
-- Installing: /home/runner/work/Auxio-TS/Auxio-TS/musikr/src/main/cpp/taglib/pkg/x86/include/taglib/speexfile.h
-- Installing: /home/runner/work/Auxio-TS/Auxio-TS/musikr/src/main/cpp/taglib/pkg/x86/include/taglib/speexproperties.h
-- Installing: /home/runner/work/Auxio-TS/Auxio-TS/musikr/src/main/cpp/taglib/pkg/x86/include/taglib/opusfile.h
-- Installing: /home/runner/work/Auxio-TS/Auxio-TS/musikr/src/main/cpp/taglib/pkg/x86/include/taglib/opusproperties.h
-- Installing: /home/runner/work/Auxio-TS/Auxio-TS/musikr/src/main/cpp/taglib/pkg/x86/include/taglib/flacfile.h
-- Installing: /home/runner/work/Auxio-TS/Auxio-TS/musikr/src/main/cpp/taglib/pkg/x86/include/taglib/flacpicture.h
-- Installing: /home/runner/work/Auxio-TS/Auxio-TS/musikr/src/main/cpp/taglib/pkg/x86/include/taglib/flacproperties.h
-- Installing: /home/runner/work/Auxio-TS/Auxio-TS/musikr/src/main/cpp/taglib/pkg/x86/include/taglib/flacmetadatablock.h
-- Installing: /home/runner/work/Auxio-TS/Auxio-TS/musikr/src/main/cpp/taglib/pkg/x86/include/taglib/rifffile.h
-- Installing: /home/runner/work/Auxio-TS/Auxio-TS/musikr/src/main/cpp/taglib/pkg/x86/include/taglib/aifffile.h
-- Installing: /home/runner/work/Auxio-TS/Auxio-TS/musikr/src/main/cpp/taglib/pkg/x86/include/taglib/aiffproperties.h
-- Installing: /home/runner/work/Auxio-TS/Auxio-TS/musikr/src/main/cpp/taglib/pkg/x86/include/taglib/wavfile.h
-- Installing: /home/runner/work/Auxio-TS/Auxio-TS/musikr/src/main/cpp/taglib/pkg/x86/include/taglib/wavproperties.h
-- Installing: /home/runner/work/Auxio-TS/Auxio-TS/musikr/src/main/cpp/taglib/pkg/x86/include/taglib/infotag.h
-- Installing: /home/runner/work/Auxio-TS/Auxio-TS/musikr/src/main/cpp/taglib/pkg/x86/include/taglib/mp4file.h
-- Installing: /home/runner/work/Auxio-TS/Auxio-TS/musikr/src/main/cpp/taglib/pkg/x86/include/taglib/mp4atom.h
-- Installing: /home/runner/work/Auxio-TS/Auxio-TS/musikr/src/main/cpp/taglib/pkg/x86/include/taglib/mp4tag.h
-- Installing: /home/runner/work/Auxio-TS/Auxio-TS/musikr/src/main/cpp/taglib/pkg/x86/include/taglib/mp4item.h
-- Installing: /home/runner/work/Auxio-TS/Auxio-TS/musikr/src/main/cpp/taglib/pkg/x86/include/taglib/mp4properties.h
-- Installing: /home/runner/work/Auxio-TS/Auxio-TS/musikr/src/main/cpp/taglib/pkg/x86/include/taglib/mp4coverart.h
-- Installing: /home/runner/work/Auxio-TS/Auxio-TS/musikr/src/main/cpp/taglib/pkg/x86/include/taglib/mp4stem.h
-- Installing: /home/runner/work/Auxio-TS/Auxio-TS/musikr/src/main/cpp/taglib/pkg/x86/include/taglib/mp4itemfactory.h
-- Installing: /home/runner/work/Auxio-TS/Auxio-TS/musikr/src/main/cpp/taglib/pkg/x86/include/taglib/mp4chapter.h
-- Installing: /home/runner/work/Auxio-TS/Auxio-TS/musikr/src/main/cpp/taglib/pkg/x86/include/taglib/mp4chapterholder.h
-- Installing: /home/runner/work/Auxio-TS/Auxio-TS/musikr/src/main/cpp/taglib/pkg/x86/include/taglib/mp4nerochapterlist.h
-- Installing: /home/runner/work/Auxio-TS/Auxio-TS/musikr/src/main/cpp/taglib/pkg/x86/include/taglib/mp4qtchapterlist.h
-- Installing: /home/runner/work/Auxio-TS/Auxio-TS/musikr/src/main/cpp/taglib/pkg/x86/include/taglib/dsffile.h
-- Installing: /home/runner/work/Auxio-TS/Auxio-TS/musikr/src/main/cpp/taglib/pkg/x86/include/taglib/dsfproperties.h
-- Installing: /home/runner/work/Auxio-TS/Auxio-TS/musikr/src/main/cpp/taglib/pkg/x86/include/taglib/dsdifffile.h
-- Installing: /home/runner/work/Auxio-TS/Auxio-TS/musikr/src/main/cpp/taglib/pkg/x86/include/taglib/dsdiffproperties.h
-- Installing: /home/runner/work/Auxio-TS/Auxio-TS/musikr/src/main/cpp/taglib/pkg/x86/include/taglib/dsdiffdiintag.h
-- Installing: /home/runner/work/Auxio-TS/Auxio-TS/musikr/src/main/cpp/taglib/pkg/x86/include/taglib/matroskaattachedfile.h
-- Installing: /home/runner/work/Auxio-TS/Auxio-TS/musikr/src/main/cpp/taglib/pkg/x86/include/taglib/matroskaattachments.h
-- Installing: /home/runner/work/Auxio-TS/Auxio-TS/musikr/src/main/cpp/taglib/pkg/x86/include/taglib/matroskachapter.h
-- Installing: /home/runner/work/Auxio-TS/Auxio-TS/musikr/src/main/cpp/taglib/pkg/x86/include/taglib/matroskachapteredition.h
-- Installing: /home/runner/work/Auxio-TS/Auxio-TS/musikr/src/main/cpp/taglib/pkg/x86/include/taglib/matroskachapters.h
-- Installing: /home/runner/work/Auxio-TS/Auxio-TS/musikr/src/main/cpp/taglib/pkg/x86/include/taglib/matroskaelement.h
-- Installing: /home/runner/work/Auxio-TS/Auxio-TS/musikr/src/main/cpp/taglib/pkg/x86/include/taglib/matroskafile.h
-- Installing: /home/runner/work/Auxio-TS/Auxio-TS/musikr/src/main/cpp/taglib/pkg/x86/include/taglib/matroskaproperties.h
-- Installing: /home/runner/work/Auxio-TS/Auxio-TS/musikr/src/main/cpp/taglib/pkg/x86/include/taglib/matroskasimpletag.h
-- Installing: /home/runner/work/Auxio-TS/Auxio-TS/musikr/src/main/cpp/taglib/pkg/x86/include/taglib/matroskatag.h
-- Installing: /home/runner/work/Auxio-TS/Auxio-TS/musikr/src/main/cpp/taglib/pkg/x86/include/taglib/matroskawritestyle.h
-- Installing: /home/runner/work/Auxio-TS/Auxio-TS/musikr/src/main/cpp/taglib/pkg/x86/lib/cmake/taglib/taglib-targets.cmake
-- Installing: /home/runner/work/Auxio-TS/Auxio-TS/musikr/src/main/cpp/taglib/pkg/x86/lib/cmake/taglib/taglib-targets-release.cmake
-- Installing: /home/runner/work/Auxio-TS/Auxio-TS/musikr/src/main/cpp/taglib/pkg/x86/lib/cmake/taglib/taglib-config.cmake
-- Installing: /home/runner/work/Auxio-TS/Auxio-TS/musikr/src/main/cpp/taglib/pkg/x86/lib/cmake/taglib/taglib-config-version.cmake
-- Android: Targeting API '21' with architecture 'x86_64', ABI 'x86_64', and processor 'x86_64'
-- Android: Selected unified Clang toolchain
-- The C compiler identification is Clang 19.0.1
-- The CXX compiler identification is Clang 19.0.1
-- Detecting C compiler ABI info
-- Detecting C compiler ABI info - done
-- Check for working C compiler: /usr/local/lib/android/sdk/ndk/28.2.13676358/toolchains/llvm/prebuilt/linux-x86_64/bin/clang - skipped
-- Detecting C compile features
-- Detecting C compile features - done
-- Detecting CXX compiler ABI info
-- Detecting CXX compiler ABI info - done
-- Check for working CXX compiler: /usr/local/lib/android/sdk/ndk/28.2.13676358/toolchains/llvm/prebuilt/linux-x86_64/bin/clang++ - skipped
-- Detecting CXX compile features
-- Detecting CXX compile features - done
-- Looking for sys/types.h
-- Looking for sys/types.h - found
-- Looking for stdint.h
-- Looking for stdint.h - found
-- Looking for stddef.h
-- Looking for stddef.h - found
-- Check size of short
-- Check size of short - done
-- Check size of int
-- Check size of int - done
-- Check size of long long
-- Check size of long long - done
-- Check size of wchar_t
-- Check size of wchar_t - done
-- Check size of float
-- Check size of float - done
-- Check size of double
-- Check size of double - done
-- Performing Test HAVE_GCC_BYTESWAP
-- Performing Test HAVE_GCC_BYTESWAP - Success
-- Performing Test HAVE_ISO_STRDUP
-- Performing Test HAVE_ISO_STRDUP - Failed
-- Could NOT find utf8cpp (missing: utf8cpp_INCLUDE_DIR) 
-- Using utfcpp from /home/runner/work/Auxio-TS/Auxio-TS/musikr/src/main/cpp/taglib/3rdparty/utfcpp
-- 
-- Configuring done (1.6s)
-- Generating done (0.0s)
-- Build files have been written to: /home/runner/work/Auxio-TS/Auxio-TS/musikr/src/main/cpp/taglib/build/x86_64
[  0%] Building CXX object taglib/CMakeFiles/tag.dir/mpeg/mpegfile.cpp.o
[  1%] Building CXX object taglib/CMakeFiles/tag.dir/mpeg/mpegproperties.cpp.o
[  2%] Building CXX object taglib/CMakeFiles/tag.dir/mpeg/xingheader.cpp.o
[  3%] Building CXX object taglib/CMakeFiles/tag.dir/mpeg/mpegheader.cpp.o
[  4%] Building CXX object taglib/CMakeFiles/tag.dir/mpeg/id3v1/id3v1tag.cpp.o
[  5%] Building CXX object taglib/CMakeFiles/tag.dir/mpeg/id3v1/id3v1genres.cpp.o
[  5%] Building CXX object taglib/CMakeFiles/tag.dir/mpeg/id3v2/id3v2framefactory.cpp.o
[  6%] Building CXX object taglib/CMakeFiles/tag.dir/mpeg/id3v2/id3v2synchdata.cpp.o
[  7%] Building CXX object taglib/CMakeFiles/tag.dir/mpeg/id3v2/id3v2tag.cpp.o
[  8%] Building CXX object taglib/CMakeFiles/tag.dir/mpeg/id3v2/id3v2header.cpp.o
[  9%] Building CXX object taglib/CMakeFiles/tag.dir/mpeg/id3v2/id3v2frame.cpp.o
[ 10%] Building CXX object taglib/CMakeFiles/tag.dir/mpeg/id3v2/id3v2footer.cpp.o
[ 11%] Building CXX object taglib/CMakeFiles/tag.dir/mpeg/id3v2/id3v2extendedheader.cpp.o
[ 11%] Building CXX object taglib/CMakeFiles/tag.dir/mpeg/id3v2/frames/attachedpictureframe.cpp.o
[ 12%] Building CXX object taglib/CMakeFiles/tag.dir/mpeg/id3v2/frames/commentsframe.cpp.o
[ 13%] Building CXX object taglib/CMakeFiles/tag.dir/mpeg/id3v2/frames/eventtimingcodesframe.cpp.o
[ 14%] Building CXX object taglib/CMakeFiles/tag.dir/mpeg/id3v2/frames/generalencapsulatedobjectframe.cpp.o
[ 15%] Building CXX object taglib/CMakeFiles/tag.dir/mpeg/id3v2/frames/ownershipframe.cpp.o
[ 16%] Building CXX object taglib/CMakeFiles/tag.dir/mpeg/id3v2/frames/popularimeterframe.cpp.o
[ 16%] Building CXX object taglib/CMakeFiles/tag.dir/mpeg/id3v2/frames/privateframe.cpp.o
[ 17%] Building CXX object taglib/CMakeFiles/tag.dir/mpeg/id3v2/frames/relativevolumeframe.cpp.o
[ 18%] Building CXX object taglib/CMakeFiles/tag.dir/mpeg/id3v2/frames/synchronizedlyricsframe.cpp.o
[ 19%] Building CXX object taglib/CMakeFiles/tag.dir/mpeg/id3v2/frames/textidentificationframe.cpp.o
[ 20%] Building CXX object taglib/CMakeFiles/tag.dir/mpeg/id3v2/frames/uniquefileidentifierframe.cpp.o
[ 21%] Building CXX object taglib/CMakeFiles/tag.dir/mpeg/id3v2/frames/unknownframe.cpp.o
[ 22%] Building CXX object taglib/CMakeFiles/tag.dir/mpeg/id3v2/frames/unsynchronizedlyricsframe.cpp.o
[ 22%] Building CXX object taglib/CMakeFiles/tag.dir/mpeg/id3v2/frames/urllinkframe.cpp.o
[ 23%] Building CXX object taglib/CMakeFiles/tag.dir/mpeg/id3v2/frames/chapterframe.cpp.o
[ 24%] Building CXX object taglib/CMakeFiles/tag.dir/mpeg/id3v2/frames/tableofcontentsframe.cpp.o
[ 25%] Building CXX object taglib/CMakeFiles/tag.dir/mpeg/id3v2/frames/podcastframe.cpp.o
[ 26%] Building CXX object taglib/CMakeFiles/tag.dir/ogg/oggfile.cpp.o
[ 27%] Building CXX object taglib/CMakeFiles/tag.dir/ogg/oggpage.cpp.o
[ 27%] Building CXX object taglib/CMakeFiles/tag.dir/ogg/oggpageheader.cpp.o
[ 28%] Building CXX object taglib/CMakeFiles/tag.dir/ogg/xiphcomment.cpp.o
[ 29%] Building CXX object taglib/CMakeFiles/tag.dir/ogg/vorbis/vorbisfile.cpp.o
[ 30%] Building CXX object taglib/CMakeFiles/tag.dir/ogg/vorbis/vorbisproperties.cpp.o
[ 31%] Building CXX object taglib/CMakeFiles/tag.dir/ogg/flac/oggflacfile.cpp.o
[ 32%] Building CXX object taglib/CMakeFiles/tag.dir/toolkit/tstring.cpp.o
[ 33%] Building CXX object taglib/CMakeFiles/tag.dir/toolkit/tstringlist.cpp.o
[ 33%] Building CXX object taglib/CMakeFiles/tag.dir/toolkit/tbytevector.cpp.o
[ 34%] Building CXX object taglib/CMakeFiles/tag.dir/toolkit/tbytevectorlist.cpp.o
[ 35%] Building CXX object taglib/CMakeFiles/tag.dir/toolkit/tvariant.cpp.o
[ 36%] Building CXX object taglib/CMakeFiles/tag.dir/toolkit/tbytevectorstream.cpp.o
[ 37%] Building CXX object taglib/CMakeFiles/tag.dir/toolkit/tiostream.cpp.o
[ 38%] Building CXX object taglib/CMakeFiles/tag.dir/toolkit/tfile.cpp.o
[ 38%] Building CXX object taglib/CMakeFiles/tag.dir/toolkit/tfilestream.cpp.o
[ 39%] Building CXX object taglib/CMakeFiles/tag.dir/toolkit/tdebug.cpp.o
[ 40%] Building CXX object taglib/CMakeFiles/tag.dir/toolkit/tpicturetype.cpp.o
[ 41%] Building CXX object taglib/CMakeFiles/tag.dir/toolkit/tpropertymap.cpp.o
[ 42%] Building CXX object taglib/CMakeFiles/tag.dir/toolkit/tdebuglistener.cpp.o
[ 43%] Building CXX object taglib/CMakeFiles/tag.dir/toolkit/tzlib.cpp.o
[ 44%] Building CXX object taglib/CMakeFiles/tag.dir/toolkit/tversionnumber.cpp.o
[ 44%] Building CXX object taglib/CMakeFiles/tag.dir/flac/flacfile.cpp.o
[ 45%] Building CXX object taglib/CMakeFiles/tag.dir/flac/flacpicture.cpp.o
[ 46%] Building CXX object taglib/CMakeFiles/tag.dir/flac/flacproperties.cpp.o
[ 47%] Building CXX object taglib/CMakeFiles/tag.dir/flac/flacmetadatablock.cpp.o
[ 48%] Building CXX object taglib/CMakeFiles/tag.dir/flac/flacunknownmetadatablock.cpp.o
[ 49%] Building CXX object taglib/CMakeFiles/tag.dir/ogg/speex/speexfile.cpp.o
[ 50%] Building CXX object taglib/CMakeFiles/tag.dir/ogg/speex/speexproperties.cpp.o
[ 50%] Building CXX object taglib/CMakeFiles/tag.dir/riff/rifffile.cpp.o
[ 51%] Building CXX object taglib/CMakeFiles/tag.dir/riff/aiff/aifffile.cpp.o
[ 52%] Building CXX object taglib/CMakeFiles/tag.dir/riff/aiff/aiffproperties.cpp.o
[ 53%] Building CXX object taglib/CMakeFiles/tag.dir/riff/wav/wavfile.cpp.o
[ 55%] Building CXX object taglib/CMakeFiles/tag.dir/riff/wav/wavproperties.cpp.o
[ 55%] Building CXX object taglib/CMakeFiles/tag.dir/riff/wav/infotag.cpp.o
[ 55%] Building CXX object taglib/CMakeFiles/tag.dir/mp4/mp4file.cpp.o
[ 56%] Building CXX object taglib/CMakeFiles/tag.dir/mp4/mp4atom.cpp.o
[ 57%] Building CXX object taglib/CMakeFiles/tag.dir/mp4/mp4tag.cpp.o
[ 58%] Building CXX object taglib/CMakeFiles/tag.dir/mp4/mp4item.cpp.o
[ 59%] Building CXX object taglib/CMakeFiles/tag.dir/mp4/mp4properties.cpp.o
[ 60%] Building CXX object taglib/CMakeFiles/tag.dir/mp4/mp4coverart.cpp.o
[ 61%] Building CXX object taglib/CMakeFiles/tag.dir/mp4/mp4stem.cpp.o
[ 61%] Building CXX object taglib/CMakeFiles/tag.dir/mp4/mp4itemfactory.cpp.o
[ 62%] Building CXX object taglib/CMakeFiles/tag.dir/mp4/mp4chapter.cpp.o
[ 63%] Building CXX object taglib/CMakeFiles/tag.dir/mp4/mp4nerochapterlist.cpp.o
[ 64%] Building CXX object taglib/CMakeFiles/tag.dir/mp4/mp4qtchapterlist.cpp.o
[ 65%] Building CXX object taglib/CMakeFiles/tag.dir/ogg/opus/opusfile.cpp.o
[ 66%] Building CXX object taglib/CMakeFiles/tag.dir/ogg/opus/opusproperties.cpp.o
[ 66%] Building CXX object taglib/CMakeFiles/tag.dir/dsf/dsffile.cpp.o
[ 67%] Building CXX object taglib/CMakeFiles/tag.dir/dsf/dsfproperties.cpp.o
[ 68%] Building CXX object taglib/CMakeFiles/tag.dir/dsdiff/dsdifffile.cpp.o
[ 69%] Building CXX object taglib/CMakeFiles/tag.dir/dsdiff/dsdiffproperties.cpp.o
[ 70%] Building CXX object taglib/CMakeFiles/tag.dir/dsdiff/dsdiffdiintag.cpp.o
[ 71%] Building CXX object taglib/CMakeFiles/tag.dir/matroska/matroskaattachedfile.cpp.o
[ 72%] Building CXX object taglib/CMakeFiles/tag.dir/matroska/matroskaattachments.cpp.o
[ 72%] Building CXX object taglib/CMakeFiles/tag.dir/matroska/matroskachapter.cpp.o
[ 73%] Building CXX object taglib/CMakeFiles/tag.dir/matroska/matroskachapteredition.cpp.o
[ 74%] Building CXX object taglib/CMakeFiles/tag.dir/matroska/matroskachapters.cpp.o
[ 75%] Building CXX object taglib/CMakeFiles/tag.dir/matroska/matroskacues.cpp.o
[ 76%] Building CXX object taglib/CMakeFiles/tag.dir/matroska/matroskaelement.cpp.o
[ 77%] Building CXX object taglib/CMakeFiles/tag.dir/matroska/matroskafile.cpp.o
[ 77%] Building CXX object taglib/CMakeFiles/tag.dir/matroska/matroskaproperties.cpp.o
[ 78%] Building CXX object taglib/CMakeFiles/tag.dir/matroska/matroskaseekhead.cpp.o
[ 79%] Building CXX object taglib/CMakeFiles/tag.dir/matroska/matroskasegment.cpp.o
[ 80%] Building CXX object taglib/CMakeFiles/tag.dir/matroska/matroskasimpletag.cpp.o
[ 81%] Building CXX object taglib/CMakeFiles/tag.dir/matroska/matroskatag.cpp.o
[ 82%] Building CXX object taglib/CMakeFiles/tag.dir/matroska/ebml/ebmlbinaryelement.cpp.o
[ 83%] Building CXX object taglib/CMakeFiles/tag.dir/matroska/ebml/ebmlelement.cpp.o
[ 83%] Building CXX object taglib/CMakeFiles/tag.dir/matroska/ebml/ebmlmasterelement.cpp.o
[ 84%] Building CXX object taglib/CMakeFiles/tag.dir/matroska/ebml/ebmlmkattachments.cpp.o
[ 85%] Building CXX object taglib/CMakeFiles/tag.dir/matroska/ebml/ebmlmkchapters.cpp.o
[INFO] Gradle still running: 1m 30s elapsed; no output for 0s
[ 86%] Building CXX object taglib/CMakeFiles/tag.dir/matroska/ebml/ebmlmkcues.cpp.o
[ 87%] Building CXX object taglib/CMakeFiles/tag.dir/matroska/ebml/ebmlmkseekhead.cpp.o
[ 88%] Building CXX object taglib/CMakeFiles/tag.dir/matroska/ebml/ebmlmksegment.cpp.o
[ 88%] Building CXX object taglib/CMakeFiles/tag.dir/matroska/ebml/ebmlmkinfo.cpp.o
[ 89%] Building CXX object taglib/CMakeFiles/tag.dir/matroska/ebml/ebmlmktracks.cpp.o
[ 90%] Building CXX object taglib/CMakeFiles/tag.dir/matroska/ebml/ebmlmktags.cpp.o
[ 91%] Building CXX object taglib/CMakeFiles/tag.dir/matroska/ebml/ebmlstringelement.cpp.o
[ 92%] Building CXX object taglib/CMakeFiles/tag.dir/matroska/ebml/ebmluintelement.cpp.o
[ 93%] Building CXX object taglib/CMakeFiles/tag.dir/matroska/ebml/ebmlfloatelement.cpp.o
[ 94%] Building CXX object taglib/CMakeFiles/tag.dir/matroska/ebml/ebmlutils.cpp.o
[ 94%] Building CXX object taglib/CMakeFiles/tag.dir/matroska/ebml/ebmlvoidelement.cpp.o
[ 95%] Building CXX object taglib/CMakeFiles/tag.dir/tag.cpp.o
[ 96%] Building CXX object taglib/CMakeFiles/tag.dir/tagunion.cpp.o
[ 97%] Building CXX object taglib/CMakeFiles/tag.dir/fileref.cpp.o
[ 98%] Building CXX object taglib/CMakeFiles/tag.dir/audioproperties.cpp.o
[ 99%] Building CXX object taglib/CMakeFiles/tag.dir/tagutils.cpp.o
[100%] Linking CXX static library libtag.a
[100%] Built target tag
-- Installing: /home/runner/work/Auxio-TS/Auxio-TS/musikr/src/main/cpp/taglib/pkg/x86_64/bin/taglib-config
-- Installing: /home/runner/work/Auxio-TS/Auxio-TS/musikr/src/main/cpp/taglib/pkg/x86_64/lib/pkgconfig/taglib.pc
-- Installing: /home/runner/work/Auxio-TS/Auxio-TS/musikr/src/main/cpp/taglib/pkg/x86_64/share/utf8cpp/cmake/utf8cppTargets.cmake
-- Installing: /home/runner/work/Auxio-TS/Auxio-TS/musikr/src/main/cpp/taglib/pkg/x86_64/share/utf8cpp/cmake/utf8cppConfig.cmake
-- Installing: /home/runner/work/Auxio-TS/Auxio-TS/musikr/src/main/cpp/taglib/pkg/x86_64/share/utf8cpp/cmake/utf8cppConfigVersion.cmake
-- Installing: /home/runner/work/Auxio-TS/Auxio-TS/musikr/src/main/cpp/taglib/pkg/x86_64/include/utf8cpp/utf8.h
-- Installing: /home/runner/work/Auxio-TS/Auxio-TS/musikr/src/main/cpp/taglib/pkg/x86_64/include/utf8cpp/utf8
-- Installing: /home/runner/work/Auxio-TS/Auxio-TS/musikr/src/main/cpp/taglib/pkg/x86_64/include/utf8cpp/utf8/core.h
-- Installing: /home/runner/work/Auxio-TS/Auxio-TS/musikr/src/main/cpp/taglib/pkg/x86_64/include/utf8cpp/utf8/unchecked.h
-- Installing: /home/runner/work/Auxio-TS/Auxio-TS/musikr/src/main/cpp/taglib/pkg/x86_64/include/utf8cpp/utf8/checked.h
-- Installing: /home/runner/work/Auxio-TS/Auxio-TS/musikr/src/main/cpp/taglib/pkg/x86_64/include/utf8cpp/utf8/cpp17.h
-- Installing: /home/runner/work/Auxio-TS/Auxio-TS/musikr/src/main/cpp/taglib/pkg/x86_64/include/utf8cpp/utf8/cpp20.h
-- Installing: /home/runner/work/Auxio-TS/Auxio-TS/musikr/src/main/cpp/taglib/pkg/x86_64/include/utf8cpp/utf8/cpp11.h
-- Installing: /home/runner/work/Auxio-TS/Auxio-TS/musikr/src/main/cpp/taglib/pkg/x86_64/lib/libtag.a
-- Installing: /home/runner/work/Auxio-TS/Auxio-TS/musikr/src/main/cpp/taglib/pkg/x86_64/include/taglib/tag.h
-- Installing: /home/runner/work/Auxio-TS/Auxio-TS/musikr/src/main/cpp/taglib/pkg/x86_64/include/taglib/fileref.h
-- Installing: /home/runner/work/Auxio-TS/Auxio-TS/musikr/src/main/cpp/taglib/pkg/x86_64/include/taglib/audioproperties.h
-- Installing: /home/runner/work/Auxio-TS/Auxio-TS/musikr/src/main/cpp/taglib/pkg/x86_64/include/taglib/taglib_export.h
-- Installing: /home/runner/work/Auxio-TS/Auxio-TS/musikr/src/main/cpp/taglib/pkg/x86_64/include/taglib/taglib_config.h
-- Installing: /home/runner/work/Auxio-TS/Auxio-TS/musikr/src/main/cpp/taglib/pkg/x86_64/include/taglib/taglib.h
-- Installing: /home/runner/work/Auxio-TS/Auxio-TS/musikr/src/main/cpp/taglib/pkg/x86_64/include/taglib/tstring.h
-- Installing: /home/runner/work/Auxio-TS/Auxio-TS/musikr/src/main/cpp/taglib/pkg/x86_64/include/taglib/tlist.h
-- Installing: /home/runner/work/Auxio-TS/Auxio-TS/musikr/src/main/cpp/taglib/pkg/x86_64/include/taglib/tlist.tcc
-- Installing: /home/runner/work/Auxio-TS/Auxio-TS/musikr/src/main/cpp/taglib/pkg/x86_64/include/taglib/tstringlist.h
-- Installing: /home/runner/work/Auxio-TS/Auxio-TS/musikr/src/main/cpp/taglib/pkg/x86_64/include/taglib/tbytevector.h
-- Installing: /home/runner/work/Auxio-TS/Auxio-TS/musikr/src/main/cpp/taglib/pkg/x86_64/include/taglib/tbytevectorlist.h
-- Installing: /home/runner/work/Auxio-TS/Auxio-TS/musikr/src/main/cpp/taglib/pkg/x86_64/include/taglib/tvariant.h
-- Installing: /home/runner/work/Auxio-TS/Auxio-TS/musikr/src/main/cpp/taglib/pkg/x86_64/include/taglib/tbytevectorstream.h
-- Installing: /home/runner/work/Auxio-TS/Auxio-TS/musikr/src/main/cpp/taglib/pkg/x86_64/include/taglib/tiostream.h
-- Installing: /home/runner/work/Auxio-TS/Auxio-TS/musikr/src/main/cpp/taglib/pkg/x86_64/include/taglib/tfile.h
-- Installing: /home/runner/work/Auxio-TS/Auxio-TS/musikr/src/main/cpp/taglib/pkg/x86_64/include/taglib/tfilestream.h
-- Installing: /home/runner/work/Auxio-TS/Auxio-TS/musikr/src/main/cpp/taglib/pkg/x86_64/include/taglib/tmap.h
-- Installing: /home/runner/work/Auxio-TS/Auxio-TS/musikr/src/main/cpp/taglib/pkg/x86_64/include/taglib/tmap.tcc
-- Installing: /home/runner/work/Auxio-TS/Auxio-TS/musikr/src/main/cpp/taglib/pkg/x86_64/include/taglib/tpicturetype.h
-- Installing: /home/runner/work/Auxio-TS/Auxio-TS/musikr/src/main/cpp/taglib/pkg/x86_64/include/taglib/tpropertymap.h
-- Installing: /home/runner/work/Auxio-TS/Auxio-TS/musikr/src/main/cpp/taglib/pkg/x86_64/include/taglib/tdebuglistener.h
-- Installing: /home/runner/work/Auxio-TS/Auxio-TS/musikr/src/main/cpp/taglib/pkg/x86_64/include/taglib/tversionnumber.h
-- Installing: /home/runner/work/Auxio-TS/Auxio-TS/musikr/src/main/cpp/taglib/pkg/x86_64/include/taglib/mpegfile.h
-- Installing: /home/runner/work/Auxio-TS/Auxio-TS/musikr/src/main/cpp/taglib/pkg/x86_64/include/taglib/mpegproperties.h
-- Installing: /home/runner/work/Auxio-TS/Auxio-TS/musikr/src/main/cpp/taglib/pkg/x86_64/include/taglib/mpegheader.h
-- Installing: /home/runner/work/Auxio-TS/Auxio-TS/musikr/src/main/cpp/taglib/pkg/x86_64/include/taglib/xingheader.h
-- Installing: /home/runner/work/Auxio-TS/Auxio-TS/musikr/src/main/cpp/taglib/pkg/x86_64/include/taglib/id3v1tag.h
-- Installing: /home/runner/work/Auxio-TS/Auxio-TS/musikr/src/main/cpp/taglib/pkg/x86_64/include/taglib/id3v1genres.h
-- Installing: /home/runner/work/Auxio-TS/Auxio-TS/musikr/src/main/cpp/taglib/pkg/x86_64/include/taglib/id3v2.h
-- Installing: /home/runner/work/Auxio-TS/Auxio-TS/musikr/src/main/cpp/taglib/pkg/x86_64/include/taglib/id3v2extendedheader.h
-- Installing: /home/runner/work/Auxio-TS/Auxio-TS/musikr/src/main/cpp/taglib/pkg/x86_64/include/taglib/id3v2frame.h
-- Installing: /home/runner/work/Auxio-TS/Auxio-TS/musikr/src/main/cpp/taglib/pkg/x86_64/include/taglib/id3v2header.h
-- Installing: /home/runner/work/Auxio-TS/Auxio-TS/musikr/src/main/cpp/taglib/pkg/x86_64/include/taglib/id3v2synchdata.h
-- Installing: /home/runner/work/Auxio-TS/Auxio-TS/musikr/src/main/cpp/taglib/pkg/x86_64/include/taglib/id3v2footer.h
-- Installing: /home/runner/work/Auxio-TS/Auxio-TS/musikr/src/main/cpp/taglib/pkg/x86_64/include/taglib/id3v2framefactory.h
-- Installing: /home/runner/work/Auxio-TS/Auxio-TS/musikr/src/main/cpp/taglib/pkg/x86_64/include/taglib/id3v2tag.h
-- Installing: /home/runner/work/Auxio-TS/Auxio-TS/musikr/src/main/cpp/taglib/pkg/x86_64/include/taglib/attachedpictureframe.h
-- Installing: /home/runner/work/Auxio-TS/Auxio-TS/musikr/src/main/cpp/taglib/pkg/x86_64/include/taglib/commentsframe.h
-- Installing: /home/runner/work/Auxio-TS/Auxio-TS/musikr/src/main/cpp/taglib/pkg/x86_64/include/taglib/eventtimingcodesframe.h
-- Installing: /home/runner/work/Auxio-TS/Auxio-TS/musikr/src/main/cpp/taglib/pkg/x86_64/include/taglib/generalencapsulatedobjectframe.h
-- Installing: /home/runner/work/Auxio-TS/Auxio-TS/musikr/src/main/cpp/taglib/pkg/x86_64/include/taglib/ownershipframe.h
-- Installing: /home/runner/work/Auxio-TS/Auxio-TS/musikr/src/main/cpp/taglib/pkg/x86_64/include/taglib/popularimeterframe.h
-- Installing: /home/runner/work/Auxio-TS/Auxio-TS/musikr/src/main/cpp/taglib/pkg/x86_64/include/taglib/privateframe.h
-- Installing: /home/runner/work/Auxio-TS/Auxio-TS/musikr/src/main/cpp/taglib/pkg/x86_64/include/taglib/relativevolumeframe.h
-- Installing: /home/runner/work/Auxio-TS/Auxio-TS/musikr/src/main/cpp/taglib/pkg/x86_64/include/taglib/synchronizedlyricsframe.h
-- Installing: /home/runner/work/Auxio-TS/Auxio-TS/musikr/src/main/cpp/taglib/pkg/x86_64/include/taglib/textidentificationframe.h
-- Installing: /home/runner/work/Auxio-TS/Auxio-TS/musikr/src/main/cpp/taglib/pkg/x86_64/include/taglib/uniquefileidentifierframe.h
-- Installing: /home/runner/work/Auxio-TS/Auxio-TS/musikr/src/main/cpp/taglib/pkg/x86_64/include/taglib/unknownframe.h
-- Installing: /home/runner/work/Auxio-TS/Auxio-TS/musikr/src/main/cpp/taglib/pkg/x86_64/include/taglib/unsynchronizedlyricsframe.h
-- Installing: /home/runner/work/Auxio-TS/Auxio-TS/musikr/src/main/cpp/taglib/pkg/x86_64/include/taglib/urllinkframe.h
-- Installing: /home/runner/work/Auxio-TS/Auxio-TS/musikr/src/main/cpp/taglib/pkg/x86_64/include/taglib/chapterframe.h
-- Installing: /home/runner/work/Auxio-TS/Auxio-TS/musikr/src/main/cpp/taglib/pkg/x86_64/include/taglib/tableofcontentsframe.h
-- Installing: /home/runner/work/Auxio-TS/Auxio-TS/musikr/src/main/cpp/taglib/pkg/x86_64/include/taglib/podcastframe.h
-- Installing: /home/runner/work/Auxio-TS/Auxio-TS/musikr/src/main/cpp/taglib/pkg/x86_64/include/taglib/oggfile.h
-- Installing: /home/runner/work/Auxio-TS/Auxio-TS/musikr/src/main/cpp/taglib/pkg/x86_64/include/taglib/oggpage.h
-- Installing: /home/runner/work/Auxio-TS/Auxio-TS/musikr/src/main/cpp/taglib/pkg/x86_64/include/taglib/oggpageheader.h
-- Installing: /home/runner/work/Auxio-TS/Auxio-TS/musikr/src/main/cpp/taglib/pkg/x86_64/include/taglib/xiphcomment.h
-- Installing: /home/runner/work/Auxio-TS/Auxio-TS/musikr/src/main/cpp/taglib/pkg/x86_64/include/taglib/vorbisfile.h
-- Installing: /home/runner/work/Auxio-TS/Auxio-TS/musikr/src/main/cpp/taglib/pkg/x86_64/include/taglib/vorbisproperties.h
-- Installing: /home/runner/work/Auxio-TS/Auxio-TS/musikr/src/main/cpp/taglib/pkg/x86_64/include/taglib/oggflacfile.h
-- Installing: /home/runner/work/Auxio-TS/Auxio-TS/musikr/src/main/cpp/taglib/pkg/x86_64/include/taglib/speexfile.h
-- Installing: /home/runner/work/Auxio-TS/Auxio-TS/musikr/src/main/cpp/taglib/pkg/x86_64/include/taglib/speexproperties.h
-- Installing: /home/runner/work/Auxio-TS/Auxio-TS/musikr/src/main/cpp/taglib/pkg/x86_64/include/taglib/opusfile.h
-- Installing: /home/runner/work/Auxio-TS/Auxio-TS/musikr/src/main/cpp/taglib/pkg/x86_64/include/taglib/opusproperties.h
-- Installing: /home/runner/work/Auxio-TS/Auxio-TS/musikr/src/main/cpp/taglib/pkg/x86_64/include/taglib/flacfile.h
-- Installing: /home/runner/work/Auxio-TS/Auxio-TS/musikr/src/main/cpp/taglib/pkg/x86_64/include/taglib/flacpicture.h
-- Installing: /home/runner/work/Auxio-TS/Auxio-TS/musikr/src/main/cpp/taglib/pkg/x86_64/include/taglib/flacproperties.h
-- Installing: /home/runner/work/Auxio-TS/Auxio-TS/musikr/src/main/cpp/taglib/pkg/x86_64/include/taglib/flacmetadatablock.h
-- Installing: /home/runner/work/Auxio-TS/Auxio-TS/musikr/src/main/cpp/taglib/pkg/x86_64/include/taglib/rifffile.h
-- Installing: /home/runner/work/Auxio-TS/Auxio-TS/musikr/src/main/cpp/taglib/pkg/x86_64/include/taglib/aifffile.h
-- Installing: /home/runner/work/Auxio-TS/Auxio-TS/musikr/src/main/cpp/taglib/pkg/x86_64/include/taglib/aiffproperties.h
-- Installing: /home/runner/work/Auxio-TS/Auxio-TS/musikr/src/main/cpp/taglib/pkg/x86_64/include/taglib/wavfile.h
-- Installing: /home/runner/work/Auxio-TS/Auxio-TS/musikr/src/main/cpp/taglib/pkg/x86_64/include/taglib/wavproperties.h
-- Installing: /home/runner/work/Auxio-TS/Auxio-TS/musikr/src/main/cpp/taglib/pkg/x86_64/include/taglib/infotag.h
-- Installing: /home/runner/work/Auxio-TS/Auxio-TS/musikr/src/main/cpp/taglib/pkg/x86_64/include/taglib/mp4file.h
-- Installing: /home/runner/work/Auxio-TS/Auxio-TS/musikr/src/main/cpp/taglib/pkg/x86_64/include/taglib/mp4atom.h
-- Installing: /home/runner/work/Auxio-TS/Auxio-TS/musikr/src/main/cpp/taglib/pkg/x86_64/include/taglib/mp4tag.h
-- Installing: /home/runner/work/Auxio-TS/Auxio-TS/musikr/src/main/cpp/taglib/pkg/x86_64/include/taglib/mp4item.h
-- Installing: /home/runner/work/Auxio-TS/Auxio-TS/musikr/src/main/cpp/taglib/pkg/x86_64/include/taglib/mp4properties.h
-- Installing: /home/runner/work/Auxio-TS/Auxio-TS/musikr/src/main/cpp/taglib/pkg/x86_64/include/taglib/mp4coverart.h
-- Installing: /home/runner/work/Auxio-TS/Auxio-TS/musikr/src/main/cpp/taglib/pkg/x86_64/include/taglib/mp4stem.h
-- Installing: /home/runner/work/Auxio-TS/Auxio-TS/musikr/src/main/cpp/taglib/pkg/x86_64/include/taglib/mp4itemfactory.h
-- Installing: /home/runner/work/Auxio-TS/Auxio-TS/musikr/src/main/cpp/taglib/pkg/x86_64/include/taglib/mp4chapter.h
-- Installing: /home/runner/work/Auxio-TS/Auxio-TS/musikr/src/main/cpp/taglib/pkg/x86_64/include/taglib/mp4chapterholder.h
-- Installing: /home/runner/work/Auxio-TS/Auxio-TS/musikr/src/main/cpp/taglib/pkg/x86_64/include/taglib/mp4nerochapterlist.h
-- Installing: /home/runner/work/Auxio-TS/Auxio-TS/musikr/src/main/cpp/taglib/pkg/x86_64/include/taglib/mp4qtchapterlist.h
-- Installing: /home/runner/work/Auxio-TS/Auxio-TS/musikr/src/main/cpp/taglib/pkg/x86_64/include/taglib/dsffile.h
-- Installing: /home/runner/work/Auxio-TS/Auxio-TS/musikr/src/main/cpp/taglib/pkg/x86_64/include/taglib/dsfproperties.h
-- Installing: /home/runner/work/Auxio-TS/Auxio-TS/musikr/src/main/cpp/taglib/pkg/x86_64/include/taglib/dsdifffile.h
-- Installing: /home/runner/work/Auxio-TS/Auxio-TS/musikr/src/main/cpp/taglib/pkg/x86_64/include/taglib/dsdiffproperties.h
-- Installing: /home/runner/work/Auxio-TS/Auxio-TS/musikr/src/main/cpp/taglib/pkg/x86_64/include/taglib/dsdiffdiintag.h
-- Installing: /home/runner/work/Auxio-TS/Auxio-TS/musikr/src/main/cpp/taglib/pkg/x86_64/include/taglib/matroskaattachedfile.h
-- Installing: /home/runner/work/Auxio-TS/Auxio-TS/musikr/src/main/cpp/taglib/pkg/x86_64/include/taglib/matroskaattachments.h
-- Installing: /home/runner/work/Auxio-TS/Auxio-TS/musikr/src/main/cpp/taglib/pkg/x86_64/include/taglib/matroskachapter.h
-- Installing: /home/runner/work/Auxio-TS/Auxio-TS/musikr/src/main/cpp/taglib/pkg/x86_64/include/taglib/matroskachapteredition.h
-- Installing: /home/runner/work/Auxio-TS/Auxio-TS/musikr/src/main/cpp/taglib/pkg/x86_64/include/taglib/matroskachapters.h
-- Installing: /home/runner/work/Auxio-TS/Auxio-TS/musikr/src/main/cpp/taglib/pkg/x86_64/include/taglib/matroskaelement.h
-- Installing: /home/runner/work/Auxio-TS/Auxio-TS/musikr/src/main/cpp/taglib/pkg/x86_64/include/taglib/matroskafile.h
-- Installing: /home/runner/work/Auxio-TS/Auxio-TS/musikr/src/main/cpp/taglib/pkg/x86_64/include/taglib/matroskaproperties.h
-- Installing: /home/runner/work/Auxio-TS/Auxio-TS/musikr/src/main/cpp/taglib/pkg/x86_64/include/taglib/matroskasimpletag.h
-- Installing: /home/runner/work/Auxio-TS/Auxio-TS/musikr/src/main/cpp/taglib/pkg/x86_64/include/taglib/matroskatag.h
-- Installing: /home/runner/work/Auxio-TS/Auxio-TS/musikr/src/main/cpp/taglib/pkg/x86_64/include/taglib/matroskawritestyle.h
-- Installing: /home/runner/work/Auxio-TS/Auxio-TS/musikr/src/main/cpp/taglib/pkg/x86_64/lib/cmake/taglib/taglib-targets.cmake
-- Installing: /home/runner/work/Auxio-TS/Auxio-TS/musikr/src/main/cpp/taglib/pkg/x86_64/lib/cmake/taglib/taglib-targets-release.cmake
-- Installing: /home/runner/work/Auxio-TS/Auxio-TS/musikr/src/main/cpp/taglib/pkg/x86_64/lib/cmake/taglib/taglib-config.cmake
-- Installing: /home/runner/work/Auxio-TS/Auxio-TS/musikr/src/main/cpp/taglib/pkg/x86_64/lib/cmake/taglib/taglib-config-version.cmake
-- Android: Targeting API '21' with architecture 'arm', ABI 'armeabi-v7a', and processor 'armv7-a'
-- Android: Selected unified Clang toolchain
-- The C compiler identification is Clang 19.0.1
-- The CXX compiler identification is Clang 19.0.1
-- Detecting C compiler ABI info
-- Detecting C compiler ABI info - done
-- Check for working C compiler: /usr/local/lib/android/sdk/ndk/28.2.13676358/toolchains/llvm/prebuilt/linux-x86_64/bin/clang - skipped
-- Detecting C compile features
-- Detecting C compile features - done
-- Detecting CXX compiler ABI info
-- Detecting CXX compiler ABI info - done
-- Check for working CXX compiler: /usr/local/lib/android/sdk/ndk/28.2.13676358/toolchains/llvm/prebuilt/linux-x86_64/bin/clang++ - skipped
-- Detecting CXX compile features
-- Detecting CXX compile features - done
-- Looking for sys/types.h
-- Looking for sys/types.h - found
-- Looking for stdint.h
-- Looking for stdint.h - found
-- Looking for stddef.h
-- Looking for stddef.h - found
-- Check size of short
-- Check size of short - done
-- Check size of int
-- Check size of int - done
-- Check size of long long
-- Check size of long long - done
-- Check size of wchar_t
-- Check size of wchar_t - done
-- Check size of float
-- Check size of float - done
-- Check size of double
-- Check size of double - done
-- Performing Test HAVE_GCC_BYTESWAP
-- Performing Test HAVE_GCC_BYTESWAP - Success
-- Performing Test HAVE_ISO_STRDUP
-- Performing Test HAVE_ISO_STRDUP - Failed
-- Could NOT find utf8cpp (missing: utf8cpp_INCLUDE_DIR) 
-- Using utfcpp from /home/runner/work/Auxio-TS/Auxio-TS/musikr/src/main/cpp/taglib/3rdparty/utfcpp
-- 
-- Configuring done (1.4s)
-- Generating done (0.0s)
-- Build files have been written to: /home/runner/work/Auxio-TS/Auxio-TS/musikr/src/main/cpp/taglib/build/armeabi-v7a
[  0%] Building CXX object taglib/CMakeFiles/tag.dir/mpeg/mpegfile.cpp.o
[  1%] Building CXX object taglib/CMakeFiles/tag.dir/mpeg/mpegproperties.cpp.o
[  2%] Building CXX object taglib/CMakeFiles/tag.dir/mpeg/mpegheader.cpp.o
[  3%] Building CXX object taglib/CMakeFiles/tag.dir/mpeg/xingheader.cpp.o
[  4%] Building CXX object taglib/CMakeFiles/tag.dir/mpeg/id3v1/id3v1tag.cpp.o
[  5%] Building CXX object taglib/CMakeFiles/tag.dir/mpeg/id3v1/id3v1genres.cpp.o
[  5%] Building CXX object taglib/CMakeFiles/tag.dir/mpeg/id3v2/id3v2framefactory.cpp.o
[  6%] Building CXX object taglib/CMakeFiles/tag.dir/mpeg/id3v2/id3v2synchdata.cpp.o
[  7%] Building CXX object taglib/CMakeFiles/tag.dir/mpeg/id3v2/id3v2tag.cpp.o
[  8%] Building CXX object taglib/CMakeFiles/tag.dir/mpeg/id3v2/id3v2header.cpp.o
[  9%] Building CXX object taglib/CMakeFiles/tag.dir/mpeg/id3v2/id3v2frame.cpp.o
[ 10%] Building CXX object taglib/CMakeFiles/tag.dir/mpeg/id3v2/id3v2footer.cpp.o
[ 11%] Building CXX object taglib/CMakeFiles/tag.dir/mpeg/id3v2/id3v2extendedheader.cpp.o
[ 11%] Building CXX object taglib/CMakeFiles/tag.dir/mpeg/id3v2/frames/attachedpictureframe.cpp.o
[ 12%] Building CXX object taglib/CMakeFiles/tag.dir/mpeg/id3v2/frames/commentsframe.cpp.o
[ 13%] Building CXX object taglib/CMakeFiles/tag.dir/mpeg/id3v2/frames/eventtimingcodesframe.cpp.o
[ 14%] Building CXX object taglib/CMakeFiles/tag.dir/mpeg/id3v2/frames/generalencapsulatedobjectframe.cpp.o
[ 15%] Building CXX object taglib/CMakeFiles/tag.dir/mpeg/id3v2/frames/ownershipframe.cpp.o
[ 16%] Building CXX object taglib/CMakeFiles/tag.dir/mpeg/id3v2/frames/popularimeterframe.cpp.o
[ 16%] Building CXX object taglib/CMakeFiles/tag.dir/mpeg/id3v2/frames/privateframe.cpp.o
[ 17%] Building CXX object taglib/CMakeFiles/tag.dir/mpeg/id3v2/frames/relativevolumeframe.cpp.o
[ 18%] Building CXX object taglib/CMakeFiles/tag.dir/mpeg/id3v2/frames/synchronizedlyricsframe.cpp.o
[ 19%] Building CXX object taglib/CMakeFiles/tag.dir/mpeg/id3v2/frames/textidentificationframe.cpp.o
[ 20%] Building CXX object taglib/CMakeFiles/tag.dir/mpeg/id3v2/frames/uniquefileidentifierframe.cpp.o
[ 21%] Building CXX object taglib/CMakeFiles/tag.dir/mpeg/id3v2/frames/unknownframe.cpp.o
[ 22%] Building CXX object taglib/CMakeFiles/tag.dir/mpeg/id3v2/frames/unsynchronizedlyricsframe.cpp.o
[ 22%] Building CXX object taglib/CMakeFiles/tag.dir/mpeg/id3v2/frames/urllinkframe.cpp.o
[ 23%] Building CXX object taglib/CMakeFiles/tag.dir/mpeg/id3v2/frames/chapterframe.cpp.o
[ 24%] Building CXX object taglib/CMakeFiles/tag.dir/mpeg/id3v2/frames/tableofcontentsframe.cpp.o
[ 25%] Building CXX object taglib/CMakeFiles/tag.dir/mpeg/id3v2/frames/podcastframe.cpp.o
[ 26%] Building CXX object taglib/CMakeFiles/tag.dir/ogg/oggfile.cpp.o
[ 27%] Building CXX object taglib/CMakeFiles/tag.dir/ogg/oggpage.cpp.o
[ 27%] Building CXX object taglib/CMakeFiles/tag.dir/ogg/oggpageheader.cpp.o
[ 28%] Building CXX object taglib/CMakeFiles/tag.dir/ogg/xiphcomment.cpp.o
[ 29%] Building CXX object taglib/CMakeFiles/tag.dir/ogg/vorbis/vorbisfile.cpp.o
[ 30%] Building CXX object taglib/CMakeFiles/tag.dir/ogg/vorbis/vorbisproperties.cpp.o
[ 31%] Building CXX object taglib/CMakeFiles/tag.dir/ogg/flac/oggflacfile.cpp.o
[ 32%] Building CXX object taglib/CMakeFiles/tag.dir/toolkit/tstring.cpp.o
[ 33%] Building CXX object taglib/CMakeFiles/tag.dir/toolkit/tstringlist.cpp.o
[ 33%] Building CXX object taglib/CMakeFiles/tag.dir/toolkit/tbytevector.cpp.o
[ 34%] Building CXX object taglib/CMakeFiles/tag.dir/toolkit/tbytevectorlist.cpp.o
[ 35%] Building CXX object taglib/CMakeFiles/tag.dir/toolkit/tvariant.cpp.o
[ 36%] Building CXX object taglib/CMakeFiles/tag.dir/toolkit/tbytevectorstream.cpp.o
[ 37%] Building CXX object taglib/CMakeFiles/tag.dir/toolkit/tiostream.cpp.o
[ 38%] Building CXX object taglib/CMakeFiles/tag.dir/toolkit/tfile.cpp.o
[ 38%] Building CXX object taglib/CMakeFiles/tag.dir/toolkit/tfilestream.cpp.o
[ 39%] Building CXX object taglib/CMakeFiles/tag.dir/toolkit/tdebug.cpp.o
[ 40%] Building CXX object taglib/CMakeFiles/tag.dir/toolkit/tpicturetype.cpp.o
[ 41%] Building CXX object taglib/CMakeFiles/tag.dir/toolkit/tpropertymap.cpp.o
[ 42%] Building CXX object taglib/CMakeFiles/tag.dir/toolkit/tdebuglistener.cpp.o
[ 43%] Building CXX object taglib/CMakeFiles/tag.dir/toolkit/tzlib.cpp.o
[ 44%] Building CXX object taglib/CMakeFiles/tag.dir/toolkit/tversionnumber.cpp.o
[ 44%] Building CXX object taglib/CMakeFiles/tag.dir/flac/flacfile.cpp.o
[ 45%] Building CXX object taglib/CMakeFiles/tag.dir/flac/flacpicture.cpp.o
[ 46%] Building CXX object taglib/CMakeFiles/tag.dir/flac/flacproperties.cpp.o
[ 47%] Building CXX object taglib/CMakeFiles/tag.dir/flac/flacmetadatablock.cpp.o
[ 48%] Building CXX object taglib/CMakeFiles/tag.dir/flac/flacunknownmetadatablock.cpp.o
[ 49%] Building CXX object taglib/CMakeFiles/tag.dir/ogg/speex/speexfile.cpp.o
[ 50%] Building CXX object taglib/CMakeFiles/tag.dir/ogg/speex/speexproperties.cpp.o
[ 50%] Building CXX object taglib/CMakeFiles/tag.dir/riff/rifffile.cpp.o
[ 51%] Building CXX object taglib/CMakeFiles/tag.dir/riff/aiff/aifffile.cpp.o
[ 52%] Building CXX object taglib/CMakeFiles/tag.dir/riff/aiff/aiffproperties.cpp.o
[ 53%] Building CXX object taglib/CMakeFiles/tag.dir/riff/wav/wavfile.cpp.o
[ 54%] Building CXX object taglib/CMakeFiles/tag.dir/riff/wav/wavproperties.cpp.o
[ 55%] Building CXX object taglib/CMakeFiles/tag.dir/riff/wav/infotag.cpp.o
[ 55%] Building CXX object taglib/CMakeFiles/tag.dir/mp4/mp4file.cpp.o
[ 56%] Building CXX object taglib/CMakeFiles/tag.dir/mp4/mp4atom.cpp.o
[ 57%] Building CXX object taglib/CMakeFiles/tag.dir/mp4/mp4tag.cpp.o
[ 58%] Building CXX object taglib/CMakeFiles/tag.dir/mp4/mp4item.cpp.o
[ 59%] Building CXX object taglib/CMakeFiles/tag.dir/mp4/mp4properties.cpp.o
[ 60%] Building CXX object taglib/CMakeFiles/tag.dir/mp4/mp4coverart.cpp.o
[ 61%] Building CXX object taglib/CMakeFiles/tag.dir/mp4/mp4stem.cpp.o
[ 61%] Building CXX object taglib/CMakeFiles/tag.dir/mp4/mp4itemfactory.cpp.o
[ 62%] Building CXX object taglib/CMakeFiles/tag.dir/mp4/mp4chapter.cpp.o
[ 63%] Building CXX object taglib/CMakeFiles/tag.dir/mp4/mp4nerochapterlist.cpp.o
[ 64%] Building CXX object taglib/CMakeFiles/tag.dir/mp4/mp4qtchapterlist.cpp.o
[ 65%] Building CXX object taglib/CMakeFiles/tag.dir/ogg/opus/opusfile.cpp.o
[ 66%] Building CXX object taglib/CMakeFiles/tag.dir/ogg/opus/opusproperties.cpp.o
[ 66%] Building CXX object taglib/CMakeFiles/tag.dir/dsf/dsffile.cpp.o
[ 67%] Building CXX object taglib/CMakeFiles/tag.dir/dsf/dsfproperties.cpp.o
[ 68%] Building CXX object taglib/CMakeFiles/tag.dir/dsdiff/dsdifffile.cpp.o
[ 69%] Building CXX object taglib/CMakeFiles/tag.dir/dsdiff/dsdiffproperties.cpp.o
[ 70%] Building CXX object taglib/CMakeFiles/tag.dir/dsdiff/dsdiffdiintag.cpp.o
[ 71%] Building CXX object taglib/CMakeFiles/tag.dir/matroska/matroskaattachedfile.cpp.o
[ 72%] Building CXX object taglib/CMakeFiles/tag.dir/matroska/matroskaattachments.cpp.o
[ 72%] Building CXX object taglib/CMakeFiles/tag.dir/matroska/matroskachapter.cpp.o
[ 73%] Building CXX object taglib/CMakeFiles/tag.dir/matroska/matroskachapteredition.cpp.o
[ 74%] Building CXX object taglib/CMakeFiles/tag.dir/matroska/matroskachapters.cpp.o
[ 75%] Building CXX object taglib/CMakeFiles/tag.dir/matroska/matroskacues.cpp.o
[ 76%] Building CXX object taglib/CMakeFiles/tag.dir/matroska/matroskaelement.cpp.o
[ 77%] Building CXX object taglib/CMakeFiles/tag.dir/matroska/matroskafile.cpp.o
[ 77%] Building CXX object taglib/CMakeFiles/tag.dir/matroska/matroskaproperties.cpp.o
[ 78%] Building CXX object taglib/CMakeFiles/tag.dir/matroska/matroskaseekhead.cpp.o
[ 79%] Building CXX object taglib/CMakeFiles/tag.dir/matroska/matroskasegment.cpp.o
[INFO] Gradle still running: 2m 00s elapsed; no output for 0s
[ 80%] Building CXX object taglib/CMakeFiles/tag.dir/matroska/matroskasimpletag.cpp.o
[ 81%] Building CXX object taglib/CMakeFiles/tag.dir/matroska/matroskatag.cpp.o
[ 82%] Building CXX object taglib/CMakeFiles/tag.dir/matroska/ebml/ebmlbinaryelement.cpp.o
[ 83%] Building CXX object taglib/CMakeFiles/tag.dir/matroska/ebml/ebmlelement.cpp.o
[ 83%] Building CXX object taglib/CMakeFiles/tag.dir/matroska/ebml/ebmlmasterelement.cpp.o
[ 84%] Building CXX object taglib/CMakeFiles/tag.dir/matroska/ebml/ebmlmkattachments.cpp.o
[ 85%] Building CXX object taglib/CMakeFiles/tag.dir/matroska/ebml/ebmlmkchapters.cpp.o
[ 86%] Building CXX object taglib/CMakeFiles/tag.dir/matroska/ebml/ebmlmkcues.cpp.o
[ 87%] Building CXX object taglib/CMakeFiles/tag.dir/matroska/ebml/ebmlmkseekhead.cpp.o
[ 88%] Building CXX object taglib/CMakeFiles/tag.dir/matroska/ebml/ebmlmksegment.cpp.o
[ 88%] Building CXX object taglib/CMakeFiles/tag.dir/matroska/ebml/ebmlmkinfo.cpp.o
[ 89%] Building CXX object taglib/CMakeFiles/tag.dir/matroska/ebml/ebmlmktracks.cpp.o
[ 90%] Building CXX object taglib/CMakeFiles/tag.dir/matroska/ebml/ebmlmktags.cpp.o
[ 91%] Building CXX object taglib/CMakeFiles/tag.dir/matroska/ebml/ebmlstringelement.cpp.o
[ 92%] Building CXX object taglib/CMakeFiles/tag.dir/matroska/ebml/ebmluintelement.cpp.o
[ 93%] Building CXX object taglib/CMakeFiles/tag.dir/matroska/ebml/ebmlfloatelement.cpp.o
[ 94%] Building CXX object taglib/CMakeFiles/tag.dir/matroska/ebml/ebmlutils.cpp.o
[ 94%] Building CXX object taglib/CMakeFiles/tag.dir/matroska/ebml/ebmlvoidelement.cpp.o
[ 95%] Building CXX object taglib/CMakeFiles/tag.dir/tag.cpp.o
[ 96%] Building CXX object taglib/CMakeFiles/tag.dir/tagunion.cpp.o
[ 97%] Building CXX object taglib/CMakeFiles/tag.dir/fileref.cpp.o
[ 98%] Building CXX object taglib/CMakeFiles/tag.dir/audioproperties.cpp.o
[ 99%] Building CXX object taglib/CMakeFiles/tag.dir/tagutils.cpp.o
[100%] Linking CXX static library libtag.a
[100%] Built target tag
-- Installing: /home/runner/work/Auxio-TS/Auxio-TS/musikr/src/main/cpp/taglib/pkg/armeabi-v7a/bin/taglib-config
-- Installing: /home/runner/work/Auxio-TS/Auxio-TS/musikr/src/main/cpp/taglib/pkg/armeabi-v7a/lib/pkgconfig/taglib.pc
-- Installing: /home/runner/work/Auxio-TS/Auxio-TS/musikr/src/main/cpp/taglib/pkg/armeabi-v7a/share/utf8cpp/cmake/utf8cppTargets.cmake
-- Installing: /home/runner/work/Auxio-TS/Auxio-TS/musikr/src/main/cpp/taglib/pkg/armeabi-v7a/share/utf8cpp/cmake/utf8cppConfig.cmake
-- Installing: /home/runner/work/Auxio-TS/Auxio-TS/musikr/src/main/cpp/taglib/pkg/armeabi-v7a/share/utf8cpp/cmake/utf8cppConfigVersion.cmake
-- Installing: /home/runner/work/Auxio-TS/Auxio-TS/musikr/src/main/cpp/taglib/pkg/armeabi-v7a/include/utf8cpp/utf8.h
-- Installing: /home/runner/work/Auxio-TS/Auxio-TS/musikr/src/main/cpp/taglib/pkg/armeabi-v7a/include/utf8cpp/utf8
-- Installing: /home/runner/work/Auxio-TS/Auxio-TS/musikr/src/main/cpp/taglib/pkg/armeabi-v7a/include/utf8cpp/utf8/core.h
-- Installing: /home/runner/work/Auxio-TS/Auxio-TS/musikr/src/main/cpp/taglib/pkg/armeabi-v7a/include/utf8cpp/utf8/unchecked.h
-- Installing: /home/runner/work/Auxio-TS/Auxio-TS/musikr/src/main/cpp/taglib/pkg/armeabi-v7a/include/utf8cpp/utf8/checked.h
-- Installing: /home/runner/work/Auxio-TS/Auxio-TS/musikr/src/main/cpp/taglib/pkg/armeabi-v7a/include/utf8cpp/utf8/cpp17.h
-- Installing: /home/runner/work/Auxio-TS/Auxio-TS/musikr/src/main/cpp/taglib/pkg/armeabi-v7a/include/utf8cpp/utf8/cpp20.h
-- Installing: /home/runner/work/Auxio-TS/Auxio-TS/musikr/src/main/cpp/taglib/pkg/armeabi-v7a/include/utf8cpp/utf8/cpp11.h
-- Installing: /home/runner/work/Auxio-TS/Auxio-TS/musikr/src/main/cpp/taglib/pkg/armeabi-v7a/lib/libtag.a
-- Installing: /home/runner/work/Auxio-TS/Auxio-TS/musikr/src/main/cpp/taglib/pkg/armeabi-v7a/include/taglib/tag.h
-- Installing: /home/runner/work/Auxio-TS/Auxio-TS/musikr/src/main/cpp/taglib/pkg/armeabi-v7a/include/taglib/fileref.h
-- Installing: /home/runner/work/Auxio-TS/Auxio-TS/musikr/src/main/cpp/taglib/pkg/armeabi-v7a/include/taglib/audioproperties.h
-- Installing: /home/runner/work/Auxio-TS/Auxio-TS/musikr/src/main/cpp/taglib/pkg/armeabi-v7a/include/taglib/taglib_export.h
-- Installing: /home/runner/work/Auxio-TS/Auxio-TS/musikr/src/main/cpp/taglib/pkg/armeabi-v7a/include/taglib/taglib_config.h
-- Installing: /home/runner/work/Auxio-TS/Auxio-TS/musikr/src/main/cpp/taglib/pkg/armeabi-v7a/include/taglib/taglib.h
-- Installing: /home/runner/work/Auxio-TS/Auxio-TS/musikr/src/main/cpp/taglib/pkg/armeabi-v7a/include/taglib/tstring.h
-- Installing: /home/runner/work/Auxio-TS/Auxio-TS/musikr/src/main/cpp/taglib/pkg/armeabi-v7a/include/taglib/tlist.h
-- Installing: /home/runner/work/Auxio-TS/Auxio-TS/musikr/src/main/cpp/taglib/pkg/armeabi-v7a/include/taglib/tlist.tcc
-- Installing: /home/runner/work/Auxio-TS/Auxio-TS/musikr/src/main/cpp/taglib/pkg/armeabi-v7a/include/taglib/tstringlist.h
-- Installing: /home/runner/work/Auxio-TS/Auxio-TS/musikr/src/main/cpp/taglib/pkg/armeabi-v7a/include/taglib/tbytevector.h
-- Installing: /home/runner/work/Auxio-TS/Auxio-TS/musikr/src/main/cpp/taglib/pkg/armeabi-v7a/include/taglib/tbytevectorlist.h
-- Installing: /home/runner/work/Auxio-TS/Auxio-TS/musikr/src/main/cpp/taglib/pkg/armeabi-v7a/include/taglib/tvariant.h
-- Installing: /home/runner/work/Auxio-TS/Auxio-TS/musikr/src/main/cpp/taglib/pkg/armeabi-v7a/include/taglib/tbytevectorstream.h
-- Installing: /home/runner/work/Auxio-TS/Auxio-TS/musikr/src/main/cpp/taglib/pkg/armeabi-v7a/include/taglib/tiostream.h
-- Installing: /home/runner/work/Auxio-TS/Auxio-TS/musikr/src/main/cpp/taglib/pkg/armeabi-v7a/include/taglib/tfile.h
-- Installing: /home/runner/work/Auxio-TS/Auxio-TS/musikr/src/main/cpp/taglib/pkg/armeabi-v7a/include/taglib/tfilestream.h
-- Installing: /home/runner/work/Auxio-TS/Auxio-TS/musikr/src/main/cpp/taglib/pkg/armeabi-v7a/include/taglib/tmap.h
-- Installing: /home/runner/work/Auxio-TS/Auxio-TS/musikr/src/main/cpp/taglib/pkg/armeabi-v7a/include/taglib/tmap.tcc
-- Installing: /home/runner/work/Auxio-TS/Auxio-TS/musikr/src/main/cpp/taglib/pkg/armeabi-v7a/include/taglib/tpicturetype.h
-- Installing: /home/runner/work/Auxio-TS/Auxio-TS/musikr/src/main/cpp/taglib/pkg/armeabi-v7a/include/taglib/tpropertymap.h
-- Installing: /home/runner/work/Auxio-TS/Auxio-TS/musikr/src/main/cpp/taglib/pkg/armeabi-v7a/include/taglib/tdebuglistener.h
-- Installing: /home/runner/work/Auxio-TS/Auxio-TS/musikr/src/main/cpp/taglib/pkg/armeabi-v7a/include/taglib/tversionnumber.h
-- Installing: /home/runner/work/Auxio-TS/Auxio-TS/musikr/src/main/cpp/taglib/pkg/armeabi-v7a/include/taglib/mpegfile.h
-- Installing: /home/runner/work/Auxio-TS/Auxio-TS/musikr/src/main/cpp/taglib/pkg/armeabi-v7a/include/taglib/mpegproperties.h
-- Installing: /home/runner/work/Auxio-TS/Auxio-TS/musikr/src/main/cpp/taglib/pkg/armeabi-v7a/include/taglib/mpegheader.h
-- Installing: /home/runner/work/Auxio-TS/Auxio-TS/musikr/src/main/cpp/taglib/pkg/armeabi-v7a/include/taglib/xingheader.h
-- Installing: /home/runner/work/Auxio-TS/Auxio-TS/musikr/src/main/cpp/taglib/pkg/armeabi-v7a/include/taglib/id3v1tag.h
-- Installing: /home/runner/work/Auxio-TS/Auxio-TS/musikr/src/main/cpp/taglib/pkg/armeabi-v7a/include/taglib/id3v1genres.h
-- Installing: /home/runner/work/Auxio-TS/Auxio-TS/musikr/src/main/cpp/taglib/pkg/armeabi-v7a/include/taglib/id3v2.h
-- Installing: /home/runner/work/Auxio-TS/Auxio-TS/musikr/src/main/cpp/taglib/pkg/armeabi-v7a/include/taglib/id3v2extendedheader.h
-- Installing: /home/runner/work/Auxio-TS/Auxio-TS/musikr/src/main/cpp/taglib/pkg/armeabi-v7a/include/taglib/id3v2frame.h
-- Installing: /home/runner/work/Auxio-TS/Auxio-TS/musikr/src/main/cpp/taglib/pkg/armeabi-v7a/include/taglib/id3v2header.h
-- Installing: /home/runner/work/Auxio-TS/Auxio-TS/musikr/src/main/cpp/taglib/pkg/armeabi-v7a/include/taglib/id3v2synchdata.h
-- Installing: /home/runner/work/Auxio-TS/Auxio-TS/musikr/src/main/cpp/taglib/pkg/armeabi-v7a/include/taglib/id3v2footer.h
-- Installing: /home/runner/work/Auxio-TS/Auxio-TS/musikr/src/main/cpp/taglib/pkg/armeabi-v7a/include/taglib/id3v2framefactory.h
-- Installing: /home/runner/work/Auxio-TS/Auxio-TS/musikr/src/main/cpp/taglib/pkg/armeabi-v7a/include/taglib/id3v2tag.h
-- Installing: /home/runner/work/Auxio-TS/Auxio-TS/musikr/src/main/cpp/taglib/pkg/armeabi-v7a/include/taglib/attachedpictureframe.h
-- Installing: /home/runner/work/Auxio-TS/Auxio-TS/musikr/src/main/cpp/taglib/pkg/armeabi-v7a/include/taglib/commentsframe.h
-- Installing: /home/runner/work/Auxio-TS/Auxio-TS/musikr/src/main/cpp/taglib/pkg/armeabi-v7a/include/taglib/eventtimingcodesframe.h
-- Installing: /home/runner/work/Auxio-TS/Auxio-TS/musikr/src/main/cpp/taglib/pkg/armeabi-v7a/include/taglib/generalencapsulatedobjectframe.h
-- Installing: /home/runner/work/Auxio-TS/Auxio-TS/musikr/src/main/cpp/taglib/pkg/armeabi-v7a/include/taglib/ownershipframe.h
-- Installing: /home/runner/work/Auxio-TS/Auxio-TS/musikr/src/main/cpp/taglib/pkg/armeabi-v7a/include/taglib/popularimeterframe.h
-- Installing: /home/runner/work/Auxio-TS/Auxio-TS/musikr/src/main/cpp/taglib/pkg/armeabi-v7a/include/taglib/privateframe.h
-- Installing: /home/runner/work/Auxio-TS/Auxio-TS/musikr/src/main/cpp/taglib/pkg/armeabi-v7a/include/taglib/relativevolumeframe.h
-- Installing: /home/runner/work/Auxio-TS/Auxio-TS/musikr/src/main/cpp/taglib/pkg/armeabi-v7a/include/taglib/synchronizedlyricsframe.h
-- Installing: /home/runner/work/Auxio-TS/Auxio-TS/musikr/src/main/cpp/taglib/pkg/armeabi-v7a/include/taglib/textidentificationframe.h
-- Installing: /home/runner/work/Auxio-TS/Auxio-TS/musikr/src/main/cpp/taglib/pkg/armeabi-v7a/include/taglib/uniquefileidentifierframe.h
-- Installing: /home/runner/work/Auxio-TS/Auxio-TS/musikr/src/main/cpp/taglib/pkg/armeabi-v7a/include/taglib/unknownframe.h
-- Installing: /home/runner/work/Auxio-TS/Auxio-TS/musikr/src/main/cpp/taglib/pkg/armeabi-v7a/include/taglib/unsynchronizedlyricsframe.h
-- Installing: /home/runner/work/Auxio-TS/Auxio-TS/musikr/src/main/cpp/taglib/pkg/armeabi-v7a/include/taglib/urllinkframe.h
-- Installing: /home/runner/work/Auxio-TS/Auxio-TS/musikr/src/main/cpp/taglib/pkg/armeabi-v7a/include/taglib/chapterframe.h
-- Installing: /home/runner/work/Auxio-TS/Auxio-TS/musikr/src/main/cpp/taglib/pkg/armeabi-v7a/include/taglib/tableofcontentsframe.h
-- Installing: /home/runner/work/Auxio-TS/Auxio-TS/musikr/src/main/cpp/taglib/pkg/armeabi-v7a/include/taglib/podcastframe.h
-- Installing: /home/runner/work/Auxio-TS/Auxio-TS/musikr/src/main/cpp/taglib/pkg/armeabi-v7a/include/taglib/oggfile.h
-- Installing: /home/runner/work/Auxio-TS/Auxio-TS/musikr/src/main/cpp/taglib/pkg/armeabi-v7a/include/taglib/oggpage.h
-- Installing: /home/runner/work/Auxio-TS/Auxio-TS/musikr/src/main/cpp/taglib/pkg/armeabi-v7a/include/taglib/oggpageheader.h
-- Installing: /home/runner/work/Auxio-TS/Auxio-TS/musikr/src/main/cpp/taglib/pkg/armeabi-v7a/include/taglib/xiphcomment.h
-- Installing: /home/runner/work/Auxio-TS/Auxio-TS/musikr/src/main/cpp/taglib/pkg/armeabi-v7a/include/taglib/vorbisfile.h
-- Installing: /home/runner/work/Auxio-TS/Auxio-TS/musikr/src/main/cpp/taglib/pkg/armeabi-v7a/include/taglib/vorbisproperties.h
-- Installing: /home/runner/work/Auxio-TS/Auxio-TS/musikr/src/main/cpp/taglib/pkg/armeabi-v7a/include/taglib/oggflacfile.h
-- Installing: /home/runner/work/Auxio-TS/Auxio-TS/musikr/src/main/cpp/taglib/pkg/armeabi-v7a/include/taglib/speexfile.h
-- Installing: /home/runner/work/Auxio-TS/Auxio-TS/musikr/src/main/cpp/taglib/pkg/armeabi-v7a/include/taglib/speexproperties.h
-- Installing: /home/runner/work/Auxio-TS/Auxio-TS/musikr/src/main/cpp/taglib/pkg/armeabi-v7a/include/taglib/opusfile.h
-- Installing: /home/runner/work/Auxio-TS/Auxio-TS/musikr/src/main/cpp/taglib/pkg/armeabi-v7a/include/taglib/opusproperties.h
-- Installing: /home/runner/work/Auxio-TS/Auxio-TS/musikr/src/main/cpp/taglib/pkg/armeabi-v7a/include/taglib/flacfile.h
-- Installing: /home/runner/work/Auxio-TS/Auxio-TS/musikr/src/main/cpp/taglib/pkg/armeabi-v7a/include/taglib/flacpicture.h
-- Installing: /home/runner/work/Auxio-TS/Auxio-TS/musikr/src/main/cpp/taglib/pkg/armeabi-v7a/include/taglib/flacproperties.h
-- Installing: /home/runner/work/Auxio-TS/Auxio-TS/musikr/src/main/cpp/taglib/pkg/armeabi-v7a/include/taglib/flacmetadatablock.h
-- Installing: /home/runner/work/Auxio-TS/Auxio-TS/musikr/src/main/cpp/taglib/pkg/armeabi-v7a/include/taglib/rifffile.h
-- Installing: /home/runner/work/Auxio-TS/Auxio-TS/musikr/src/main/cpp/taglib/pkg/armeabi-v7a/include/taglib/aifffile.h
-- Installing: /home/runner/work/Auxio-TS/Auxio-TS/musikr/src/main/cpp/taglib/pkg/armeabi-v7a/include/taglib/aiffproperties.h
-- Installing: /home/runner/work/Auxio-TS/Auxio-TS/musikr/src/main/cpp/taglib/pkg/armeabi-v7a/include/taglib/wavfile.h
-- Installing: /home/runner/work/Auxio-TS/Auxio-TS/musikr/src/main/cpp/taglib/pkg/armeabi-v7a/include/taglib/wavproperties.h
-- Installing: /home/runner/work/Auxio-TS/Auxio-TS/musikr/src/main/cpp/taglib/pkg/armeabi-v7a/include/taglib/infotag.h
-- Installing: /home/runner/work/Auxio-TS/Auxio-TS/musikr/src/main/cpp/taglib/pkg/armeabi-v7a/include/taglib/mp4file.h
-- Installing: /home/runner/work/Auxio-TS/Auxio-TS/musikr/src/main/cpp/taglib/pkg/armeabi-v7a/include/taglib/mp4atom.h
-- Installing: /home/runner/work/Auxio-TS/Auxio-TS/musikr/src/main/cpp/taglib/pkg/armeabi-v7a/include/taglib/mp4tag.h
-- Installing: /home/runner/work/Auxio-TS/Auxio-TS/musikr/src/main/cpp/taglib/pkg/armeabi-v7a/include/taglib/mp4item.h
-- Installing: /home/runner/work/Auxio-TS/Auxio-TS/musikr/src/main/cpp/taglib/pkg/armeabi-v7a/include/taglib/mp4properties.h
-- Installing: /home/runner/work/Auxio-TS/Auxio-TS/musikr/src/main/cpp/taglib/pkg/armeabi-v7a/include/taglib/mp4coverart.h
-- Installing: /home/runner/work/Auxio-TS/Auxio-TS/musikr/src/main/cpp/taglib/pkg/armeabi-v7a/include/taglib/mp4stem.h
-- Installing: /home/runner/work/Auxio-TS/Auxio-TS/musikr/src/main/cpp/taglib/pkg/armeabi-v7a/include/taglib/mp4itemfactory.h
-- Installing: /home/runner/work/Auxio-TS/Auxio-TS/musikr/src/main/cpp/taglib/pkg/armeabi-v7a/include/taglib/mp4chapter.h
-- Installing: /home/runner/work/Auxio-TS/Auxio-TS/musikr/src/main/cpp/taglib/pkg/armeabi-v7a/include/taglib/mp4chapterholder.h
-- Installing: /home/runner/work/Auxio-TS/Auxio-TS/musikr/src/main/cpp/taglib/pkg/armeabi-v7a/include/taglib/mp4nerochapterlist.h
-- Installing: /home/runner/work/Auxio-TS/Auxio-TS/musikr/src/main/cpp/taglib/pkg/armeabi-v7a/include/taglib/mp4qtchapterlist.h
-- Installing: /home/runner/work/Auxio-TS/Auxio-TS/musikr/src/main/cpp/taglib/pkg/armeabi-v7a/include/taglib/dsffile.h
-- Installing: /home/runner/work/Auxio-TS/Auxio-TS/musikr/src/main/cpp/taglib/pkg/armeabi-v7a/include/taglib/dsfproperties.h
-- Installing: /home/runner/work/Auxio-TS/Auxio-TS/musikr/src/main/cpp/taglib/pkg/armeabi-v7a/include/taglib/dsdifffile.h
-- Installing: /home/runner/work/Auxio-TS/Auxio-TS/musikr/src/main/cpp/taglib/pkg/armeabi-v7a/include/taglib/dsdiffproperties.h
-- Installing: /home/runner/work/Auxio-TS/Auxio-TS/musikr/src/main/cpp/taglib/pkg/armeabi-v7a/include/taglib/dsdiffdiintag.h
-- Installing: /home/runner/work/Auxio-TS/Auxio-TS/musikr/src/main/cpp/taglib/pkg/armeabi-v7a/include/taglib/matroskaattachedfile.h
-- Installing: /home/runner/work/Auxio-TS/Auxio-TS/musikr/src/main/cpp/taglib/pkg/armeabi-v7a/include/taglib/matroskaattachments.h
-- Installing: /home/runner/work/Auxio-TS/Auxio-TS/musikr/src/main/cpp/taglib/pkg/armeabi-v7a/include/taglib/matroskachapter.h
-- Installing: /home/runner/work/Auxio-TS/Auxio-TS/musikr/src/main/cpp/taglib/pkg/armeabi-v7a/include/taglib/matroskachapteredition.h
-- Installing: /home/runner/work/Auxio-TS/Auxio-TS/musikr/src/main/cpp/taglib/pkg/armeabi-v7a/include/taglib/matroskachapters.h
-- Installing: /home/runner/work/Auxio-TS/Auxio-TS/musikr/src/main/cpp/taglib/pkg/armeabi-v7a/include/taglib/matroskaelement.h
-- Installing: /home/runner/work/Auxio-TS/Auxio-TS/musikr/src/main/cpp/taglib/pkg/armeabi-v7a/include/taglib/matroskafile.h
-- Installing: /home/runner/work/Auxio-TS/Auxio-TS/musikr/src/main/cpp/taglib/pkg/armeabi-v7a/include/taglib/matroskaproperties.h
-- Installing: /home/runner/work/Auxio-TS/Auxio-TS/musikr/src/main/cpp/taglib/pkg/armeabi-v7a/include/taglib/matroskasimpletag.h
-- Installing: /home/runner/work/Auxio-TS/Auxio-TS/musikr/src/main/cpp/taglib/pkg/armeabi-v7a/include/taglib/matroskatag.h
-- Installing: /home/runner/work/Auxio-TS/Auxio-TS/musikr/src/main/cpp/taglib/pkg/armeabi-v7a/include/taglib/matroskawritestyle.h
-- Installing: /home/runner/work/Auxio-TS/Auxio-TS/musikr/src/main/cpp/taglib/pkg/armeabi-v7a/lib/cmake/taglib/taglib-targets.cmake
-- Installing: /home/runner/work/Auxio-TS/Auxio-TS/musikr/src/main/cpp/taglib/pkg/armeabi-v7a/lib/cmake/taglib/taglib-targets-release.cmake
-- Installing: /home/runner/work/Auxio-TS/Auxio-TS/musikr/src/main/cpp/taglib/pkg/armeabi-v7a/lib/cmake/taglib/taglib-config.cmake
-- Installing: /home/runner/work/Auxio-TS/Auxio-TS/musikr/src/main/cpp/taglib/pkg/armeabi-v7a/lib/cmake/taglib/taglib-config-version.cmake
-- Android: Targeting API '21' with architecture 'arm64', ABI 'arm64-v8a', and processor 'aarch64'
-- Android: Selected unified Clang toolchain
-- The C compiler identification is Clang 19.0.1
-- The CXX compiler identification is Clang 19.0.1
-- Detecting C compiler ABI info
-- Detecting C compiler ABI info - done
-- Check for working C compiler: /usr/local/lib/android/sdk/ndk/28.2.13676358/toolchains/llvm/prebuilt/linux-x86_64/bin/clang - skipped
-- Detecting C compile features
-- Detecting C compile features - done
-- Detecting CXX compiler ABI info
-- Detecting CXX compiler ABI info - done
-- Check for working CXX compiler: /usr/local/lib/android/sdk/ndk/28.2.13676358/toolchains/llvm/prebuilt/linux-x86_64/bin/clang++ - skipped
-- Detecting CXX compile features
-- Detecting CXX compile features - done
-- Looking for sys/types.h
-- Looking for sys/types.h - found
-- Looking for stdint.h
-- Looking for stdint.h - found
-- Looking for stddef.h
-- Looking for stddef.h - found
-- Check size of short
-- Check size of short - done
-- Check size of int
-- Check size of int - done
-- Check size of long long
-- Check size of long long - done
-- Check size of wchar_t
-- Check size of wchar_t - done
-- Check size of float
-- Check size of float - done
-- Check size of double
-- Check size of double - done
-- Performing Test HAVE_GCC_BYTESWAP
-- Performing Test HAVE_GCC_BYTESWAP - Success
-- Performing Test HAVE_ISO_STRDUP
-- Performing Test HAVE_ISO_STRDUP - Failed
-- Could NOT find utf8cpp (missing: utf8cpp_INCLUDE_DIR) 
-- Using utfcpp from /home/runner/work/Auxio-TS/Auxio-TS/musikr/src/main/cpp/taglib/3rdparty/utfcpp
-- 
-- Configuring done (1.4s)
-- Generating done (0.0s)
-- Build files have been written to: /home/runner/work/Auxio-TS/Auxio-TS/musikr/src/main/cpp/taglib/build/arm64-v8a
[  0%] Building CXX object taglib/CMakeFiles/tag.dir/mpeg/mpegfile.cpp.o
[  2%] Building CXX object taglib/CMakeFiles/tag.dir/mpeg/mpegproperties.cpp.o
[  2%] Building CXX object taglib/CMakeFiles/tag.dir/mpeg/mpegheader.cpp.o
[  3%] Building CXX object taglib/CMakeFiles/tag.dir/mpeg/xingheader.cpp.o
[  4%] Building CXX object taglib/CMakeFiles/tag.dir/mpeg/id3v1/id3v1tag.cpp.o
[  5%] Building CXX object taglib/CMakeFiles/tag.dir/mpeg/id3v1/id3v1genres.cpp.o
[  5%] Building CXX object taglib/CMakeFiles/tag.dir/mpeg/id3v2/id3v2framefactory.cpp.o
[  6%] Building CXX object taglib/CMakeFiles/tag.dir/mpeg/id3v2/id3v2synchdata.cpp.o
[  7%] Building CXX object taglib/CMakeFiles/tag.dir/mpeg/id3v2/id3v2tag.cpp.o
[  8%] Building CXX object taglib/CMakeFiles/tag.dir/mpeg/id3v2/id3v2header.cpp.o
[  9%] Building CXX object taglib/CMakeFiles/tag.dir/mpeg/id3v2/id3v2frame.cpp.o
[ 10%] Building CXX object taglib/CMakeFiles/tag.dir/mpeg/id3v2/id3v2footer.cpp.o
[ 11%] Building CXX object taglib/CMakeFiles/tag.dir/mpeg/id3v2/id3v2extendedheader.cpp.o
[ 11%] Building CXX object taglib/CMakeFiles/tag.dir/mpeg/id3v2/frames/attachedpictureframe.cpp.o
[ 12%] Building CXX object taglib/CMakeFiles/tag.dir/mpeg/id3v2/frames/commentsframe.cpp.o
[ 13%] Building CXX object taglib/CMakeFiles/tag.dir/mpeg/id3v2/frames/eventtimingcodesframe.cpp.o
[ 14%] Building CXX object taglib/CMakeFiles/tag.dir/mpeg/id3v2/frames/generalencapsulatedobjectframe.cpp.o
[ 15%] Building CXX object taglib/CMakeFiles/tag.dir/mpeg/id3v2/frames/ownershipframe.cpp.o
[ 16%] Building CXX object taglib/CMakeFiles/tag.dir/mpeg/id3v2/frames/popularimeterframe.cpp.o
[ 16%] Building CXX object taglib/CMakeFiles/tag.dir/mpeg/id3v2/frames/privateframe.cpp.o
[ 17%] Building CXX object taglib/CMakeFiles/tag.dir/mpeg/id3v2/frames/relativevolumeframe.cpp.o
[ 18%] Building CXX object taglib/CMakeFiles/tag.dir/mpeg/id3v2/frames/synchronizedlyricsframe.cpp.o
[ 19%] Building CXX object taglib/CMakeFiles/tag.dir/mpeg/id3v2/frames/textidentificationframe.cpp.o
[ 20%] Building CXX object taglib/CMakeFiles/tag.dir/mpeg/id3v2/frames/uniquefileidentifierframe.cpp.o
[ 21%] Building CXX object taglib/CMakeFiles/tag.dir/mpeg/id3v2/frames/unknownframe.cpp.o
[ 22%] Building CXX object taglib/CMakeFiles/tag.dir/mpeg/id3v2/frames/unsynchronizedlyricsframe.cpp.o
[ 22%] Building CXX object taglib/CMakeFiles/tag.dir/mpeg/id3v2/frames/urllinkframe.cpp.o
[ 23%] Building CXX object taglib/CMakeFiles/tag.dir/mpeg/id3v2/frames/chapterframe.cpp.o
[ 24%] Building CXX object taglib/CMakeFiles/tag.dir/mpeg/id3v2/frames/tableofcontentsframe.cpp.o
[ 25%] Building CXX object taglib/CMakeFiles/tag.dir/mpeg/id3v2/frames/podcastframe.cpp.o
[ 26%] Building CXX object taglib/CMakeFiles/tag.dir/ogg/oggfile.cpp.o
[ 27%] Building CXX object taglib/CMakeFiles/tag.dir/ogg/oggpage.cpp.o
[ 27%] Building CXX object taglib/CMakeFiles/tag.dir/ogg/oggpageheader.cpp.o
[ 28%] Building CXX object taglib/CMakeFiles/tag.dir/ogg/xiphcomment.cpp.o
[ 29%] Building CXX object taglib/CMakeFiles/tag.dir/ogg/vorbis/vorbisfile.cpp.o
[ 30%] Building CXX object taglib/CMakeFiles/tag.dir/ogg/vorbis/vorbisproperties.cpp.o
[ 31%] Building CXX object taglib/CMakeFiles/tag.dir/ogg/flac/oggflacfile.cpp.o
[ 32%] Building CXX object taglib/CMakeFiles/tag.dir/toolkit/tstring.cpp.o
[ 33%] Building CXX object taglib/CMakeFiles/tag.dir/toolkit/tstringlist.cpp.o
[ 33%] Building CXX object taglib/CMakeFiles/tag.dir/toolkit/tbytevector.cpp.o
[ 34%] Building CXX object taglib/CMakeFiles/tag.dir/toolkit/tbytevectorlist.cpp.o
[ 35%] Building CXX object taglib/CMakeFiles/tag.dir/toolkit/tvariant.cpp.o
[ 36%] Building CXX object taglib/CMakeFiles/tag.dir/toolkit/tbytevectorstream.cpp.o
[ 37%] Building CXX object taglib/CMakeFiles/tag.dir/toolkit/tiostream.cpp.o
[ 38%] Building CXX object taglib/CMakeFiles/tag.dir/toolkit/tfile.cpp.o
[ 38%] Building CXX object taglib/CMakeFiles/tag.dir/toolkit/tfilestream.cpp.o
[ 39%] Building CXX object taglib/CMakeFiles/tag.dir/toolkit/tdebug.cpp.o
[ 40%] Building CXX object taglib/CMakeFiles/tag.dir/toolkit/tpicturetype.cpp.o
[ 41%] Building CXX object taglib/CMakeFiles/tag.dir/toolkit/tpropertymap.cpp.o
[ 42%] Building CXX object taglib/CMakeFiles/tag.dir/toolkit/tdebuglistener.cpp.o
[ 43%] Building CXX object taglib/CMakeFiles/tag.dir/toolkit/tzlib.cpp.o
[ 44%] Building CXX object taglib/CMakeFiles/tag.dir/toolkit/tversionnumber.cpp.o
[ 44%] Building CXX object taglib/CMakeFiles/tag.dir/flac/flacfile.cpp.o
[ 45%] Building CXX object taglib/CMakeFiles/tag.dir/flac/flacpicture.cpp.o
[ 46%] Building CXX object taglib/CMakeFiles/tag.dir/flac/flacproperties.cpp.o
[ 47%] Building CXX object taglib/CMakeFiles/tag.dir/flac/flacmetadatablock.cpp.o
[ 48%] Building CXX object taglib/CMakeFiles/tag.dir/flac/flacunknownmetadatablock.cpp.o
[ 49%] Building CXX object taglib/CMakeFiles/tag.dir/ogg/speex/speexfile.cpp.o
[ 50%] Building CXX object taglib/CMakeFiles/tag.dir/ogg/speex/speexproperties.cpp.o
[ 50%] Building CXX object taglib/CMakeFiles/tag.dir/riff/rifffile.cpp.o
[ 51%] Building CXX object taglib/CMakeFiles/tag.dir/riff/aiff/aifffile.cpp.o
[ 52%] Building CXX object taglib/CMakeFiles/tag.dir/riff/aiff/aiffproperties.cpp.o
[ 53%] Building CXX object taglib/CMakeFiles/tag.dir/riff/wav/wavfile.cpp.o
[ 54%] Building CXX object taglib/CMakeFiles/tag.dir/riff/wav/wavproperties.cpp.o
[ 55%] Building CXX object taglib/CMakeFiles/tag.dir/riff/wav/infotag.cpp.o
[ 55%] Building CXX object taglib/CMakeFiles/tag.dir/mp4/mp4file.cpp.o
[ 56%] Building CXX object taglib/CMakeFiles/tag.dir/mp4/mp4atom.cpp.o
[ 57%] Building CXX object taglib/CMakeFiles/tag.dir/mp4/mp4tag.cpp.o
[ 58%] Building CXX object taglib/CMakeFiles/tag.dir/mp4/mp4item.cpp.o
[ 59%] Building CXX object taglib/CMakeFiles/tag.dir/mp4/mp4properties.cpp.o
[ 60%] Building CXX object taglib/CMakeFiles/tag.dir/mp4/mp4coverart.cpp.o
[ 61%] Building CXX object taglib/CMakeFiles/tag.dir/mp4/mp4stem.cpp.o
[ 61%] Building CXX object taglib/CMakeFiles/tag.dir/mp4/mp4itemfactory.cpp.o
[ 62%] Building CXX object taglib/CMakeFiles/tag.dir/mp4/mp4chapter.cpp.o
[ 63%] Building CXX object taglib/CMakeFiles/tag.dir/mp4/mp4nerochapterlist.cpp.o
[ 64%] Building CXX object taglib/CMakeFiles/tag.dir/mp4/mp4qtchapterlist.cpp.o
[ 65%] Building CXX object taglib/CMakeFiles/tag.dir/ogg/opus/opusfile.cpp.o
[ 66%] Building CXX object taglib/CMakeFiles/tag.dir/ogg/opus/opusproperties.cpp.o
[ 66%] Building CXX object taglib/CMakeFiles/tag.dir/dsf/dsffile.cpp.o
[ 67%] Building CXX object taglib/CMakeFiles/tag.dir/dsf/dsfproperties.cpp.o
[ 68%] Building CXX object taglib/CMakeFiles/tag.dir/dsdiff/dsdifffile.cpp.o
[ 69%] Building CXX object taglib/CMakeFiles/tag.dir/dsdiff/dsdiffproperties.cpp.o
[ 70%] Building CXX object taglib/CMakeFiles/tag.dir/dsdiff/dsdiffdiintag.cpp.o
[INFO] Gradle still running: 2m 30s elapsed; no output for 1s
[ 71%] Building CXX object taglib/CMakeFiles/tag.dir/matroska/matroskaattachedfile.cpp.o
[ 72%] Building CXX object taglib/CMakeFiles/tag.dir/matroska/matroskaattachments.cpp.o
[ 72%] Building CXX object taglib/CMakeFiles/tag.dir/matroska/matroskachapter.cpp.o
[ 73%] Building CXX object taglib/CMakeFiles/tag.dir/matroska/matroskachapteredition.cpp.o
[ 74%] Building CXX object taglib/CMakeFiles/tag.dir/matroska/matroskachapters.cpp.o
[ 75%] Building CXX object taglib/CMakeFiles/tag.dir/matroska/matroskacues.cpp.o
[ 76%] Building CXX object taglib/CMakeFiles/tag.dir/matroska/matroskaelement.cpp.o
[ 77%] Building CXX object taglib/CMakeFiles/tag.dir/matroska/matroskafile.cpp.o
[ 77%] Building CXX object taglib/CMakeFiles/tag.dir/matroska/matroskaproperties.cpp.o
[ 78%] Building CXX object taglib/CMakeFiles/tag.dir/matroska/matroskaseekhead.cpp.o
[ 79%] Building CXX object taglib/CMakeFiles/tag.dir/matroska/matroskasegment.cpp.o
[ 80%] Building CXX object taglib/CMakeFiles/tag.dir/matroska/matroskasimpletag.cpp.o
[ 81%] Building CXX object taglib/CMakeFiles/tag.dir/matroska/matroskatag.cpp.o
[ 82%] Building CXX object taglib/CMakeFiles/tag.dir/matroska/ebml/ebmlbinaryelement.cpp.o
[ 83%] Building CXX object taglib/CMakeFiles/tag.dir/matroska/ebml/ebmlelement.cpp.o
[ 83%] Building CXX object taglib/CMakeFiles/tag.dir/matroska/ebml/ebmlmasterelement.cpp.o
[ 84%] Building CXX object taglib/CMakeFiles/tag.dir/matroska/ebml/ebmlmkattachments.cpp.o
[ 85%] Building CXX object taglib/CMakeFiles/tag.dir/matroska/ebml/ebmlmkchapters.cpp.o
[ 86%] Building CXX object taglib/CMakeFiles/tag.dir/matroska/ebml/ebmlmkcues.cpp.o
[ 87%] Building CXX object taglib/CMakeFiles/tag.dir/matroska/ebml/ebmlmkseekhead.cpp.o
[ 88%] Building CXX object taglib/CMakeFiles/tag.dir/matroska/ebml/ebmlmksegment.cpp.o
[ 88%] Building CXX object taglib/CMakeFiles/tag.dir/matroska/ebml/ebmlmkinfo.cpp.o
[ 89%] Building CXX object taglib/CMakeFiles/tag.dir/matroska/ebml/ebmlmktracks.cpp.o
[ 90%] Building CXX object taglib/CMakeFiles/tag.dir/matroska/ebml/ebmlmktags.cpp.o
[ 91%] Building CXX object taglib/CMakeFiles/tag.dir/matroska/ebml/ebmlstringelement.cpp.o
[ 92%] Building CXX object taglib/CMakeFiles/tag.dir/matroska/ebml/ebmluintelement.cpp.o
[ 93%] Building CXX object taglib/CMakeFiles/tag.dir/matroska/ebml/ebmlfloatelement.cpp.o
[ 94%] Building CXX object taglib/CMakeFiles/tag.dir/matroska/ebml/ebmlutils.cpp.o
[ 94%] Building CXX object taglib/CMakeFiles/tag.dir/matroska/ebml/ebmlvoidelement.cpp.o
[ 95%] Building CXX object taglib/CMakeFiles/tag.dir/tag.cpp.o
[ 96%] Building CXX object taglib/CMakeFiles/tag.dir/tagunion.cpp.o
[ 97%] Building CXX object taglib/CMakeFiles/tag.dir/fileref.cpp.o
[ 98%] Building CXX object taglib/CMakeFiles/tag.dir/audioproperties.cpp.o
[ 99%] Building CXX object taglib/CMakeFiles/tag.dir/tagutils.cpp.o
[100%] Linking CXX static library libtag.a
[100%] Built target tag
-- Installing: /home/runner/work/Auxio-TS/Auxio-TS/musikr/src/main/cpp/taglib/pkg/arm64-v8a/bin/taglib-config
-- Installing: /home/runner/work/Auxio-TS/Auxio-TS/musikr/src/main/cpp/taglib/pkg/arm64-v8a/lib/pkgconfig/taglib.pc
-- Installing: /home/runner/work/Auxio-TS/Auxio-TS/musikr/src/main/cpp/taglib/pkg/arm64-v8a/share/utf8cpp/cmake/utf8cppTargets.cmake
-- Installing: /home/runner/work/Auxio-TS/Auxio-TS/musikr/src/main/cpp/taglib/pkg/arm64-v8a/share/utf8cpp/cmake/utf8cppConfig.cmake
-- Installing: /home/runner/work/Auxio-TS/Auxio-TS/musikr/src/main/cpp/taglib/pkg/arm64-v8a/share/utf8cpp/cmake/utf8cppConfigVersion.cmake
-- Installing: /home/runner/work/Auxio-TS/Auxio-TS/musikr/src/main/cpp/taglib/pkg/arm64-v8a/include/utf8cpp/utf8.h
-- Installing: /home/runner/work/Auxio-TS/Auxio-TS/musikr/src/main/cpp/taglib/pkg/arm64-v8a/include/utf8cpp/utf8
-- Installing: /home/runner/work/Auxio-TS/Auxio-TS/musikr/src/main/cpp/taglib/pkg/arm64-v8a/include/utf8cpp/utf8/core.h
-- Installing: /home/runner/work/Auxio-TS/Auxio-TS/musikr/src/main/cpp/taglib/pkg/arm64-v8a/include/utf8cpp/utf8/unchecked.h
-- Installing: /home/runner/work/Auxio-TS/Auxio-TS/musikr/src/main/cpp/taglib/pkg/arm64-v8a/include/utf8cpp/utf8/checked.h
-- Installing: /home/runner/work/Auxio-TS/Auxio-TS/musikr/src/main/cpp/taglib/pkg/arm64-v8a/include/utf8cpp/utf8/cpp17.h
-- Installing: /home/runner/work/Auxio-TS/Auxio-TS/musikr/src/main/cpp/taglib/pkg/arm64-v8a/include/utf8cpp/utf8/cpp20.h
-- Installing: /home/runner/work/Auxio-TS/Auxio-TS/musikr/src/main/cpp/taglib/pkg/arm64-v8a/include/utf8cpp/utf8/cpp11.h
-- Installing: /home/runner/work/Auxio-TS/Auxio-TS/musikr/src/main/cpp/taglib/pkg/arm64-v8a/lib/libtag.a
-- Installing: /home/runner/work/Auxio-TS/Auxio-TS/musikr/src/main/cpp/taglib/pkg/arm64-v8a/include/taglib/tag.h
-- Installing: /home/runner/work/Auxio-TS/Auxio-TS/musikr/src/main/cpp/taglib/pkg/arm64-v8a/include/taglib/fileref.h
-- Installing: /home/runner/work/Auxio-TS/Auxio-TS/musikr/src/main/cpp/taglib/pkg/arm64-v8a/include/taglib/audioproperties.h
-- Installing: /home/runner/work/Auxio-TS/Auxio-TS/musikr/src/main/cpp/taglib/pkg/arm64-v8a/include/taglib/taglib_export.h
-- Installing: /home/runner/work/Auxio-TS/Auxio-TS/musikr/src/main/cpp/taglib/pkg/arm64-v8a/include/taglib/taglib_config.h
-- Installing: /home/runner/work/Auxio-TS/Auxio-TS/musikr/src/main/cpp/taglib/pkg/arm64-v8a/include/taglib/taglib.h
-- Installing: /home/runner/work/Auxio-TS/Auxio-TS/musikr/src/main/cpp/taglib/pkg/arm64-v8a/include/taglib/tstring.h
-- Installing: /home/runner/work/Auxio-TS/Auxio-TS/musikr/src/main/cpp/taglib/pkg/arm64-v8a/include/taglib/tlist.h
-- Installing: /home/runner/work/Auxio-TS/Auxio-TS/musikr/src/main/cpp/taglib/pkg/arm64-v8a/include/taglib/tlist.tcc
-- Installing: /home/runner/work/Auxio-TS/Auxio-TS/musikr/src/main/cpp/taglib/pkg/arm64-v8a/include/taglib/tstringlist.h
-- Installing: /home/runner/work/Auxio-TS/Auxio-TS/musikr/src/main/cpp/taglib/pkg/arm64-v8a/include/taglib/tbytevector.h
-- Installing: /home/runner/work/Auxio-TS/Auxio-TS/musikr/src/main/cpp/taglib/pkg/arm64-v8a/include/taglib/tbytevectorlist.h
-- Installing: /home/runner/work/Auxio-TS/Auxio-TS/musikr/src/main/cpp/taglib/pkg/arm64-v8a/include/taglib/tvariant.h
-- Installing: /home/runner/work/Auxio-TS/Auxio-TS/musikr/src/main/cpp/taglib/pkg/arm64-v8a/include/taglib/tbytevectorstream.h
-- Installing: /home/runner/work/Auxio-TS/Auxio-TS/musikr/src/main/cpp/taglib/pkg/arm64-v8a/include/taglib/tiostream.h
-- Installing: /home/runner/work/Auxio-TS/Auxio-TS/musikr/src/main/cpp/taglib/pkg/arm64-v8a/include/taglib/tfile.h
-- Installing: /home/runner/work/Auxio-TS/Auxio-TS/musikr/src/main/cpp/taglib/pkg/arm64-v8a/include/taglib/tfilestream.h
-- Installing: /home/runner/work/Auxio-TS/Auxio-TS/musikr/src/main/cpp/taglib/pkg/arm64-v8a/include/taglib/tmap.h
-- Installing: /home/runner/work/Auxio-TS/Auxio-TS/musikr/src/main/cpp/taglib/pkg/arm64-v8a/include/taglib/tmap.tcc
-- Installing: /home/runner/work/Auxio-TS/Auxio-TS/musikr/src/main/cpp/taglib/pkg/arm64-v8a/include/taglib/tpicturetype.h
-- Installing: /home/runner/work/Auxio-TS/Auxio-TS/musikr/src/main/cpp/taglib/pkg/arm64-v8a/include/taglib/tpropertymap.h
-- Installing: /home/runner/work/Auxio-TS/Auxio-TS/musikr/src/main/cpp/taglib/pkg/arm64-v8a/include/taglib/tdebuglistener.h
-- Installing: /home/runner/work/Auxio-TS/Auxio-TS/musikr/src/main/cpp/taglib/pkg/arm64-v8a/include/taglib/tversionnumber.h
-- Installing: /home/runner/work/Auxio-TS/Auxio-TS/musikr/src/main/cpp/taglib/pkg/arm64-v8a/include/taglib/mpegfile.h
-- Installing: /home/runner/work/Auxio-TS/Auxio-TS/musikr/src/main/cpp/taglib/pkg/arm64-v8a/include/taglib/mpegproperties.h
-- Installing: /home/runner/work/Auxio-TS/Auxio-TS/musikr/src/main/cpp/taglib/pkg/arm64-v8a/include/taglib/mpegheader.h
-- Installing: /home/runner/work/Auxio-TS/Auxio-TS/musikr/src/main/cpp/taglib/pkg/arm64-v8a/include/taglib/xingheader.h
-- Installing: /home/runner/work/Auxio-TS/Auxio-TS/musikr/src/main/cpp/taglib/pkg/arm64-v8a/include/taglib/id3v1tag.h
-- Installing: /home/runner/work/Auxio-TS/Auxio-TS/musikr/src/main/cpp/taglib/pkg/arm64-v8a/include/taglib/id3v1genres.h
-- Installing: /home/runner/work/Auxio-TS/Auxio-TS/musikr/src/main/cpp/taglib/pkg/arm64-v8a/include/taglib/id3v2.h
-- Installing: /home/runner/work/Auxio-TS/Auxio-TS/musikr/src/main/cpp/taglib/pkg/arm64-v8a/include/taglib/id3v2extendedheader.h
-- Installing: /home/runner/work/Auxio-TS/Auxio-TS/musikr/src/main/cpp/taglib/pkg/arm64-v8a/include/taglib/id3v2frame.h
-- Installing: /home/runner/work/Auxio-TS/Auxio-TS/musikr/src/main/cpp/taglib/pkg/arm64-v8a/include/taglib/id3v2header.h
-- Installing: /home/runner/work/Auxio-TS/Auxio-TS/musikr/src/main/cpp/taglib/pkg/arm64-v8a/include/taglib/id3v2synchdata.h
-- Installing: /home/runner/work/Auxio-TS/Auxio-TS/musikr/src/main/cpp/taglib/pkg/arm64-v8a/include/taglib/id3v2footer.h
-- Installing: /home/runner/work/Auxio-TS/Auxio-TS/musikr/src/main/cpp/taglib/pkg/arm64-v8a/include/taglib/id3v2framefactory.h
-- Installing: /home/runner/work/Auxio-TS/Auxio-TS/musikr/src/main/cpp/taglib/pkg/arm64-v8a/include/taglib/id3v2tag.h
-- Installing: /home/runner/work/Auxio-TS/Auxio-TS/musikr/src/main/cpp/taglib/pkg/arm64-v8a/include/taglib/attachedpictureframe.h
-- Installing: /home/runner/work/Auxio-TS/Auxio-TS/musikr/src/main/cpp/taglib/pkg/arm64-v8a/include/taglib/commentsframe.h
-- Installing: /home/runner/work/Auxio-TS/Auxio-TS/musikr/src/main/cpp/taglib/pkg/arm64-v8a/include/taglib/eventtimingcodesframe.h
-- Installing: /home/runner/work/Auxio-TS/Auxio-TS/musikr/src/main/cpp/taglib/pkg/arm64-v8a/include/taglib/generalencapsulatedobjectframe.h
-- Installing: /home/runner/work/Auxio-TS/Auxio-TS/musikr/src/main/cpp/taglib/pkg/arm64-v8a/include/taglib/ownershipframe.h
-- Installing: /home/runner/work/Auxio-TS/Auxio-TS/musikr/src/main/cpp/taglib/pkg/arm64-v8a/include/taglib/popularimeterframe.h
-- Installing: /home/runner/work/Auxio-TS/Auxio-TS/musikr/src/main/cpp/taglib/pkg/arm64-v8a/include/taglib/privateframe.h
-- Installing: /home/runner/work/Auxio-TS/Auxio-TS/musikr/src/main/cpp/taglib/pkg/arm64-v8a/include/taglib/relativevolumeframe.h
-- Installing: /home/runner/work/Auxio-TS/Auxio-TS/musikr/src/main/cpp/taglib/pkg/arm64-v8a/include/taglib/synchronizedlyricsframe.h
-- Installing: /home/runner/work/Auxio-TS/Auxio-TS/musikr/src/main/cpp/taglib/pkg/arm64-v8a/include/taglib/textidentificationframe.h
-- Installing: /home/runner/work/Auxio-TS/Auxio-TS/musikr/src/main/cpp/taglib/pkg/arm64-v8a/include/taglib/uniquefileidentifierframe.h
-- Installing: /home/runner/work/Auxio-TS/Auxio-TS/musikr/src/main/cpp/taglib/pkg/arm64-v8a/include/taglib/unknownframe.h
-- Installing: /home/runner/work/Auxio-TS/Auxio-TS/musikr/src/main/cpp/taglib/pkg/arm64-v8a/include/taglib/unsynchronizedlyricsframe.h
-- Installing: /home/runner/work/Auxio-TS/Auxio-TS/musikr/src/main/cpp/taglib/pkg/arm64-v8a/include/taglib/urllinkframe.h
-- Installing: /home/runner/work/Auxio-TS/Auxio-TS/musikr/src/main/cpp/taglib/pkg/arm64-v8a/include/taglib/chapterframe.h
-- Installing: /home/runner/work/Auxio-TS/Auxio-TS/musikr/src/main/cpp/taglib/pkg/arm64-v8a/include/taglib/tableofcontentsframe.h
-- Installing: /home/runner/work/Auxio-TS/Auxio-TS/musikr/src/main/cpp/taglib/pkg/arm64-v8a/include/taglib/podcastframe.h
-- Installing: /home/runner/work/Auxio-TS/Auxio-TS/musikr/src/main/cpp/taglib/pkg/arm64-v8a/include/taglib/oggfile.h
-- Installing: /home/runner/work/Auxio-TS/Auxio-TS/musikr/src/main/cpp/taglib/pkg/arm64-v8a/include/taglib/oggpage.h
-- Installing: /home/runner/work/Auxio-TS/Auxio-TS/musikr/src/main/cpp/taglib/pkg/arm64-v8a/include/taglib/oggpageheader.h
-- Installing: /home/runner/work/Auxio-TS/Auxio-TS/musikr/src/main/cpp/taglib/pkg/arm64-v8a/include/taglib/xiphcomment.h
-- Installing: /home/runner/work/Auxio-TS/Auxio-TS/musikr/src/main/cpp/taglib/pkg/arm64-v8a/include/taglib/vorbisfile.h
-- Installing: /home/runner/work/Auxio-TS/Auxio-TS/musikr/src/main/cpp/taglib/pkg/arm64-v8a/include/taglib/vorbisproperties.h
-- Installing: /home/runner/work/Auxio-TS/Auxio-TS/musikr/src/main/cpp/taglib/pkg/arm64-v8a/include/taglib/oggflacfile.h
-- Installing: /home/runner/work/Auxio-TS/Auxio-TS/musikr/src/main/cpp/taglib/pkg/arm64-v8a/include/taglib/speexfile.h
-- Installing: /home/runner/work/Auxio-TS/Auxio-TS/musikr/src/main/cpp/taglib/pkg/arm64-v8a/include/taglib/speexproperties.h
-- Installing: /home/runner/work/Auxio-TS/Auxio-TS/musikr/src/main/cpp/taglib/pkg/arm64-v8a/include/taglib/opusfile.h
-- Installing: /home/runner/work/Auxio-TS/Auxio-TS/musikr/src/main/cpp/taglib/pkg/arm64-v8a/include/taglib/opusproperties.h
-- Installing: /home/runner/work/Auxio-TS/Auxio-TS/musikr/src/main/cpp/taglib/pkg/arm64-v8a/include/taglib/flacfile.h
-- Installing: /home/runner/work/Auxio-TS/Auxio-TS/musikr/src/main/cpp/taglib/pkg/arm64-v8a/include/taglib/flacpicture.h
-- Installing: /home/runner/work/Auxio-TS/Auxio-TS/musikr/src/main/cpp/taglib/pkg/arm64-v8a/include/taglib/flacproperties.h
-- Installing: /home/runner/work/Auxio-TS/Auxio-TS/musikr/src/main/cpp/taglib/pkg/arm64-v8a/include/taglib/flacmetadatablock.h
-- Installing: /home/runner/work/Auxio-TS/Auxio-TS/musikr/src/main/cpp/taglib/pkg/arm64-v8a/include/taglib/rifffile.h
-- Installing: /home/runner/work/Auxio-TS/Auxio-TS/musikr/src/main/cpp/taglib/pkg/arm64-v8a/include/taglib/aifffile.h
-- Installing: /home/runner/work/Auxio-TS/Auxio-TS/musikr/src/main/cpp/taglib/pkg/arm64-v8a/include/taglib/aiffproperties.h
-- Installing: /home/runner/work/Auxio-TS/Auxio-TS/musikr/src/main/cpp/taglib/pkg/arm64-v8a/include/taglib/wavfile.h
-- Installing: /home/runner/work/Auxio-TS/Auxio-TS/musikr/src/main/cpp/taglib/pkg/arm64-v8a/include/taglib/wavproperties.h
-- Installing: /home/runner/work/Auxio-TS/Auxio-TS/musikr/src/main/cpp/taglib/pkg/arm64-v8a/include/taglib/infotag.h
-- Installing: /home/runner/work/Auxio-TS/Auxio-TS/musikr/src/main/cpp/taglib/pkg/arm64-v8a/include/taglib/mp4file.h
-- Installing: /home/runner/work/Auxio-TS/Auxio-TS/musikr/src/main/cpp/taglib/pkg/arm64-v8a/include/taglib/mp4atom.h
-- Installing: /home/runner/work/Auxio-TS/Auxio-TS/musikr/src/main/cpp/taglib/pkg/arm64-v8a/include/taglib/mp4tag.h
-- Installing: /home/runner/work/Auxio-TS/Auxio-TS/musikr/src/main/cpp/taglib/pkg/arm64-v8a/include/taglib/mp4item.h
-- Installing: /home/runner/work/Auxio-TS/Auxio-TS/musikr/src/main/cpp/taglib/pkg/arm64-v8a/include/taglib/mp4properties.h
-- Installing: /home/runner/work/Auxio-TS/Auxio-TS/musikr/src/main/cpp/taglib/pkg/arm64-v8a/include/taglib/mp4coverart.h
-- Installing: /home/runner/work/Auxio-TS/Auxio-TS/musikr/src/main/cpp/taglib/pkg/arm64-v8a/include/taglib/mp4stem.h
-- Installing: /home/runner/work/Auxio-TS/Auxio-TS/musikr/src/main/cpp/taglib/pkg/arm64-v8a/include/taglib/mp4itemfactory.h
-- Installing: /home/runner/work/Auxio-TS/Auxio-TS/musikr/src/main/cpp/taglib/pkg/arm64-v8a/include/taglib/mp4chapter.h
-- Installing: /home/runner/work/Auxio-TS/Auxio-TS/musikr/src/main/cpp/taglib/pkg/arm64-v8a/include/taglib/mp4chapterholder.h
-- Installing: /home/runner/work/Auxio-TS/Auxio-TS/musikr/src/main/cpp/taglib/pkg/arm64-v8a/include/taglib/mp4nerochapterlist.h
-- Installing: /home/runner/work/Auxio-TS/Auxio-TS/musikr/src/main/cpp/taglib/pkg/arm64-v8a/include/taglib/mp4qtchapterlist.h
-- Installing: /home/runner/work/Auxio-TS/Auxio-TS/musikr/src/main/cpp/taglib/pkg/arm64-v8a/include/taglib/dsffile.h
-- Installing: /home/runner/work/Auxio-TS/Auxio-TS/musikr/src/main/cpp/taglib/pkg/arm64-v8a/include/taglib/dsfproperties.h
-- Installing: /home/runner/work/Auxio-TS/Auxio-TS/musikr/src/main/cpp/taglib/pkg/arm64-v8a/include/taglib/dsdifffile.h
-- Installing: /home/runner/work/Auxio-TS/Auxio-TS/musikr/src/main/cpp/taglib/pkg/arm64-v8a/include/taglib/dsdiffproperties.h
-- Installing: /home/runner/work/Auxio-TS/Auxio-TS/musikr/src/main/cpp/taglib/pkg/arm64-v8a/include/taglib/dsdiffdiintag.h
-- Installing: /home/runner/work/Auxio-TS/Auxio-TS/musikr/src/main/cpp/taglib/pkg/arm64-v8a/include/taglib/matroskaattachedfile.h
-- Installing: /home/runner/work/Auxio-TS/Auxio-TS/musikr/src/main/cpp/taglib/pkg/arm64-v8a/include/taglib/matroskaattachments.h
-- Installing: /home/runner/work/Auxio-TS/Auxio-TS/musikr/src/main/cpp/taglib/pkg/arm64-v8a/include/taglib/matroskachapter.h
-- Installing: /home/runner/work/Auxio-TS/Auxio-TS/musikr/src/main/cpp/taglib/pkg/arm64-v8a/include/taglib/matroskachapteredition.h
-- Installing: /home/runner/work/Auxio-TS/Auxio-TS/musikr/src/main/cpp/taglib/pkg/arm64-v8a/include/taglib/matroskachapters.h
-- Installing: /home/runner/work/Auxio-TS/Auxio-TS/musikr/src/main/cpp/taglib/pkg/arm64-v8a/include/taglib/matroskaelement.h
-- Installing: /home/runner/work/Auxio-TS/Auxio-TS/musikr/src/main/cpp/taglib/pkg/arm64-v8a/include/taglib/matroskafile.h
-- Installing: /home/runner/work/Auxio-TS/Auxio-TS/musikr/src/main/cpp/taglib/pkg/arm64-v8a/include/taglib/matroskaproperties.h
-- Installing: /home/runner/work/Auxio-TS/Auxio-TS/musikr/src/main/cpp/taglib/pkg/arm64-v8a/include/taglib/matroskasimpletag.h
-- Installing: /home/runner/work/Auxio-TS/Auxio-TS/musikr/src/main/cpp/taglib/pkg/arm64-v8a/include/taglib/matroskatag.h
-- Installing: /home/runner/work/Auxio-TS/Auxio-TS/musikr/src/main/cpp/taglib/pkg/arm64-v8a/include/taglib/matroskawritestyle.h
-- Installing: /home/runner/work/Auxio-TS/Auxio-TS/musikr/src/main/cpp/taglib/pkg/arm64-v8a/lib/cmake/taglib/taglib-targets.cmake
-- Installing: /home/runner/work/Auxio-TS/Auxio-TS/musikr/src/main/cpp/taglib/pkg/arm64-v8a/lib/cmake/taglib/taglib-targets-release.cmake
-- Installing: /home/runner/work/Auxio-TS/Auxio-TS/musikr/src/main/cpp/taglib/pkg/arm64-v8a/lib/cmake/taglib/taglib-config.cmake
-- Installing: /home/runner/work/Auxio-TS/Auxio-TS/musikr/src/main/cpp/taglib/pkg/arm64-v8a/lib/cmake/taglib/taglib-config-version.cmake

> Task :musikr:preBuild UP-TO-DATE
> Task :musikr:preDebugBuild
> Task :musikr:generateDebugBuildConfig FROM-CACHE
> Task :musikr:generateDebugResources FROM-CACHE
> Task :musikr:packageDebugResources FROM-CACHE
> Task :musikr:processDebugNavigationResources FROM-CACHE
> Task :musikr:parseDebugLocalResources FROM-CACHE
> Task :musikr:generateDebugRFile FROM-CACHE
> Task :app:preBuild UP-TO-DATE
> Task :app:preStandardDebugBuild UP-TO-DATE
> Task :app:dataBindingMergeDependencyArtifactsStandardDebug
> Task :app:generateStandardDebugResources FROM-CACHE
> Task :media-lib-common:preBuild UP-TO-DATE
> Task :media-lib-common:preDebugBuild UP-TO-DATE
> Task :media-lib-common:generateDebugResources FROM-CACHE
> Task :media-lib-common:packageDebugResources FROM-CACHE
> Task :media-lib-container:preBuild UP-TO-DATE
> Task :media-lib-container:preDebugBuild UP-TO-DATE
> Task :media-lib-container:generateDebugResources FROM-CACHE
> Task :media-lib-container:packageDebugResources FROM-CACHE
> Task :media-lib-database:preBuild UP-TO-DATE
> Task :media-lib-database:preDebugBuild UP-TO-DATE
> Task :media-lib-database:generateDebugResources FROM-CACHE
> Task :media-lib-database:packageDebugResources FROM-CACHE
> Task :media-lib-datasource:preBuild UP-TO-DATE
> Task :media-lib-datasource:preDebugBuild UP-TO-DATE
> Task :media-lib-datasource:generateDebugResources FROM-CACHE
> Task :media-lib-datasource:packageDebugResources FROM-CACHE
> Task :media-lib-decoder:preBuild UP-TO-DATE
> Task :media-lib-decoder:preDebugBuild UP-TO-DATE
> Task :media-lib-decoder:generateDebugResources FROM-CACHE
> Task :media-lib-decoder:packageDebugResources FROM-CACHE

> Task :media-lib-decoder-ffmpeg:assembleFfmpeg
FFMPEG_MODULE_PATH is /home/runner/work/Auxio-TS/Auxio-TS/media/libraries/decoder_ffmpeg/src/main
NDK path is /usr/local/lib/android/sdk/ndk/28.2.13676358
Host platform is linux-x86_64
ANDROID_ABI is 21
Enabled decoders are flac alac
Using 4 jobs for make

> Task :musikr:kspDebugKotlin

> Task :media-lib-decoder-ffmpeg:assembleFfmpeg
install prefix            /usr/local
source path               .
C compiler                /usr/local/lib/android/sdk/ndk/28.2.13676358/toolchains/llvm/prebuilt/linux-x86_64/bin/armv7a-linux-androideabi21-clang
C library                 bionic
host C compiler           gcc
host C library            glibc
ARCH                      arm (armv7-a)
big-endian                no
runtime cpu detection     yes
ARMv5TE enabled           yes
ARMv6 enabled             yes
ARMv6T2 enabled           yes
VFP enabled               yes
NEON enabled              yes
THUMB enabled             no
debug symbols             yes
strip symbols             yes
optimize for size         no
optimizations             yes
static                    yes
shared                    no
postprocessing support    no
network support           no
threading support         pthreads
safe bitstream reader     yes
texi2html enabled         no
perl enabled              yes
pod2man enabled           yes
makeinfo enabled          yes
makeinfo supports HTML    yes
xmllint enabled           no

External libraries:
zlib

External libraries providing hardware acceleration:
cuda_llvm

Libraries:
avcodec                 avutil                  swresample

Programs:

Enabled decoders:
alac                    flac

Enabled encoders:

Enabled hwaccels:

Enabled parsers:

Enabled demuxers:

Enabled muxers:

Enabled protocols:

Enabled filters:

Enabled bsfs:

Enabled indevs:

Enabled outdevs:

License: LGPL version 2.1 or later

WARNING: /usr/local/lib/android/sdk/ndk/28.2.13676358/toolchains/llvm/prebuilt/linux-x86_64/bin/armv7a-linux-androideabi21-pkg-config not found, library detection may fail.
GEN	libavutil/libavutil.version
GEN	libswresample/libswresample.version
GEN	libavcodec/libavcodec.version
CC	libavcodec/ac3_parser.o
CC	libavcodec/adts_parser.o
CC	libavcodec/alac.o
CC	libavcodec/alac_data.o
CC	libavcodec/alacdsp.o
CC	libavcodec/allcodecs.o
AS	libavcodec/arm/flacdsp_arm.o
CC	libavcodec/arm/flacdsp_init_arm.o
AS	libavcodec/arm/idctdsp_arm.o
AS	libavcodec/arm/idctdsp_armv6.o
CC	libavcodec/arm/idctdsp_init_arm.o
CC	libavcodec/arm/idctdsp_init_armv5te.o
CC	libavcodec/arm/idctdsp_init_armv6.o
CC	libavcodec/arm/idctdsp_init_neon.o
AS	libavcodec/arm/idctdsp_neon.o
AS	libavcodec/arm/jrevdct_arm.o
AS	libavcodec/arm/simple_idct_arm.o
AS	libavcodec/arm/simple_idct_armv5te.o
AS	libavcodec/arm/simple_idct_armv6.o
AS	libavcodec/arm/simple_idct_neon.o
CC	libavcodec/avcodec.o
CC	libavcodec/avdct.o
CC	libavcodec/avpacket.o
CC	libavcodec/bitstream.o
CC	libavcodec/bitstream_filters.o
CC	libavcodec/bsf.o
CC	libavcodec/codec_desc.o
CC	libavcodec/codec_par.o
CC	libavcodec/d3d11va.o
CC	libavcodec/decode.o
CC	libavcodec/dirac.o
CC	libavcodec/dv_profile.o
CC	libavcodec/encode.o
CC	libavcodec/faandct.o
CC	libavcodec/faanidct.o
CC	libavcodec/fdctdsp.o
CC	libavcodec/flac.o
CC	libavcodec/flacdata.o
CC	libavcodec/flacdec.o
CC	libavcodec/flacdsp.o
CC	libavcodec/get_buffer.o
CC	libavcodec/idctdsp.o
CC	libavcodec/imgconvert.o
CC	libavcodec/jfdctfst.o
CC	libavcodec/jfdctint.o
CC	libavcodec/jni.o
CC	libavcodec/jrevdct.o
CC	libavcodec/mathtables.o
CC	libavcodec/mediacodec.o
CC	libavcodec/mpeg12framerate.o
In file included from libavcodec/options.c:38:
CC	libavcodec/options.o
libavcodec/options_table.h:273:116: warning: implicit conversion from 'unsigned long long' to 'double' changes value from 18446744073709551615 to 18446744073709551616 [-Wimplicit-const-int-float-conversion]
CC	libavcodec/parser.o
  273 | {"request_channel_layout", NULL, OFFSET(request_channel_layout), AV_OPT_TYPE_CHANNEL_LAYOUT, {.i64 = DEFAULT }, 0, UINT64_MAX, A|D, "request_channel_layout"},
      | ~                                                                                                                  ^~~~~~~~~~
CC	libavcodec/parsers.o
/usr/local/lib/android/sdk/ndk/28.2.13676358/toolchains/llvm/prebuilt/linux-x86_64/bin/../sysroot/usr/include/stdint.h:194:27: note: expanded from macro 'UINT64_MAX'
CC	libavcodec/profiles.o
CC	libavcodec/pthread.o
  194 | #define UINT64_MAX       (UINT64_C(18446744073709551615))
      |                           ^~~~~~~~~~~~~~~~~~~~~~~~~~~~~~
/usr/local/lib/android/sdk/ndk/28.2.13676358/toolchains/llvm/prebuilt/linux-x86_64/bin/../sysroot/usr/include/stdint.h:149:27: note: expanded from macro 'UINT64_C'
  149 | #  define UINT64_C(c)     c ## ULL
      |                           ^~~~~~~~
<scratch space>:46:1: note: expanded from here
   46 | 18446744073709551615ULL
      | ^~~~~~~~~~~~~~~~~~~~~~~
In file included from libavcodec/options.c:38:
libavcodec/options_table.h:272:100: warning: implicit conversion from 'unsigned long long' to 'double' changes value from 18446744073709551615 to 18446744073709551616 [-Wimplicit-const-int-float-conversion]
  272 | {"channel_layout", NULL, OFFSET(channel_layout), AV_OPT_TYPE_CHANNEL_LAYOUT, {.i64 = DEFAULT }, 0, UINT64_MAX, A|E|D, "channel_layout"},
      | ~                                                                                                  ^~~~~~~~~~
/usr/local/lib/android/sdk/ndk/28.2.13676358/toolchains/llvm/prebuilt/linux-x86_64/bin/../sysroot/usr/include/stdint.h:194:27: note: expanded from macro 'UINT64_MAX'
  194 | #define UINT64_MAX       (UINT64_C(18446744073709551615))
      |                           ^~~~~~~~~~~~~~~~~~~~~~~~~~~~~~
/usr/local/lib/android/sdk/ndk/28.2.13676358/toolchains/llvm/prebuilt/linux-x86_64/bin/../sysroot/usr/include/stdint.h:149:27: note: expanded from macro 'UINT64_C'
  149 | #  define UINT64_C(c)     c ## ULL
      |                           ^~~~~~~~
<scratch space>:45:1: note: expanded from here
   45 | 18446744073709551615ULL
      | ^~~~~~~~~~~~~~~~~~~~~~~
In file included from libavcodec/options.c:38:
libavcodec/options_table.h:48:110: warning: implicit conversion from 'long long' to 'double' changes value from 9223372036854775807 to 9223372036854775808 [-Wimplicit-const-int-float-conversion]
   48 | {"b", "set bitrate (in bits/s)", OFFSET(bit_rate), AV_OPT_TYPE_INT64, {.i64 = AV_CODEC_DEFAULT_BITRATE }, 0, INT64_MAX, A|V|E},
      | ~                                                                                                            ^~~~~~~~~
/usr/local/lib/android/sdk/ndk/28.2.13676358/toolchains/llvm/prebuilt/linux-x86_64/bin/../sysroot/usr/include/stdint.h:189:27: note: expanded from macro 'INT64_MAX'
  189 | #define INT64_MAX        (INT64_C(9223372036854775807))
      |                           ^~~~~~~~~~~~~~~~~~~~~~~~~~~~
/usr/local/lib/android/sdk/ndk/28.2.13676358/toolchains/llvm/prebuilt/linux-x86_64/bin/../sysroot/usr/include/stdint.h:148:27: note: expanded from macro 'INT64_C'
  148 | #  define INT64_C(c)      c ## LL
      |                           ^~~~~~~
<scratch space>:44:1: note: expanded from here
   44 | 9223372036854775807LL
CC	libavcodec/pthread_frame.o
CC	libavcodec/pthread_slice.o
      | ^~~~~~~~~~~~~~~~~~~~~
3 warnings generated.
CC	libavcodec/qsv_api.o
CC	libavcodec/raw.o
CC	libavcodec/simple_idct.o
CC	libavcodec/utils.o
CC	libavcodec/version.o
CC	libavcodec/vlc.o
CC	libavcodec/vorbis_parser.o
CC	libavcodec/xiph.o
GEN	libavcodec/libavcodec.pc
CC	libswresample/arm/audio_convert_init.o
AS	libswresample/arm/audio_convert_neon.o
AS	libswresample/arm/resample.o
CC	libswresample/arm/resample_init.o
CC	libswresample/audioconvert.o
CC	libswresample/dither.o
CC	libswresample/options.o
libswresample/options.c:132:144: warning: implicit conversion from 'long long' to 'double' changes value from 9223372036854775807 to 9223372036854775808 [-Wimplicit-const-int-float-conversion]
CC	libswresample/rematrix.o
  131 | {"first_pts"            , "Assume the first pts should be this value (in samples)."
CC	libswresample/resample.o
      | ~
CC	libswresample/resample_dsp.o
  132 |                                                         , OFFSET(firstpts_in_samples), AV_OPT_TYPE_INT64 ,{.i64=AV_NOPTS_VALUE    }, INT64_MIN,INT64_MAX, PARAM },
      |                                                                                                                                                ^~~~~~~~~
/usr/local/lib/android/sdk/ndk/28.2.13676358/toolchains/llvm/prebuilt/linux-x86_64/bin/../sysroot/usr/include/stdint.h:189:27: note: expanded from macro 'INT64_MAX'
  189 | #define INT64_MAX        (INT64_C(9223372036854775807))
      |                           ^~~~~~~~~~~~~~~~~~~~~~~~~~~~
/usr/local/lib/android/sdk/ndk/28.2.13676358/toolchains/llvm/prebuilt/linux-x86_64/bin/../sysroot/usr/include/stdint.h:148:27: note: expanded from macro 'INT64_C'
  148 | #  define INT64_C(c)      c ## LL
      |                           ^~~~~~~
<scratch space>:49:1: note: expanded from here
   49 | 9223372036854775807LL
      | ^~~~~~~~~~~~~~~~~~~~~
libswresample/options.c:70:145: warning: implicit conversion from 'long long' to 'double' changes value from 9223372036854775807 to 9223372036854775808 [-Wimplicit-const-int-float-conversion]
   69 | {"out_channel_layout"   , "set output channel layout (Deprecated, use out_chlayout)",
      | ~
   70 |                                                           OFFSET(user_out_ch_layout), AV_OPT_TYPE_CHANNEL_LAYOUT, {.i64=0         }, INT64_MIN, INT64_MAX, PARAM|DEPREC, "channel_layout"},
      |                                                                                                                                                 ^~~~~~~~~
/usr/local/lib/android/sdk/ndk/28.2.13676358/toolchains/llvm/prebuilt/linux-x86_64/bin/../sysroot/usr/include/stdint.h:189:27: note: expanded from macro 'INT64_MAX'
  189 | #define INT64_MAX        (INT64_C(9223372036854775807))
      |                           ^~~~~~~~~~~~~~~~~~~~~~~~~~~~
/usr/local/lib/android/sdk/ndk/28.2.13676358/toolchains/llvm/prebuilt/linux-x86_64/bin/../sysroot/usr/include/stdint.h:148:27: note: expanded from macro 'INT64_C'
  148 | #  define INT64_C(c)      c ## LL
      |                           ^~~~~~~
<scratch space>:46:1: note: expanded from here
   46 | 9223372036854775807LL
      | ^~~~~~~~~~~~~~~~~~~~~
libswresample/options.c:68:145: warning: implicit conversion from 'long long' to 'double' changes value from 9223372036854775807 to 9223372036854775808 [-Wimplicit-const-int-float-conversion]
   67 | {"ocl"                  , "set output channel layout (Deprecated, use ochl)",
      | ~
   68 |                                                           OFFSET(user_out_ch_layout), AV_OPT_TYPE_CHANNEL_LAYOUT, {.i64=0         }, INT64_MIN, INT64_MAX, PARAM|DEPREC, "channel_layout"},
      |                                                                                                                                                 ^~~~~~~~~
/usr/local/lib/android/sdk/ndk/28.2.13676358/toolchains/llvm/prebuilt/linux-x86_64/bin/../sysroot/usr/include/stdint.h:189:27: note: expanded from macro 'INT64_MAX'
  189 | #define INT64_MAX        (INT64_C(9223372036854775807))
      |                           ^~~~~~~~~~~~~~~~~~~~~~~~~~~~
/usr/local/lib/android/sdk/ndk/28.2.13676358/toolchains/llvm/prebuilt/linux-x86_64/bin/../sysroot/usr/include/stdint.h:148:27: note: expanded from macro 'INT64_C'
  148 | #  define INT64_C(c)      c ## LL
      |                           ^~~~~~~
<scratch space>:44:1: note: expanded from here
   44 | 9223372036854775807LL
      | ^~~~~~~~~~~~~~~~~~~~~
libswresample/options.c:66:145: warning: implicit conversion from 'long long' to 'double' changes value from 9223372036854775807 to 9223372036854775808 [-Wimplicit-const-int-float-conversion]
   65 | {"in_channel_layout"    , "set input channel layout (Deprecated, use in_chlayout)",
      | ~
   66 |                                                           OFFSET(user_in_ch_layout), AV_OPT_TYPE_CHANNEL_LAYOUT, {.i64=0          }, INT64_MIN, INT64_MAX, PARAM|DEPREC, "channel_layout"},
      |                                                                                                                                                 ^~~~~~~~~
/usr/local/lib/android/sdk/ndk/28.2.13676358/toolchains/llvm/prebuilt/linux-x86_64/bin/../sysroot/usr/include/stdint.h:189:27: note: expanded from macro 'INT64_MAX'
  189 | #define INT64_MAX        (INT64_C(9223372036854775807))
      |                           ^~~~~~~~~~~~~~~~~~~~~~~~~~~~
/usr/local/lib/android/sdk/ndk/28.2.13676358/toolchains/llvm/prebuilt/linux-x86_64/bin/../sysroot/usr/include/stdint.h:148:27: note: expanded from macro 'INT64_C'
  148 | #  define INT64_C(c)      c ## LL
      |                           ^~~~~~~
<scratch space>:42:1: note: expanded from here
   42 | 9223372036854775807LL
      | ^~~~~~~~~~~~~~~~~~~~~
libswresample/options.c:64:145: warning: implicit conversion from 'long long' to 'double' changes value from 9223372036854775807 to 9223372036854775808 [-Wimplicit-const-int-float-conversion]
   63 | {"icl"                  , "set input channel layout (Deprecated, use ichl)",
      | ~
   64 |                                                           OFFSET(user_in_ch_layout), AV_OPT_TYPE_CHANNEL_LAYOUT, {.i64=0          }, INT64_MIN, INT64_MAX, PARAM|DEPREC, "channel_layout"},
      |                                                                                                                                                 ^~~~~~~~~
/usr/local/lib/android/sdk/ndk/28.2.13676358/toolchains/llvm/prebuilt/linux-x86_64/bin/../sysroot/usr/include/stdint.h:189:27: note: expanded from macro 'INT64_MAX'
  189 | #define INT64_MAX        (INT64_C(9223372036854775807))
      |                           ^~~~~~~~~~~~~~~~~~~~~~~~~~~~
/usr/local/lib/android/sdk/ndk/28.2.13676358/toolchains/llvm/prebuilt/linux-x86_64/bin/../sysroot/usr/include/stdint.h:148:27: note: expanded from macro 'INT64_C'
CC	libswresample/swresample.o
  148 | #  define INT64_C(c)      c ## LL
CC	libswresample/swresample_frame.o
      |                           ^~~~~~~
<scratch space>:40:1: note: expanded from here
   40 | 9223372036854775807LL
      | ^~~~~~~~~~~~~~~~~~~~~
5 warnings generated.
CC	libswresample/version.o
GEN	libswresample/libswresample.pc
CC	libavutil/../compat/strtod.o
CC	libavutil/adler32.o
CC	libavutil/aes.o
CC	libavutil/aes_ctr.o
CC	libavutil/ambient_viewing_environment.o
CC	libavutil/arm/cpu.o
CC	libavutil/arm/float_dsp_init_arm.o
CC	libavutil/arm/float_dsp_init_neon.o
CC	libavutil/arm/float_dsp_init_vfp.o
AS	libavutil/arm/float_dsp_neon.o
AS	libavutil/arm/float_dsp_vfp.o
CC	libavutil/audio_fifo.o
CC	libavutil/avsscanf.o
CC	libavutil/avstring.o
CC	libavutil/base64.o
CC	libavutil/blowfish.o
CC	libavutil/bprint.o
CC	libavutil/buffer.o
CC	libavutil/camellia.o
CC	libavutil/cast5.o
CC	libavutil/channel_layout.o
CC	libavutil/cpu.o
libavutil/cpu.c:116:76: warning: implicit conversion from 'long long' to 'double' changes value from 9223372036854775807 to 9223372036854775808 [-Wimplicit-const-int-float-conversion]
CC	libavutil/crc.o
  116 |         { "flags"   , NULL, 0, AV_OPT_TYPE_FLAGS, { .i64 = 0 }, INT64_MIN, INT64_MAX, .unit = "flags" },
      |         ~                                                                  ^~~~~~~~~
/usr/local/lib/android/sdk/ndk/28.2.13676358/toolchains/llvm/prebuilt/linux-x86_64/bin/../sysroot/usr/include/stdint.h:189:27: note: expanded from macro 'INT64_MAX'
  189 | #define INT64_MAX        (INT64_C(9223372036854775807))
      |                           ^~~~~~~~~~~~~~~~~~~~~~~~~~~~
/usr/local/lib/android/sdk/ndk/28.2.13676358/toolchains/llvm/prebuilt/linux-x86_64/bin/../sysroot/usr/include/stdint.h:148:27: note: expanded from macro 'INT64_C'
  148 | #  define INT64_C(c)      c ## LL
      |                           ^~~~~~~
<scratch space>:53:1: note: expanded from here
   53 | 9223372036854775807LL
      | ^~~~~~~~~~~~~~~~~~~~~
1 warning generated.
CC	libavutil/csp.o
CC	libavutil/des.o
CC	libavutil/detection_bbox.o
CC	libavutil/dict.o
CC	libavutil/display.o
CC	libavutil/dovi_meta.o
CC	libavutil/downmix_info.o
CC	libavutil/encryption_info.o
CC	libavutil/error.o
CC	libavutil/eval.o
libavutil/eval.c:237:41: warning: implicit conversion from 'unsigned long long' to 'double' changes value from 18446744073709551615 to 18446744073709551616 [-Wimplicit-const-int-float-conversion]
CC	libavutil/fifo.o
  237 |             return e->value * (r * (1.0/UINT64_MAX));
CC	libavutil/file.o
      |                                        ~^~~~~~~~~~
/usr/local/lib/android/sdk/ndk/28.2.13676358/toolchains/llvm/prebuilt/linux-x86_64/bin/../sysroot/usr/include/stdint.h:194:27: note: expanded from macro 'UINT64_MAX'
CC	libavutil/file_open.o
  194 | #define UINT64_MAX       (UINT64_C(18446744073709551615))
      |                           ^~~~~~~~~~~~~~~~~~~~~~~~~~~~~~
/usr/local/lib/android/sdk/ndk/28.2.13676358/toolchains/llvm/prebuilt/linux-x86_64/bin/../sysroot/usr/include/stdint.h:149:27: note: expanded from macro 'UINT64_C'
  149 | #  define UINT64_C(c)     c ## ULL
      |                           ^~~~~~~~
<scratch space>:38:1: note: expanded from here
   38 | 18446744073709551615ULL
      | ^~~~~~~~~~~~~~~~~~~~~~~
CC	libavutil/film_grain_params.o
CC	libavutil/fixed_dsp.o
CC	libavutil/float_dsp.o
CC	libavutil/frame.o
CC	libavutil/hash.o
1 warning generated.
CC	libavutil/hdr_dynamic_metadata.o
CC	libavutil/hdr_dynamic_vivid_metadata.o
CC	libavutil/hmac.o
CC	libavutil/hwcontext.o
CC	libavutil/hwcontext_stub.o
[INFO] Gradle still running: 3m 00s elapsed; no output for 0s
CC	libavutil/imgutils.o
CC	libavutil/integer.o
CC	libavutil/intmath.o
CC	libavutil/lfg.o
CC	libavutil/lls.o
CC	libavutil/log.o
CC	libavutil/log2_tab.o
CC	libavutil/lzo.o
CC	libavutil/mastering_display_metadata.o
CC	libavutil/mathematics.o
CC	libavutil/md5.o
CC	libavutil/mem.o
CC	libavutil/murmur3.o
CC	libavutil/opt.o
CC	libavutil/parseutils.o
CC	libavutil/pixdesc.o
CC	libavutil/pixelutils.o
CC	libavutil/random_seed.o
CC	libavutil/rational.o
CC	libavutil/rc4.o
CC	libavutil/reverse.o
CC	libavutil/ripemd.o
CC	libavutil/samplefmt.o
CC	libavutil/sha.o
CC	libavutil/sha512.o
CC	libavutil/slicethread.o
CC	libavutil/spherical.o
CC	libavutil/stereo3d.o
CC	libavutil/tea.o
CC	libavutil/threadmessage.o
CC	libavutil/time.o
CC	libavutil/timecode.o
CC	libavutil/tree.o
CC	libavutil/twofish.o
CC	libavutil/tx.o
CC	libavutil/tx_double.o
CC	libavutil/tx_float.o
CC	libavutil/tx_int32.o
CC	libavutil/utils.o
CC	libavutil/uuid.o
CC	libavutil/version.o
CC	libavutil/video_enc_params.o
CC	libavutil/xga_font_data.o
CC	libavutil/xtea.o
GEN	libavutil/libavutil.pc
AR	libavcodec/libavcodec.a
AR	libswresample/libswresample.a
AR	libavutil/libavutil.a
INSTALL	libavcodec/libavcodec.a
INSTALL	libswresample/libswresample.a
INSTALL	libavutil/libavutil.a
install prefix            /usr/local
source path               .
C compiler                /usr/local/lib/android/sdk/ndk/28.2.13676358/toolchains/llvm/prebuilt/linux-x86_64/bin/aarch64-linux-android21-clang
C library                 bionic
host C compiler           gcc
host C library            glibc
ARCH                      aarch64 (armv8-a)
big-endian                no
runtime cpu detection     yes
NEON enabled              yes
VFP enabled               yes
debug symbols             yes
strip symbols             yes
optimize for size         no
optimizations             yes
static                    yes
shared                    no
postprocessing support    no
network support           no
threading support         pthreads
safe bitstream reader     yes
texi2html enabled         no
perl enabled              yes
pod2man enabled           yes
makeinfo enabled          yes
makeinfo supports HTML    yes
xmllint enabled           no

External libraries:
zlib

External libraries providing hardware acceleration:
cuda_llvm

Libraries:
avcodec                 avutil                  swresample

Programs:

Enabled decoders:
alac                    flac

Enabled encoders:

Enabled hwaccels:

Enabled parsers:

Enabled demuxers:

Enabled muxers:

Enabled protocols:

Enabled filters:

Enabled bsfs:

Enabled indevs:

Enabled outdevs:

License: LGPL version 2.1 or later

WARNING: /usr/local/lib/android/sdk/ndk/28.2.13676358/toolchains/llvm/prebuilt/linux-x86_64/bin/aarch64-linux-android21-pkg-config not found, library detection may fail.
config_components.h is unchanged
libavutil/avconfig.h is unchanged
libavfilter/filter_list.c is unchanged
libavcodec/codec_list.c is unchanged
libavcodec/parser_list.c is unchanged
libavcodec/bsf_list.c is unchanged
libavformat/demuxer_list.c is unchanged
libavformat/muxer_list.c is unchanged
libavdevice/indev_list.c is unchanged
libavdevice/outdev_list.c is unchanged
libavformat/protocol_list.c is unchanged
GEN	libavutil/libavutil.version
GEN	libswresample/libswresample.version
GEN	libavcodec/libavcodec.version
CC	libavcodec/aarch64/idctdsp_init_aarch64.o
AS	libavcodec/aarch64/idctdsp_neon.o
AS	libavcodec/aarch64/simple_idct_neon.o
CC	libavcodec/ac3_parser.o
CC	libavcodec/adts_parser.o
CC	libavcodec/alac.o
CC	libavcodec/alac_data.o
CC	libavcodec/alacdsp.o
CC	libavcodec/allcodecs.o
CC	libavcodec/avcodec.o
CC	libavcodec/avdct.o
CC	libavcodec/avpacket.o
CC	libavcodec/bitstream.o
CC	libavcodec/bitstream_filters.o
CC	libavcodec/bsf.o
CC	libavcodec/codec_desc.o
CC	libavcodec/codec_par.o
CC	libavcodec/d3d11va.o
CC	libavcodec/decode.o
CC	libavcodec/dirac.o
CC	libavcodec/dv_profile.o
CC	libavcodec/encode.o
CC	libavcodec/faandct.o
CC	libavcodec/faanidct.o
CC	libavcodec/fdctdsp.o
CC	libavcodec/flac.o
CC	libavcodec/flacdata.o
CC	libavcodec/flacdec.o
CC	libavcodec/flacdsp.o
CC	libavcodec/get_buffer.o
CC	libavcodec/idctdsp.o
CC	libavcodec/imgconvert.o
CC	libavcodec/jfdctfst.o
CC	libavcodec/jfdctint.o
CC	libavcodec/jni.o
CC	libavcodec/jrevdct.o
CC	libavcodec/mathtables.o
CC	libavcodec/mediacodec.o
CC	libavcodec/mpeg12framerate.o
CC	libavcodec/options.o
CC	libavcodec/parser.o
In file included from libavcodec/options.c:38:
libavcodec/options_table.h:273:116: warning: implicit conversion from 'unsigned long' to 'double' changes value from 18446744073709551615 to 18446744073709551616 [-Wimplicit-const-int-float-conversion]
CC	libavcodec/parsers.o
CC	libavcodec/profiles.o
  273 | {"request_channel_layout", NULL, OFFSET(request_channel_layout), AV_OPT_TYPE_CHANNEL_LAYOUT, {.i64 = DEFAULT }, 0, UINT64_MAX, A|D, "request_channel_layout"},
CC	libavcodec/pthread.o
      | ~                                                                                                                  ^~~~~~~~~~
/usr/local/lib/android/sdk/ndk/28.2.13676358/toolchains/llvm/prebuilt/linux-x86_64/bin/../sysroot/usr/include/stdint.h:194:27: note: expanded from macro 'UINT64_MAX'
  194 | #define UINT64_MAX       (UINT64_C(18446744073709551615))
      |                           ^~~~~~~~~~~~~~~~~~~~~~~~~~~~~~
/usr/local/lib/android/sdk/ndk/28.2.13676358/toolchains/llvm/prebuilt/linux-x86_64/bin/../sysroot/usr/include/stdint.h:143:27: note: expanded from macro 'UINT64_C'
  143 | #  define UINT64_C(c)     c ## UL
      |                           ^~~~~~~
<scratch space>:46:1: note: expanded from here
   46 | 18446744073709551615UL
      | ^~~~~~~~~~~~~~~~~~~~~~
In file included from libavcodec/options.c:38:
libavcodec/options_table.h:272:100: warning: implicit conversion from 'unsigned long' to 'double' changes value from 18446744073709551615 to 18446744073709551616 [-Wimplicit-const-int-float-conversion]
  272 | {"channel_layout", NULL, OFFSET(channel_layout), AV_OPT_TYPE_CHANNEL_LAYOUT, {.i64 = DEFAULT }, 0, UINT64_MAX, A|E|D, "channel_layout"},
      | ~                                                                                                  ^~~~~~~~~~
/usr/local/lib/android/sdk/ndk/28.2.13676358/toolchains/llvm/prebuilt/linux-x86_64/bin/../sysroot/usr/include/stdint.h:194:27: note: expanded from macro 'UINT64_MAX'
  194 | #define UINT64_MAX       (UINT64_C(18446744073709551615))
      |                           ^~~~~~~~~~~~~~~~~~~~~~~~~~~~~~
/usr/local/lib/android/sdk/ndk/28.2.13676358/toolchains/llvm/prebuilt/linux-x86_64/bin/../sysroot/usr/include/stdint.h:143:27: note: expanded from macro 'UINT64_C'
  143 | #  define UINT64_C(c)     c ## UL
      |                           ^~~~~~~
<scratch space>:45:1: note: expanded from here
   45 | 18446744073709551615UL
      | ^~~~~~~~~~~~~~~~~~~~~~
In file included from libavcodec/options.c:38:
CC	libavcodec/pthread_frame.o
CC	libavcodec/pthread_slice.o
libavcodec/options_table.h:48:110: warning: implicit conversion from 'long' to 'double' changes value from 9223372036854775807 to 9223372036854775808 [-Wimplicit-const-int-float-conversion]
   48 | {"b", "set bitrate (in bits/s)", OFFSET(bit_rate), AV_OPT_TYPE_INT64, {.i64 = AV_CODEC_DEFAULT_BITRATE }, 0, INT64_MAX, A|V|E},
CC	libavcodec/qsv_api.o
CC	libavcodec/raw.o
      | ~                                                                                                            ^~~~~~~~~
/usr/local/lib/android/sdk/ndk/28.2.13676358/toolchains/llvm/prebuilt/linux-x86_64/bin/../sysroot/usr/include/stdint.h:189:27: note: expanded from macro 'INT64_MAX'
  189 | #define INT64_MAX        (INT64_C(9223372036854775807))
      |                           ^~~~~~~~~~~~~~~~~~~~~~~~~~~~
/usr/local/lib/android/sdk/ndk/28.2.13676358/toolchains/llvm/prebuilt/linux-x86_64/bin/../sysroot/usr/include/stdint.h:142:27: note: expanded from macro 'INT64_C'
  142 | #  define INT64_C(c)      c ## L
      |                           ^~~~~~
<scratch space>:44:1: note: expanded from here
   44 | 9223372036854775807L
      | ^~~~~~~~~~~~~~~~~~~~
3 warnings generated.
CC	libavcodec/simple_idct.o
CC	libavcodec/utils.o
CC	libavcodec/version.o
CC	libavcodec/vlc.o
CC	libavcodec/vorbis_parser.o
CC	libavcodec/xiph.o
GEN	libavcodec/libavcodec.pc
CC	libswresample/aarch64/audio_convert_init.o
AS	libswresample/aarch64/audio_convert_neon.o
AS	libswresample/aarch64/resample.o
CC	libswresample/aarch64/resample_init.o
CC	libswresample/audioconvert.o
CC	libswresample/dither.o
libswresample/options.c:132:144: warning: implicit conversion from 'long' to 'double' changes value from 9223372036854775807 to 9223372036854775808 [-Wimplicit-const-int-float-conversion]
CC	libswresample/options.o
  131 | {"first_pts"            , "Assume the first pts should be this value (in samples)."
CC	libswresample/rematrix.o
      | ~
  132 |                                                         , OFFSET(firstpts_in_samples), AV_OPT_TYPE_INT64 ,{.i64=AV_NOPTS_VALUE    }, INT64_MIN,INT64_MAX, PARAM },
      |                                                                                                                                                ^~~~~~~~~
/usr/local/lib/android/sdk/ndk/28.2.13676358/toolchains/llvm/prebuilt/linux-x86_64/bin/../sysroot/usr/include/stdint.h:189:27: note: expanded from macro 'INT64_MAX'
  189 | #define INT64_MAX        (INT64_C(9223372036854775807))
      |                           ^~~~~~~~~~~~~~~~~~~~~~~~~~~~
/usr/local/lib/android/sdk/ndk/28.2.13676358/toolchains/llvm/prebuilt/linux-x86_64/bin/../sysroot/usr/include/stdint.h:142:27: note: expanded from macro 'INT64_C'
  142 | #  define INT64_C(c)      c ## L
      |                           ^~~~~~
<scratch space>:49:1: note: expanded from here
   49 | 9223372036854775807L
      | ^~~~~~~~~~~~~~~~~~~~
libswresample/options.c:70:145: warning: implicit conversion from 'long' to 'double' changes value from 9223372036854775807 to 9223372036854775808 [-Wimplicit-const-int-float-conversion]
   69 | {"out_channel_layout"   , "set output channel layout (Deprecated, use out_chlayout)",
      | ~
   70 |                                                           OFFSET(user_out_ch_layout), AV_OPT_TYPE_CHANNEL_LAYOUT, {.i64=0         }, INT64_MIN, INT64_MAX, PARAM|DEPREC, "channel_layout"},
      |                                                                                                                                                 ^~~~~~~~~
/usr/local/lib/android/sdk/ndk/28.2.13676358/toolchains/llvm/prebuilt/linux-x86_64/bin/../sysroot/usr/include/stdint.h:189:27: note: expanded from macro 'INT64_MAX'
  189 | #define INT64_MAX        (INT64_C(9223372036854775807))
      |                           ^~~~~~~~~~~~~~~~~~~~~~~~~~~~
/usr/local/lib/android/sdk/ndk/28.2.13676358/toolchains/llvm/prebuilt/linux-x86_64/bin/../sysroot/usr/include/stdint.h:142:27: note: expanded from macro 'INT64_C'
  142 | #  define INT64_C(c)      c ## L
      |                           ^~~~~~
<scratch space>:46:1: note: expanded from here
   46 | 9223372036854775807L
      | ^~~~~~~~~~~~~~~~~~~~
libswresample/options.c:68:145: warning: implicit conversion from 'long' to 'double' changes value from 9223372036854775807 to 9223372036854775808 [-Wimplicit-const-int-float-conversion]
   67 | {"ocl"                  , "set output channel layout (Deprecated, use ochl)",
CC	libswresample/resample.o
      | ~
CC	libswresample/resample_dsp.o
   68 |                                                           OFFSET(user_out_ch_layout), AV_OPT_TYPE_CHANNEL_LAYOUT, {.i64=0         }, INT64_MIN, INT64_MAX, PARAM|DEPREC, "channel_layout"},
      |                                                                                                                                                 ^~~~~~~~~
/usr/local/lib/android/sdk/ndk/28.2.13676358/toolchains/llvm/prebuilt/linux-x86_64/bin/../sysroot/usr/include/stdint.h:189:27: note: expanded from macro 'INT64_MAX'
  189 | #define INT64_MAX        (INT64_C(9223372036854775807))
      |                           ^~~~~~~~~~~~~~~~~~~~~~~~~~~~
/usr/local/lib/android/sdk/ndk/28.2.13676358/toolchains/llvm/prebuilt/linux-x86_64/bin/../sysroot/usr/include/stdint.h:142:27: note: expanded from macro 'INT64_C'
  142 | #  define INT64_C(c)      c ## L
      |                           ^~~~~~
<scratch space>:44:1: note: expanded from here
   44 | 9223372036854775807L
      | ^~~~~~~~~~~~~~~~~~~~
libswresample/options.c:66:145: warning: implicit conversion from 'long' to 'double' changes value from 9223372036854775807 to 9223372036854775808 [-Wimplicit-const-int-float-conversion]
   65 | {"in_channel_layout"    , "set input channel layout (Deprecated, use in_chlayout)",
      | ~
   66 |                                                           OFFSET(user_in_ch_layout), AV_OPT_TYPE_CHANNEL_LAYOUT, {.i64=0          }, INT64_MIN, INT64_MAX, PARAM|DEPREC, "channel_layout"},
      |                                                                                                                                                 ^~~~~~~~~
/usr/local/lib/android/sdk/ndk/28.2.13676358/toolchains/llvm/prebuilt/linux-x86_64/bin/../sysroot/usr/include/stdint.h:189:27: note: expanded from macro 'INT64_MAX'
  189 | #define INT64_MAX        (INT64_C(9223372036854775807))
      |                           ^~~~~~~~~~~~~~~~~~~~~~~~~~~~
/usr/local/lib/android/sdk/ndk/28.2.13676358/toolchains/llvm/prebuilt/linux-x86_64/bin/../sysroot/usr/include/stdint.h:142:27: note: expanded from macro 'INT64_C'
  142 | #  define INT64_C(c)      c ## L
      |                           ^~~~~~
<scratch space>:42:1: note: expanded from here
   42 | 9223372036854775807L
      | ^~~~~~~~~~~~~~~~~~~~
libswresample/options.c:64:145: warning: implicit conversion from 'long' to 'double' changes value from 9223372036854775807 to 9223372036854775808 [-Wimplicit-const-int-float-conversion]
   63 | {"icl"                  , "set input channel layout (Deprecated, use ichl)",
CC	libswresample/swresample.o
      | ~
   64 |                                                           OFFSET(user_in_ch_layout), AV_OPT_TYPE_CHANNEL_LAYOUT, {.i64=0          }, INT64_MIN, INT64_MAX, PARAM|DEPREC, "channel_layout"},
      |                                                                                                                                                 ^~~~~~~~~
/usr/local/lib/android/sdk/ndk/28.2.13676358/toolchains/llvm/prebuilt/linux-x86_64/bin/../sysroot/usr/include/stdint.h:189:27: note: expanded from macro 'INT64_MAX'
  189 | #define INT64_MAX        (INT64_C(9223372036854775807))
      |                           ^~~~~~~~~~~~~~~~~~~~~~~~~~~~
/usr/local/lib/android/sdk/ndk/28.2.13676358/toolchains/llvm/prebuilt/linux-x86_64/bin/../sysroot/usr/include/stdint.h:142:27: note: expanded from macro 'INT64_C'
  142 | #  define INT64_C(c)      c ## L
      |                           ^~~~~~
<scratch space>:40:1: note: expanded from here
   40 | 9223372036854775807L
      | ^~~~~~~~~~~~~~~~~~~~
5 warnings generated.
CC	libswresample/swresample_frame.o
CC	libswresample/version.o
GEN	libswresample/libswresample.pc
CC	libavutil/../compat/strtod.o
CC	libavutil/aarch64/cpu.o
CC	libavutil/aarch64/float_dsp_init.o
AS	libavutil/aarch64/float_dsp_neon.o
CC	libavutil/aarch64/tx_float_init.o
AS	libavutil/aarch64/tx_float_neon.o
CC	libavutil/adler32.o
CC	libavutil/aes.o
CC	libavutil/aes_ctr.o
CC	libavutil/ambient_viewing_environment.o
CC	libavutil/audio_fifo.o
CC	libavutil/avsscanf.o
CC	libavutil/avstring.o
CC	libavutil/base64.o
CC	libavutil/blowfish.o
CC	libavutil/bprint.o
CC	libavutil/buffer.o
CC	libavutil/camellia.o
CC	libavutil/cast5.o
CC	libavutil/channel_layout.o
CC	libavutil/cpu.o
libavutil/cpu.c:116:76: warning: implicit conversion from 'long' to 'double' changes value from 9223372036854775807 to 9223372036854775808 [-Wimplicit-const-int-float-conversion]
CC	libavutil/crc.o
  116 |         { "flags"   , NULL, 0, AV_OPT_TYPE_FLAGS, { .i64 = 0 }, INT64_MIN, INT64_MAX, .unit = "flags" },
      |         ~                                                                  ^~~~~~~~~
/usr/local/lib/android/sdk/ndk/28.2.13676358/toolchains/llvm/prebuilt/linux-x86_64/bin/../sysroot/usr/include/stdint.h:189:27: note: expanded from macro 'INT64_MAX'
  189 | #define INT64_MAX        (INT64_C(9223372036854775807))
      |                           ^~~~~~~~~~~~~~~~~~~~~~~~~~~~
/usr/local/lib/android/sdk/ndk/28.2.13676358/toolchains/llvm/prebuilt/linux-x86_64/bin/../sysroot/usr/include/stdint.h:142:27: note: expanded from macro 'INT64_C'
  142 | #  define INT64_C(c)      c ## L
      |                           ^~~~~~
<scratch space>:48:1: note: expanded from here
   48 | 9223372036854775807L
      | ^~~~~~~~~~~~~~~~~~~~
1 warning generated.
CC	libavutil/csp.o
CC	libavutil/des.o
CC	libavutil/detection_bbox.o
CC	libavutil/dict.o
CC	libavutil/display.o
CC	libavutil/dovi_meta.o
libavutil/eval.c:237:41: warning: implicit conversion from 'unsigned long' to 'double' changes value from 18446744073709551615 to 18446744073709551616 [-Wimplicit-const-int-float-conversion]
CC	libavutil/downmix_info.o
  237 |             return e->value * (r * (1.0/UINT64_MAX));
CC	libavutil/encryption_info.o
CC	libavutil/error.o
      |                                        ~^~~~~~~~~~
CC	libavutil/eval.o
/usr/local/lib/android/sdk/ndk/28.2.13676358/toolchains/llvm/prebuilt/linux-x86_64/bin/../sysroot/usr/include/stdint.h:194:27: note: expanded from macro 'UINT64_MAX'
CC	libavutil/fifo.o
  194 | #define UINT64_MAX       (UINT64_C(18446744073709551615))
      |                           ^~~~~~~~~~~~~~~~~~~~~~~~~~~~~~
/usr/local/lib/android/sdk/ndk/28.2.13676358/toolchains/llvm/prebuilt/linux-x86_64/bin/../sysroot/usr/include/stdint.h:143:27: note: expanded from macro 'UINT64_C'
  143 | #  define UINT64_C(c)     c ## UL
      |                           ^~~~~~~
<scratch space>:38:1: note: expanded from here
   38 | 18446744073709551615UL
      | ^~~~~~~~~~~~~~~~~~~~~~
CC	libavutil/file.o
CC	libavutil/file_open.o
1 warning generated.
CC	libavutil/film_grain_params.o
CC	libavutil/fixed_dsp.o
CC	libavutil/float_dsp.o
CC	libavutil/frame.o
CC	libavutil/hash.o
CC	libavutil/hdr_dynamic_metadata.o
CC	libavutil/hdr_dynamic_vivid_metadata.o
CC	libavutil/hmac.o
CC	libavutil/hwcontext.o
CC	libavutil/hwcontext_stub.o
CC	libavutil/imgutils.o
CC	libavutil/integer.o
CC	libavutil/intmath.o
CC	libavutil/lfg.o
CC	libavutil/lls.o
CC	libavutil/log.o
CC	libavutil/log2_tab.o
CC	libavutil/lzo.o
CC	libavutil/mastering_display_metadata.o
CC	libavutil/mathematics.o
CC	libavutil/md5.o
CC	libavutil/mem.o
CC	libavutil/murmur3.o
CC	libavutil/opt.o
CC	libavutil/parseutils.o
CC	libavutil/pixdesc.o
CC	libavutil/pixelutils.o
CC	libavutil/random_seed.o
CC	libavutil/rational.o
CC	libavutil/rc4.o
CC	libavutil/reverse.o
CC	libavutil/ripemd.o
CC	libavutil/samplefmt.o
CC	libavutil/sha.o
CC	libavutil/sha512.o
CC	libavutil/slicethread.o
CC	libavutil/spherical.o
CC	libavutil/stereo3d.o
CC	libavutil/tea.o
CC	libavutil/threadmessage.o
CC	libavutil/time.o
CC	libavutil/timecode.o
CC	libavutil/tree.o
CC	libavutil/twofish.o
CC	libavutil/tx.o
CC	libavutil/tx_double.o
CC	libavutil/tx_float.o
CC	libavutil/tx_int32.o
CC	libavutil/utils.o
CC	libavutil/uuid.o
CC	libavutil/version.o
CC	libavutil/video_enc_params.o
CC	libavutil/xga_font_data.o
CC	libavutil/xtea.o
GEN	libavutil/libavutil.pc
AR	libavcodec/libavcodec.a
AR	libswresample/libswresample.a
AR	libavutil/libavutil.a
INSTALL	libavcodec/libavcodec.a
INSTALL	libswresample/libswresample.a
INSTALL	libavutil/libavutil.a
install prefix            /usr/local
source path               .
C compiler                /usr/local/lib/android/sdk/ndk/28.2.13676358/toolchains/llvm/prebuilt/linux-x86_64/bin/i686-linux-android21-clang
C library                 bionic
host C compiler           gcc
host C library            glibc
ARCH                      c (i686)
big-endian                no
runtime cpu detection     yes
debug symbols             yes
strip symbols             yes
optimize for size         no
optimizations             yes
static                    yes
shared                    no
postprocessing support    no
network support           no
threading support         pthreads
safe bitstream reader     yes
texi2html enabled         no
perl enabled              yes
pod2man enabled           yes
makeinfo enabled          yes
makeinfo supports HTML    yes
xmllint enabled           no

External libraries:
zlib

External libraries providing hardware acceleration:
cuda_llvm

Libraries:
avcodec                 avutil                  swresample

Programs:

Enabled decoders:
alac                    flac

Enabled encoders:

Enabled hwaccels:

Enabled parsers:

Enabled demuxers:

Enabled muxers:

Enabled protocols:

Enabled filters:

Enabled bsfs:

Enabled indevs:

Enabled outdevs:

License: LGPL version 2.1 or later

WARNING: /usr/local/lib/android/sdk/ndk/28.2.13676358/toolchains/llvm/prebuilt/linux-x86_64/bin/i686-linux-android21-pkg-config not found, library detection may fail.
config_components.h is unchanged
libavfilter/filter_list.c is unchanged
libavcodec/codec_list.c is unchanged
libavcodec/parser_list.c is unchanged
libavcodec/bsf_list.c is unchanged
libavformat/demuxer_list.c is unchanged
libavformat/muxer_list.c is unchanged
libavdevice/indev_list.c is unchanged
libavdevice/outdev_list.c is unchanged
libavformat/protocol_list.c is unchanged
GEN	libavutil/libavutil.version
GEN	libswresample/libswresample.version
GEN	libavcodec/libavcodec.version
CC	libavcodec/ac3_parser.o
CC	libavcodec/adts_parser.o
CC	libavcodec/alac.o
CC	libavcodec/alac_data.o
CC	libavcodec/alacdsp.o
CC	libavcodec/allcodecs.o
CC	libavcodec/avcodec.o
CC	libavcodec/avdct.o
CC	libavcodec/avpacket.o
CC	libavcodec/bitstream.o
CC	libavcodec/bitstream_filters.o
CC	libavcodec/bsf.o
CC	libavcodec/codec_desc.o
CC	libavcodec/codec_par.o
CC	libavcodec/d3d11va.o
CC	libavcodec/decode.o
CC	libavcodec/dirac.o
CC	libavcodec/dv_profile.o
CC	libavcodec/encode.o
CC	libavcodec/faandct.o
CC	libavcodec/faanidct.o
CC	libavcodec/fdctdsp.o
CC	libavcodec/flac.o
CC	libavcodec/flacdata.o
CC	libavcodec/flacdec.o
CC	libavcodec/flacdsp.o
CC	libavcodec/get_buffer.o
CC	libavcodec/idctdsp.o
CC	libavcodec/imgconvert.o
CC	libavcodec/jfdctfst.o
CC	libavcodec/jfdctint.o
CC	libavcodec/jni.o
CC	libavcodec/jrevdct.o
CC	libavcodec/mathtables.o
CC	libavcodec/mediacodec.o
CC	libavcodec/mpeg12framerate.o
In file included from libavcodec/options.c:38:
CC	libavcodec/options.o
libavcodec/options_table.h:273:116: warning: implicit conversion from 'unsigned long long' to 'double' changes value from 18446744073709551615 to 18446744073709551616 [-Wimplicit-const-int-float-conversion]
CC	libavcodec/parser.o
CC	libavcodec/parsers.o
  273 | {"request_channel_layout", NULL, OFFSET(request_channel_layout), AV_OPT_TYPE_CHANNEL_LAYOUT, {.i64 = DEFAULT }, 0, UINT64_MAX, A|D, "request_channel_layout"},
      | ~                                                                                                                  ^~~~~~~~~~
/usr/local/lib/android/sdk/ndk/28.2.13676358/toolchains/llvm/prebuilt/linux-x86_64/bin/../sysroot/usr/include/stdint.h:194:27: note: expanded from macro 'UINT64_MAX'
  194 | #define UINT64_MAX       (UINT64_C(18446744073709551615))
      |                           ^~~~~~~~~~~~~~~~~~~~~~~~~~~~~~
/usr/local/lib/android/sdk/ndk/28.2.13676358/toolchains/llvm/prebuilt/linux-x86_64/bin/../sysroot/usr/include/stdint.h:149:27: note: expanded from macro 'UINT64_C'
  149 | #  define UINT64_C(c)     c ## ULL
      |                           ^~~~~~~~
<scratch space>:46:1: note: expanded from here
   46 | 18446744073709551615ULL
      | ^~~~~~~~~~~~~~~~~~~~~~~
In file included from libavcodec/options.c:38:
libavcodec/options_table.h:272:100: warning: implicit conversion from 'unsigned long long' to 'double' changes value from 18446744073709551615 to 18446744073709551616 [-Wimplicit-const-int-float-conversion]
  272 | {"channel_layout", NULL, OFFSET(channel_layout), AV_OPT_TYPE_CHANNEL_LAYOUT, {.i64 = DEFAULT }, 0, UINT64_MAX, A|E|D, "channel_layout"},
      | ~                                                                                                  ^~~~~~~~~~
/usr/local/lib/android/sdk/ndk/28.2.13676358/toolchains/llvm/prebuilt/linux-x86_64/bin/../sysroot/usr/include/stdint.h:194:27: note: expanded from macro 'UINT64_MAX'
  194 | #define UINT64_MAX       (UINT64_C(18446744073709551615))
      |                           ^~~~~~~~~~~~~~~~~~~~~~~~~~~~~~
/usr/local/lib/android/sdk/ndk/28.2.13676358/toolchains/llvm/prebuilt/linux-x86_64/bin/../sysroot/usr/include/stdint.h:149:27: note: expanded from macro 'UINT64_C'
  149 | #  define UINT64_C(c)     c ## ULL
      |                           ^~~~~~~~
<scratch space>:45:1: note: expanded from here
   45 | 18446744073709551615ULL
      | ^~~~~~~~~~~~~~~~~~~~~~~
In file included from libavcodec/options.c:38:
libavcodec/options_table.h:48:110: warning: implicit conversion from 'long long' to 'double' changes value from 9223372036854775807 to 9223372036854775808 [-Wimplicit-const-int-float-conversion]
   48 | {"b", "set bitrate (in bits/s)", OFFSET(bit_rate), AV_OPT_TYPE_INT64, {.i64 = AV_CODEC_DEFAULT_BITRATE }, 0, INT64_MAX, A|V|E},
      | ~                                                                                                            ^~~~~~~~~
/usr/local/lib/android/sdk/ndk/28.2.13676358/toolchains/llvm/prebuilt/linux-x86_64/bin/../sysroot/usr/include/stdint.h:189:27: note: expanded from macro 'INT64_MAX'
  189 | #define INT64_MAX        (INT64_C(9223372036854775807))
CC	libavcodec/profiles.o
CC	libavcodec/pthread.o
      |                           ^~~~~~~~~~~~~~~~~~~~~~~~~~~~
CC	libavcodec/pthread_frame.o
/usr/local/lib/android/sdk/ndk/28.2.13676358/toolchains/llvm/prebuilt/linux-x86_64/bin/../sysroot/usr/include/stdint.h:148:27: note: expanded from macro 'INT64_C'
CC	libavcodec/pthread_slice.o
  148 | #  define INT64_C(c)      c ## LL
      |                           ^~~~~~~
<scratch space>:44:1: note: expanded from here
   44 | 9223372036854775807LL
      | ^~~~~~~~~~~~~~~~~~~~~
3 warnings generated.
CC	libavcodec/qsv_api.o
CC	libavcodec/raw.o
CC	libavcodec/simple_idct.o
CC	libavcodec/utils.o
CC	libavcodec/version.o
CC	libavcodec/vlc.o
CC	libavcodec/vorbis_parser.o
CC	libavcodec/xiph.o
GEN	libavcodec/libavcodec.pc
CC	libswresample/audioconvert.o
CC	libswresample/dither.o
libswresample/options.c:132:144: warning: implicit conversion from 'long long' to 'double' changes value from 9223372036854775807 to 9223372036854775808 [-Wimplicit-const-int-float-conversion]
CC	libswresample/options.o
  131 | {"first_pts"            , "Assume the first pts should be this value (in samples)."
CC	libswresample/rematrix.o
      | ~
  132 |                                                         , OFFSET(firstpts_in_samples), AV_OPT_TYPE_INT64 ,{.i64=AV_NOPTS_VALUE    }, INT64_MIN,INT64_MAX, PARAM },
      |                                                                                                                                                ^~~~~~~~~
/usr/local/lib/android/sdk/ndk/28.2.13676358/toolchains/llvm/prebuilt/linux-x86_64/bin/../sysroot/usr/include/stdint.h:189:27: note: expanded from macro 'INT64_MAX'
  189 | #define INT64_MAX        (INT64_C(9223372036854775807))
      |                           ^~~~~~~~~~~~~~~~~~~~~~~~~~~~
/usr/local/lib/android/sdk/ndk/28.2.13676358/toolchains/llvm/prebuilt/linux-x86_64/bin/../sysroot/usr/include/stdint.h:148:27: note: expanded from macro 'INT64_C'
  148 | #  define INT64_C(c)      c ## LL
      |                           ^~~~~~~
<scratch space>:49:1: note: expanded from here
   49 | 9223372036854775807LL
      | ^~~~~~~~~~~~~~~~~~~~~
libswresample/options.c:70:145: warning: implicit conversion from 'long long' to 'double' changes value from 9223372036854775807 to 9223372036854775808 [-Wimplicit-const-int-float-conversion]
   69 | {"out_channel_layout"   , "set output channel layout (Deprecated, use out_chlayout)",
      | ~
   70 |                                                           OFFSET(user_out_ch_layout), AV_OPT_TYPE_CHANNEL_LAYOUT, {.i64=0         }, INT64_MIN, INT64_MAX, PARAM|DEPREC, "channel_layout"},
      |                                                                                                                                                 ^~~~~~~~~
/usr/local/lib/android/sdk/ndk/28.2.13676358/toolchains/llvm/prebuilt/linux-x86_64/bin/../sysroot/usr/include/stdint.h:189:27: note: expanded from macro 'INT64_MAX'
  189 | #define INT64_MAX        (INT64_C(9223372036854775807))
      |                           ^~~~~~~~~~~~~~~~~~~~~~~~~~~~
/usr/local/lib/android/sdk/ndk/28.2.13676358/toolchains/llvm/prebuilt/linux-x86_64/bin/../sysroot/usr/include/stdint.h:148:27: note: expanded from macro 'INT64_C'
  148 | #  define INT64_C(c)      c ## LL
      |                           ^~~~~~~
<scratch space>:46:1: note: expanded from here
   46 | 9223372036854775807LL
      | ^~~~~~~~~~~~~~~~~~~~~
libswresample/options.c:68:145: warning: implicit conversion from 'long long' to 'double' changes value from 9223372036854775807 to 9223372036854775808 [-Wimplicit-const-int-float-conversion]
   67 | {"ocl"                  , "set output channel layout (Deprecated, use ochl)",
      | ~
   68 |                                                           OFFSET(user_out_ch_layout), AV_OPT_TYPE_CHANNEL_LAYOUT, {.i64=0         }, INT64_MIN, INT64_MAX, PARAM|DEPREC, "channel_layout"},
      |                                                                                                                                                 ^~~~~~~~~
CC	libswresample/resample.o
/usr/local/lib/android/sdk/ndk/28.2.13676358/toolchains/llvm/prebuilt/linux-x86_64/bin/../sysroot/usr/include/stdint.h:189:27: note: expanded from macro 'INT64_MAX'
  189 | #define INT64_MAX        (INT64_C(9223372036854775807))
      |                           ^~~~~~~~~~~~~~~~~~~~~~~~~~~~
/usr/local/lib/android/sdk/ndk/28.2.13676358/toolchains/llvm/prebuilt/linux-x86_64/bin/../sysroot/usr/include/stdint.h:148:27: note: expanded from macro 'INT64_C'
  148 | #  define INT64_C(c)      c ## LL
      |                           ^~~~~~~
<scratch space>:44:1: note: expanded from here
   44 | 9223372036854775807LL
      | ^~~~~~~~~~~~~~~~~~~~~
libswresample/options.c:66:145: warning: implicit conversion from 'long long' to 'double' changes value from 9223372036854775807 to 9223372036854775808 [-Wimplicit-const-int-float-conversion]
   65 | {"in_channel_layout"    , "set input channel layout (Deprecated, use in_chlayout)",
      | ~
   66 |                                                           OFFSET(user_in_ch_layout), AV_OPT_TYPE_CHANNEL_LAYOUT, {.i64=0          }, INT64_MIN, INT64_MAX, PARAM|DEPREC, "channel_layout"},
      |                                                                                                                                                 ^~~~~~~~~
/usr/local/lib/android/sdk/ndk/28.2.13676358/toolchains/llvm/prebuilt/linux-x86_64/bin/../sysroot/usr/include/stdint.h:189:27: note: expanded from macro 'INT64_MAX'
  189 | #define INT64_MAX        (INT64_C(9223372036854775807))
      |                           ^~~~~~~~~~~~~~~~~~~~~~~~~~~~
/usr/local/lib/android/sdk/ndk/28.2.13676358/toolchains/llvm/prebuilt/linux-x86_64/bin/../sysroot/usr/include/stdint.h:148:27: note: expanded from macro 'INT64_C'
  148 | #  define INT64_C(c)      c ## LL
      |                           ^~~~~~~
<scratch space>:42:1: note: expanded from here
   42 | 9223372036854775807LL
      | ^~~~~~~~~~~~~~~~~~~~~
libswresample/options.c:64:145: warning: implicit conversion from 'long long' to 'double' changes value from 9223372036854775807 to 9223372036854775808 [-Wimplicit-const-int-float-conversion]
   63 | {"icl"                  , "set input channel layout (Deprecated, use ichl)",
      | ~
   64 |                                                           OFFSET(user_in_ch_layout), AV_OPT_TYPE_CHANNEL_LAYOUT, {.i64=0          }, INT64_MIN, INT64_MAX, PARAM|DEPREC, "channel_layout"},
      |                                                                                                                                                 ^~~~~~~~~
/usr/local/lib/android/sdk/ndk/28.2.13676358/toolchains/llvm/prebuilt/linux-x86_64/bin/../sysroot/usr/include/stdint.h:189:27: note: expanded from macro 'INT64_MAX'
  189 | #define INT64_MAX        (INT64_C(9223372036854775807))
      |                           ^~~~~~~~~~~~~~~~~~~~~~~~~~~~
/usr/local/lib/android/sdk/ndk/28.2.13676358/toolchains/llvm/prebuilt/linux-x86_64/bin/../sysroot/usr/include/stdint.h:148:27: note: expanded from macro 'INT64_C'
  148 | #  define INT64_C(c)      c ## LL
      |                           ^~~~~~~
<scratch space>:40:1: note: expanded from here
   40 | 9223372036854775807LL
      | ^~~~~~~~~~~~~~~~~~~~~
5 warnings generated.
CC	libswresample/resample_dsp.o
CC	libswresample/swresample.o
CC	libswresample/swresample_frame.o
CC	libswresample/version.o
GEN	libswresample/libswresample.pc
CC	libavutil/../compat/strtod.o
CC	libavutil/adler32.o
CC	libavutil/aes.o
CC	libavutil/aes_ctr.o
CC	libavutil/ambient_viewing_environment.o
CC	libavutil/audio_fifo.o
CC	libavutil/avsscanf.o
CC	libavutil/avstring.o
CC	libavutil/base64.o
CC	libavutil/blowfish.o
CC	libavutil/bprint.o
CC	libavutil/buffer.o
CC	libavutil/camellia.o
CC	libavutil/cast5.o
CC	libavutil/channel_layout.o
CC	libavutil/cpu.o
libavutil/cpu.c:116:76: warning: implicit conversion from 'long long' to 'double' changes value from 9223372036854775807 to 9223372036854775808 [-Wimplicit-const-int-float-conversion]
  116 |         { "flags"   , NULL, 0, AV_OPT_TYPE_FLAGS, { .i64 = 0 }, INT64_MIN, INT64_MAX, .unit = "flags" },
      |         ~                                                                  ^~~~~~~~~
/usr/local/lib/android/sdk/ndk/28.2.13676358/toolchains/llvm/prebuilt/linux-x86_64/bin/../sysroot/usr/include/stdint.h:189:27: note: expanded from macro 'INT64_MAX'
  189 | #define INT64_MAX        (INT64_C(9223372036854775807))
      |                           ^~~~~~~~~~~~~~~~~~~~~~~~~~~~
/usr/local/lib/android/sdk/ndk/28.2.13676358/toolchains/llvm/prebuilt/linux-x86_64/bin/../sysroot/usr/include/stdint.h:148:27: note: expanded from macro 'INT64_C'
  148 | #  define INT64_C(c)      c ## LL
      |                           ^~~~~~~
<scratch space>:53:1: note: expanded from here
   53 | 9223372036854775807LL
      | ^~~~~~~~~~~~~~~~~~~~~
1 warning generated.
CC	libavutil/crc.o
CC	libavutil/csp.o
CC	libavutil/des.o
CC	libavutil/detection_bbox.o
CC	libavutil/dict.o
CC	libavutil/display.o
libavutil/eval.c:237:41: warning: implicit conversion from 'unsigned long long' to 'double' changes value from 18446744073709551615 to 18446744073709551616 [-Wimplicit-const-int-float-conversion]
CC	libavutil/dovi_meta.o
  237 |             return e->value * (r * (1.0/UINT64_MAX));
CC	libavutil/downmix_info.o
      |                                        ~^~~~~~~~~~
/usr/local/lib/android/sdk/ndk/28.2.13676358/toolchains/llvm/prebuilt/linux-x86_64/bin/../sysroot/usr/include/stdint.h:194:27: note: expanded from macro 'UINT64_MAX'
CC	libavutil/encryption_info.o
  194 | #define UINT64_MAX       (UINT64_C(18446744073709551615))
CC	libavutil/error.o
CC	libavutil/eval.o
CC	libavutil/fifo.o
      |                           ^~~~~~~~~~~~~~~~~~~~~~~~~~~~~~
CC	libavutil/file.o
/usr/local/lib/android/sdk/ndk/28.2.13676358/toolchains/llvm/prebuilt/linux-x86_64/bin/../sysroot/usr/include/stdint.h:149:27: note: expanded from macro 'UINT64_C'
  149 | #  define UINT64_C(c)     c ## ULL
      |                           ^~~~~~~~
<scratch space>:38:1: note: expanded from here
   38 | 18446744073709551615ULL
      | ^~~~~~~~~~~~~~~~~~~~~~~
CC	libavutil/file_open.o
CC	libavutil/film_grain_params.o
CC	libavutil/fixed_dsp.o
CC	libavutil/float_dsp.o
1 warning generated.
CC	libavutil/frame.o
CC	libavutil/hash.o
CC	libavutil/hdr_dynamic_metadata.o
CC	libavutil/hdr_dynamic_vivid_metadata.o
CC	libavutil/hmac.o
CC	libavutil/hwcontext.o
CC	libavutil/hwcontext_stub.o
CC	libavutil/imgutils.o
CC	libavutil/integer.o
CC	libavutil/intmath.o
CC	libavutil/lfg.o
CC	libavutil/lls.o
CC	libavutil/log.o
CC	libavutil/log2_tab.o
CC	libavutil/lzo.o
CC	libavutil/mastering_display_metadata.o
CC	libavutil/mathematics.o
CC	libavutil/md5.o
CC	libavutil/mem.o
CC	libavutil/murmur3.o
CC	libavutil/opt.o
CC	libavutil/parseutils.o
CC	libavutil/pixdesc.o
CC	libavutil/pixelutils.o
CC	libavutil/random_seed.o
CC	libavutil/rational.o
CC	libavutil/rc4.o
CC	libavutil/reverse.o
CC	libavutil/ripemd.o
CC	libavutil/samplefmt.o
CC	libavutil/sha.o
CC	libavutil/sha512.o
CC	libavutil/slicethread.o
CC	libavutil/spherical.o
CC	libavutil/stereo3d.o
CC	libavutil/tea.o
CC	libavutil/threadmessage.o
CC	libavutil/time.o
CC	libavutil/timecode.o
CC	libavutil/tree.o
CC	libavutil/twofish.o
CC	libavutil/tx.o
CC	libavutil/tx_double.o
CC	libavutil/tx_float.o
CC	libavutil/tx_int32.o
CC	libavutil/utils.o
CC	libavutil/uuid.o
CC	libavutil/version.o
CC	libavutil/video_enc_params.o
CC	libavutil/xga_font_data.o
CC	libavutil/xtea.o
GEN	libavutil/libavutil.pc
AR	libavcodec/libavcodec.a
AR	libswresample/libswresample.a
AR	libavutil/libavutil.a
INSTALL	libavcodec/libavcodec.a
INSTALL	libswresample/libswresample.a
INSTALL	libavutil/libavutil.a
[INFO] Gradle still running: 3m 30s elapsed; no output for 3s
install prefix            /usr/local
source path               .
C compiler                /usr/local/lib/android/sdk/ndk/28.2.13676358/toolchains/llvm/prebuilt/linux-x86_64/bin/x86_64-linux-android21-clang
C library                 bionic
host C compiler           gcc
host C library            glibc
ARCH                      c (x86-64)
big-endian                no
runtime cpu detection     yes
debug symbols             yes
strip symbols             yes
optimize for size         no
optimizations             yes
static                    yes
shared                    no
postprocessing support    no
network support           no
threading support         pthreads
safe bitstream reader     yes
texi2html enabled         no
perl enabled              yes
pod2man enabled           yes
makeinfo enabled          yes
makeinfo supports HTML    yes
xmllint enabled           no

External libraries:
zlib

External libraries providing hardware acceleration:
cuda_llvm

Libraries:
avcodec                 avutil                  swresample

Programs:

Enabled decoders:
alac                    flac

Enabled encoders:

Enabled hwaccels:

Enabled parsers:

Enabled demuxers:

Enabled muxers:

Enabled protocols:

Enabled filters:

Enabled bsfs:

Enabled indevs:

Enabled outdevs:

License: LGPL version 2.1 or later

WARNING: /usr/local/lib/android/sdk/ndk/28.2.13676358/toolchains/llvm/prebuilt/linux-x86_64/bin/x86_64-linux-android21-pkg-config not found, library detection may fail.
config_components.h is unchanged
libavutil/avconfig.h is unchanged
libavfilter/filter_list.c is unchanged
libavcodec/codec_list.c is unchanged
libavcodec/parser_list.c is unchanged
libavcodec/bsf_list.c is unchanged
libavformat/demuxer_list.c is unchanged
libavformat/muxer_list.c is unchanged
libavdevice/indev_list.c is unchanged
libavdevice/outdev_list.c is unchanged
libavformat/protocol_list.c is unchanged
GEN	libavutil/libavutil.version
GEN	libswresample/libswresample.version
GEN	libavcodec/libavcodec.version
CC	libavcodec/ac3_parser.o
CC	libavcodec/adts_parser.o
CC	libavcodec/alac.o
CC	libavcodec/alac_data.o
CC	libavcodec/alacdsp.o
CC	libavcodec/allcodecs.o
CC	libavcodec/avcodec.o
CC	libavcodec/avdct.o
CC	libavcodec/avpacket.o
CC	libavcodec/bitstream.o
CC	libavcodec/bitstream_filters.o
CC	libavcodec/bsf.o
CC	libavcodec/codec_desc.o
CC	libavcodec/codec_par.o
CC	libavcodec/d3d11va.o
CC	libavcodec/decode.o
CC	libavcodec/dirac.o
CC	libavcodec/dv_profile.o
CC	libavcodec/encode.o
CC	libavcodec/faandct.o
CC	libavcodec/faanidct.o
CC	libavcodec/fdctdsp.o
CC	libavcodec/flac.o
CC	libavcodec/flacdata.o
CC	libavcodec/flacdec.o
CC	libavcodec/flacdsp.o
CC	libavcodec/get_buffer.o
CC	libavcodec/idctdsp.o
CC	libavcodec/imgconvert.o
CC	libavcodec/jfdctfst.o
CC	libavcodec/jfdctint.o
CC	libavcodec/jni.o
CC	libavcodec/jrevdct.o
CC	libavcodec/mathtables.o
CC	libavcodec/mediacodec.o
CC	libavcodec/mpeg12framerate.o
CC	libavcodec/options.o
In file included from libavcodec/options.c:38:
libavcodec/options_table.h:273:116: warning: implicit conversion from 'unsigned long' to 'double' changes value from 18446744073709551615 to 18446744073709551616 [-Wimplicit-const-int-float-conversion]
CC	libavcodec/parser.o
  273 | {"request_channel_layout", NULL, OFFSET(request_channel_layout), AV_OPT_TYPE_CHANNEL_LAYOUT, {.i64 = DEFAULT }, 0, UINT64_MAX, A|D, "request_channel_layout"},
      | ~                                                                                                                  ^~~~~~~~~~
CC	libavcodec/parsers.o
/usr/local/lib/android/sdk/ndk/28.2.13676358/toolchains/llvm/prebuilt/linux-x86_64/bin/../sysroot/usr/include/stdint.h:194:27: note: expanded from macro 'UINT64_MAX'
CC	libavcodec/profiles.o
CC	libavcodec/pthread.o
CC	libavcodec/pthread_frame.o
  194 | #define UINT64_MAX       (UINT64_C(18446744073709551615))
      |                           ^~~~~~~~~~~~~~~~~~~~~~~~~~~~~~
CC	libavcodec/pthread_slice.o
/usr/local/lib/android/sdk/ndk/28.2.13676358/toolchains/llvm/prebuilt/linux-x86_64/bin/../sysroot/usr/include/stdint.h:143:27: note: expanded from macro 'UINT64_C'
  143 | #  define UINT64_C(c)     c ## UL
      |                           ^~~~~~~
<scratch space>:46:1: note: expanded from here
   46 | 18446744073709551615UL
      | ^~~~~~~~~~~~~~~~~~~~~~
In file included from libavcodec/options.c:38:
libavcodec/options_table.h:272:100: warning: implicit conversion from 'unsigned long' to 'double' changes value from 18446744073709551615 to 18446744073709551616 [-Wimplicit-const-int-float-conversion]
  272 | {"channel_layout", NULL, OFFSET(channel_layout), AV_OPT_TYPE_CHANNEL_LAYOUT, {.i64 = DEFAULT }, 0, UINT64_MAX, A|E|D, "channel_layout"},
      | ~                                                                                                  ^~~~~~~~~~
/usr/local/lib/android/sdk/ndk/28.2.13676358/toolchains/llvm/prebuilt/linux-x86_64/bin/../sysroot/usr/include/stdint.h:194:27: note: expanded from macro 'UINT64_MAX'
  194 | #define UINT64_MAX       (UINT64_C(18446744073709551615))
      |                           ^~~~~~~~~~~~~~~~~~~~~~~~~~~~~~
/usr/local/lib/android/sdk/ndk/28.2.13676358/toolchains/llvm/prebuilt/linux-x86_64/bin/../sysroot/usr/include/stdint.h:143:27: note: expanded from macro 'UINT64_C'
  143 | #  define UINT64_C(c)     c ## UL
      |                           ^~~~~~~
<scratch space>:45:1: note: expanded from here
   45 | 18446744073709551615UL
      | ^~~~~~~~~~~~~~~~~~~~~~
In file included from libavcodec/options.c:38:
libavcodec/options_table.h:48:110: warning: implicit conversion from 'long' to 'double' changes value from 9223372036854775807 to 9223372036854775808 [-Wimplicit-const-int-float-conversion]
   48 | {"b", "set bitrate (in bits/s)", OFFSET(bit_rate), AV_OPT_TYPE_INT64, {.i64 = AV_CODEC_DEFAULT_BITRATE }, 0, INT64_MAX, A|V|E},
      | ~                                                                                                            ^~~~~~~~~
/usr/local/lib/android/sdk/ndk/28.2.13676358/toolchains/llvm/prebuilt/linux-x86_64/bin/../sysroot/usr/include/stdint.h:189:27: note: expanded from macro 'INT64_MAX'
  189 | #define INT64_MAX        (INT64_C(9223372036854775807))
      |                           ^~~~~~~~~~~~~~~~~~~~~~~~~~~~
/usr/local/lib/android/sdk/ndk/28.2.13676358/toolchains/llvm/prebuilt/linux-x86_64/bin/../sysroot/usr/include/stdint.h:142:27: note: expanded from macro 'INT64_C'
  142 | #  define INT64_C(c)      c ## L
      |                           ^~~~~~
<scratch space>:44:1: note: expanded from here
   44 | 9223372036854775807L
      | ^~~~~~~~~~~~~~~~~~~~
3 warnings generated.
CC	libavcodec/qsv_api.o
CC	libavcodec/raw.o
CC	libavcodec/simple_idct.o
CC	libavcodec/utils.o
CC	libavcodec/version.o
CC	libavcodec/vlc.o
CC	libavcodec/vorbis_parser.o
libswresample/options.c:132:144: warning: implicit conversion from 'long' to 'double' changes value from 9223372036854775807 to 9223372036854775808 [-Wimplicit-const-int-float-conversion]
CC	libavcodec/xiph.o
GEN	libavcodec/libavcodec.pc
  131 | {"first_pts"            , "Assume the first pts should be this value (in samples)."
      | ~
CC	libswresample/audioconvert.o
CC	libswresample/dither.o
CC	libswresample/options.o
  132 |                                                         , OFFSET(firstpts_in_samples), AV_OPT_TYPE_INT64 ,{.i64=AV_NOPTS_VALUE    }, INT64_MIN,INT64_MAX, PARAM },
      |                                                                                                                                                ^~~~~~~~~
/usr/local/lib/android/sdk/ndk/28.2.13676358/toolchains/llvm/prebuilt/linux-x86_64/bin/../sysroot/usr/include/stdint.h:189:27: note: expanded from macro 'INT64_MAX'
  189 | #define INT64_MAX        (INT64_C(9223372036854775807))
      |                           ^~~~~~~~~~~~~~~~~~~~~~~~~~~~
/usr/local/lib/android/sdk/ndk/28.2.13676358/toolchains/llvm/prebuilt/linux-x86_64/bin/../sysroot/usr/include/stdint.h:142:27: note: expanded from macro 'INT64_C'
  142 | #  define INT64_C(c)      c ## L
      |                           ^~~~~~
<scratch space>:49:1: note: expanded from here
   49 | 9223372036854775807L
      | ^~~~~~~~~~~~~~~~~~~~
libswresample/options.c:70:145: warning: implicit conversion from 'long' to 'double' changes value from 9223372036854775807 to 9223372036854775808 [-Wimplicit-const-int-float-conversion]
   69 | {"out_channel_layout"   , "set output channel layout (Deprecated, use out_chlayout)",
      | ~
   70 |                                                           OFFSET(user_out_ch_layout), AV_OPT_TYPE_CHANNEL_LAYOUT, {.i64=0         }, INT64_MIN, INT64_MAX, PARAM|DEPREC, "channel_layout"},
      |                                                                                                                                                 ^~~~~~~~~
/usr/local/lib/android/sdk/ndk/28.2.13676358/toolchains/llvm/prebuilt/linux-x86_64/bin/../sysroot/usr/include/stdint.h:189:27: note: expanded from macro 'INT64_MAX'
  189 | #define INT64_MAX        (INT64_C(9223372036854775807))
      |                           ^~~~~~~~~~~~~~~~~~~~~~~~~~~~
/usr/local/lib/android/sdk/ndk/28.2.13676358/toolchains/llvm/prebuilt/linux-x86_64/bin/../sysroot/usr/include/stdint.h:142:27: note: expanded from macro 'INT64_C'
  142 | #  define INT64_C(c)      c ## L
      |                           ^~~~~~
<scratch space>:46:1: note: expanded from here
   46 | 9223372036854775807L
      | ^~~~~~~~~~~~~~~~~~~~
libswresample/options.c:68:145: warning: implicit conversion from 'long' to 'double' changes value from 9223372036854775807 to 9223372036854775808 [-Wimplicit-const-int-float-conversion]
   67 | {"ocl"                  , "set output channel layout (Deprecated, use ochl)",
      | ~
   68 |                                                           OFFSET(user_out_ch_layout), AV_OPT_TYPE_CHANNEL_LAYOUT, {.i64=0         }, INT64_MIN, INT64_MAX, PARAM|DEPREC, "channel_layout"},
      |                                                                                                                                                 ^~~~~~~~~
/usr/local/lib/android/sdk/ndk/28.2.13676358/toolchains/llvm/prebuilt/linux-x86_64/bin/../sysroot/usr/include/stdint.h:189:27: note: expanded from macro 'INT64_MAX'
  189 | #define INT64_MAX        (INT64_C(9223372036854775807))
      |                           ^~~~~~~~~~~~~~~~~~~~~~~~~~~~
/usr/local/lib/android/sdk/ndk/28.2.13676358/toolchains/llvm/prebuilt/linux-x86_64/bin/../sysroot/usr/include/stdint.h:142:27: note: expanded from macro 'INT64_C'
CC	libswresample/rematrix.o
  142 | #  define INT64_C(c)      c ## L
      |                           ^~~~~~
<scratch space>:44:1: note: expanded from here
   44 | 9223372036854775807L
      | ^~~~~~~~~~~~~~~~~~~~
libswresample/options.c:66:145: warning: implicit conversion from 'long' to 'double' changes value from 9223372036854775807 to 9223372036854775808 [-Wimplicit-const-int-float-conversion]
   65 | {"in_channel_layout"    , "set input channel layout (Deprecated, use in_chlayout)",
      | ~
   66 |                                                           OFFSET(user_in_ch_layout), AV_OPT_TYPE_CHANNEL_LAYOUT, {.i64=0          }, INT64_MIN, INT64_MAX, PARAM|DEPREC, "channel_layout"},
      |                                                                                                                                                 ^~~~~~~~~
/usr/local/lib/android/sdk/ndk/28.2.13676358/toolchains/llvm/prebuilt/linux-x86_64/bin/../sysroot/usr/include/stdint.h:189:27: note: expanded from macro 'INT64_MAX'
  189 | #define INT64_MAX        (INT64_C(9223372036854775807))
      |                           ^~~~~~~~~~~~~~~~~~~~~~~~~~~~
/usr/local/lib/android/sdk/ndk/28.2.13676358/toolchains/llvm/prebuilt/linux-x86_64/bin/../sysroot/usr/include/stdint.h:142:27: note: expanded from macro 'INT64_C'
  142 | #  define INT64_C(c)      c ## L
      |                           ^~~~~~
<scratch space>:42:1: note: expanded from here
   42 | 9223372036854775807L
      | ^~~~~~~~~~~~~~~~~~~~
libswresample/options.c:64:145: warning: implicit conversion from 'long' to 'double' changes value from 9223372036854775807 to 9223372036854775808 [-Wimplicit-const-int-float-conversion]
   63 | {"icl"                  , "set input channel layout (Deprecated, use ichl)",
      | ~
   64 |                                                           OFFSET(user_in_ch_layout), AV_OPT_TYPE_CHANNEL_LAYOUT, {.i64=0          }, INT64_MIN, INT64_MAX, PARAM|DEPREC, "channel_layout"},
      |                                                                                                                                                 ^~~~~~~~~
/usr/local/lib/android/sdk/ndk/28.2.13676358/toolchains/llvm/prebuilt/linux-x86_64/bin/../sysroot/usr/include/stdint.h:189:27: note: expanded from macro 'INT64_MAX'
  189 | #define INT64_MAX        (INT64_C(9223372036854775807))
      |                           ^~~~~~~~~~~~~~~~~~~~~~~~~~~~
/usr/local/lib/android/sdk/ndk/28.2.13676358/toolchains/llvm/prebuilt/linux-x86_64/bin/../sysroot/usr/include/stdint.h:142:27: note: expanded from macro 'INT64_C'
  142 | #  define INT64_C(c)      c ## L
      |                           ^~~~~~
<scratch space>:40:1: note: expanded from here
   40 | 9223372036854775807L
CC	libswresample/resample.o
      | ^~~~~~~~~~~~~~~~~~~~
5 warnings generated.
CC	libswresample/resample_dsp.o
CC	libswresample/swresample.o
CC	libswresample/swresample_frame.o
CC	libswresample/version.o
GEN	libswresample/libswresample.pc
CC	libavutil/../compat/strtod.o
CC	libavutil/adler32.o
CC	libavutil/aes.o
CC	libavutil/aes_ctr.o
CC	libavutil/ambient_viewing_environment.o
CC	libavutil/audio_fifo.o
CC	libavutil/avsscanf.o
CC	libavutil/avstring.o
CC	libavutil/base64.o
CC	libavutil/blowfish.o
CC	libavutil/bprint.o
CC	libavutil/buffer.o
CC	libavutil/camellia.o
CC	libavutil/cast5.o
CC	libavutil/channel_layout.o
libavutil/cpu.c:116:76: warning: implicit conversion from 'long' to 'double' changes value from 9223372036854775807 to 9223372036854775808 [-Wimplicit-const-int-float-conversion]
CC	libavutil/cpu.o
  116 |         { "flags"   , NULL, 0, AV_OPT_TYPE_FLAGS, { .i64 = 0 }, INT64_MIN, INT64_MAX, .unit = "flags" },
CC	libavutil/crc.o
      |         ~                                                                  ^~~~~~~~~
/usr/local/lib/android/sdk/ndk/28.2.13676358/toolchains/llvm/prebuilt/linux-x86_64/bin/../sysroot/usr/include/stdint.h:189:27: note: expanded from macro 'INT64_MAX'
  189 | #define INT64_MAX        (INT64_C(9223372036854775807))
      |                           ^~~~~~~~~~~~~~~~~~~~~~~~~~~~
/usr/local/lib/android/sdk/ndk/28.2.13676358/toolchains/llvm/prebuilt/linux-x86_64/bin/../sysroot/usr/include/stdint.h:142:27: note: expanded from macro 'INT64_C'
  142 | #  define INT64_C(c)      c ## L
      |                           ^~~~~~
<scratch space>:48:1: note: expanded from here
   48 | 9223372036854775807L
      | ^~~~~~~~~~~~~~~~~~~~
1 warning generated.
CC	libavutil/csp.o
CC	libavutil/des.o
CC	libavutil/detection_bbox.o
CC	libavutil/dict.o
CC	libavutil/display.o
CC	libavutil/dovi_meta.o
libavutil/eval.c:237:41: warning: implicit conversion from 'unsigned long' to 'double' changes value from 18446744073709551615 to 18446744073709551616 [-Wimplicit-const-int-float-conversion]
CC	libavutil/downmix_info.o
  237 |             return e->value * (r * (1.0/UINT64_MAX));
CC	libavutil/encryption_info.o
      |                                        ~^~~~~~~~~~
CC	libavutil/error.o
/usr/local/lib/android/sdk/ndk/28.2.13676358/toolchains/llvm/prebuilt/linux-x86_64/bin/../sysroot/usr/include/stdint.h:194:27: note: expanded from macro 'UINT64_MAX'
CC	libavutil/eval.o
  194 | #define UINT64_MAX       (UINT64_C(18446744073709551615))
CC	libavutil/fifo.o
      |                           ^~~~~~~~~~~~~~~~~~~~~~~~~~~~~~
/usr/local/lib/android/sdk/ndk/28.2.13676358/toolchains/llvm/prebuilt/linux-x86_64/bin/../sysroot/usr/include/stdint.h:143:27: note: expanded from macro 'UINT64_C'
CC	libavutil/file.o
  143 | #  define UINT64_C(c)     c ## UL
      |                           ^~~~~~~
<scratch space>:38:1: note: expanded from here
   38 | 18446744073709551615UL
      | ^~~~~~~~~~~~~~~~~~~~~~
CC	libavutil/file_open.o
CC	libavutil/film_grain_params.o
CC	libavutil/fixed_dsp.o
CC	libavutil/float_dsp.o
1 warning generated.
CC	libavutil/frame.o
CC	libavutil/hash.o
CC	libavutil/hdr_dynamic_metadata.o
CC	libavutil/hdr_dynamic_vivid_metadata.o
CC	libavutil/hmac.o
CC	libavutil/hwcontext.o
CC	libavutil/hwcontext_stub.o
CC	libavutil/imgutils.o
CC	libavutil/integer.o
CC	libavutil/intmath.o
CC	libavutil/lfg.o
CC	libavutil/lls.o
CC	libavutil/log.o
CC	libavutil/log2_tab.o
CC	libavutil/lzo.o
CC	libavutil/mastering_display_metadata.o
CC	libavutil/mathematics.o
CC	libavutil/md5.o
CC	libavutil/mem.o
CC	libavutil/murmur3.o
CC	libavutil/opt.o
CC	libavutil/parseutils.o
CC	libavutil/pixdesc.o
CC	libavutil/pixelutils.o
CC	libavutil/random_seed.o
CC	libavutil/rational.o
CC	libavutil/rc4.o
CC	libavutil/reverse.o
CC	libavutil/ripemd.o
CC	libavutil/samplefmt.o
CC	libavutil/sha.o
CC	libavutil/sha512.o
CC	libavutil/slicethread.o
CC	libavutil/spherical.o
CC	libavutil/stereo3d.o
CC	libavutil/tea.o
CC	libavutil/threadmessage.o
CC	libavutil/time.o
CC	libavutil/timecode.o
CC	libavutil/tree.o
CC	libavutil/twofish.o
CC	libavutil/tx.o
CC	libavutil/tx_double.o
CC	libavutil/tx_float.o
CC	libavutil/tx_int32.o
CC	libavutil/utils.o
CC	libavutil/uuid.o
CC	libavutil/version.o
CC	libavutil/video_enc_params.o
CC	libavutil/xga_font_data.o
CC	libavutil/xtea.o
GEN	libavutil/libavutil.pc
AR	libavcodec/libavcodec.a
AR	libswresample/libswresample.a
AR	libavutil/libavutil.a
INSTALL	libavcodec/libavcodec.a
INSTALL	libswresample/libswresample.a
INSTALL	libavutil/libavutil.a

> Task :media-lib-decoder-ffmpeg:preBuild UP-TO-DATE
> Task :media-lib-decoder-ffmpeg:preDebugBuild
> Task :media-lib-decoder-ffmpeg:generateDebugResources FROM-CACHE
> Task :media-lib-decoder-ffmpeg:packageDebugResources FROM-CACHE
> Task :media-lib-exoplayer:preBuild UP-TO-DATE
> Task :media-lib-exoplayer:preDebugBuild UP-TO-DATE
> Task :media-lib-exoplayer:generateDebugResources FROM-CACHE
> Task :media-lib-exoplayer:packageDebugResources FROM-CACHE
> Task :media-lib-extractor:preBuild UP-TO-DATE
> Task :media-lib-extractor:preDebugBuild UP-TO-DATE
> Task :media-lib-extractor:generateDebugResources FROM-CACHE
> Task :media-lib-extractor:packageDebugResources FROM-CACHE
> Task :app:mergeStandardDebugResources FROM-CACHE
> Task :app:packageStandardDebugResources FROM-CACHE
> Task :media-lib-common:processDebugNavigationResources FROM-CACHE
> Task :media-lib-container:processDebugNavigationResources FROM-CACHE
> Task :media-lib-database:processDebugNavigationResources FROM-CACHE
> Task :media-lib-datasource:processDebugNavigationResources FROM-CACHE
> Task :media-lib-decoder:processDebugNavigationResources FROM-CACHE
> Task :media-lib-decoder-ffmpeg:processDebugNavigationResources FROM-CACHE
> Task :media-lib-exoplayer:processDebugNavigationResources FROM-CACHE
> Task :media-lib-extractor:processDebugNavigationResources FROM-CACHE
> Task :app:processStandardDebugNavigationResources FROM-CACHE
> Task :app:parseStandardDebugLocalResources FROM-CACHE
> Task :media-lib-common:parseDebugLocalResources FROM-CACHE
> Task :media-lib-common:generateDebugRFile FROM-CACHE
> Task :media-lib-container:parseDebugLocalResources FROM-CACHE
> Task :media-lib-container:generateDebugRFile FROM-CACHE
> Task :media-lib-database:parseDebugLocalResources FROM-CACHE
> Task :media-lib-database:generateDebugRFile FROM-CACHE
> Task :media-lib-datasource:parseDebugLocalResources FROM-CACHE
> Task :media-lib-datasource:generateDebugRFile FROM-CACHE
> Task :media-lib-decoder:parseDebugLocalResources FROM-CACHE
> Task :media-lib-decoder:generateDebugRFile FROM-CACHE
> Task :media-lib-decoder-ffmpeg:parseDebugLocalResources FROM-CACHE
> Task :media-lib-decoder-ffmpeg:generateDebugRFile FROM-CACHE
> Task :media-lib-exoplayer:parseDebugLocalResources FROM-CACHE
> Task :media-lib-exoplayer:generateDebugRFile FROM-CACHE
> Task :media-lib-extractor:parseDebugLocalResources FROM-CACHE
> Task :media-lib-extractor:generateDebugRFile FROM-CACHE
> Task :app:dataBindingGenBaseClassesStandardDebug FROM-CACHE
> Task :app:generateSafeArgsStandardDebug FROM-CACHE
> Task :app:generateStandardDebugBuildConfig FROM-CACHE
> Task :app:generateStandardDebugRFile FROM-CACHE
> Task :media-lib-common:compileDebugKotlin NO-SOURCE
> Task :media-lib-common:javaPreCompileDebug FROM-CACHE
> Task :media-lib-common:compileDebugJavaWithJavac FROM-CACHE
> Task :media-lib-common:bundleLibCompileToJarDebug
> Task :media-lib-container:compileDebugKotlin NO-SOURCE
> Task :media-lib-container:javaPreCompileDebug FROM-CACHE
> Task :media-lib-container:compileDebugJavaWithJavac FROM-CACHE
> Task :media-lib-container:bundleLibCompileToJarDebug
> Task :media-lib-database:compileDebugKotlin NO-SOURCE
> Task :media-lib-database:javaPreCompileDebug FROM-CACHE
> Task :media-lib-database:compileDebugJavaWithJavac FROM-CACHE
> Task :media-lib-database:bundleLibCompileToJarDebug
> Task :media-lib-datasource:compileDebugKotlin NO-SOURCE
> Task :media-lib-datasource:javaPreCompileDebug FROM-CACHE
> Task :media-lib-datasource:compileDebugJavaWithJavac FROM-CACHE
> Task :media-lib-datasource:bundleLibCompileToJarDebug
> Task :media-lib-decoder:compileDebugKotlin NO-SOURCE
> Task :media-lib-decoder:javaPreCompileDebug FROM-CACHE
> Task :media-lib-decoder:compileDebugJavaWithJavac FROM-CACHE
> Task :media-lib-decoder:bundleLibCompileToJarDebug
> Task :media-lib-extractor:compileDebugKotlin NO-SOURCE
> Task :media-lib-extractor:javaPreCompileDebug FROM-CACHE
> Task :media-lib-extractor:compileDebugJavaWithJavac FROM-CACHE
> Task :media-lib-extractor:bundleLibCompileToJarDebug
> Task :media-lib-exoplayer:compileDebugKotlin NO-SOURCE
> Task :media-lib-exoplayer:javaPreCompileDebug FROM-CACHE
> Task :media-lib-exoplayer:compileDebugJavaWithJavac FROM-CACHE
> Task :media-lib-exoplayer:bundleLibCompileToJarDebug
> Task :media-lib-decoder-ffmpeg:compileDebugKotlin NO-SOURCE
> Task :media-lib-decoder-ffmpeg:javaPreCompileDebug FROM-CACHE
> Task :media-lib-decoder-ffmpeg:compileDebugJavaWithJavac FROM-CACHE
> Task :media-lib-decoder-ffmpeg:bundleLibCompileToJarDebug
> Task :musikr:javaPreCompileDebug FROM-CACHE
e: file:///home/runner/work/Auxio-TS/Auxio-TS/musikr/src/main/java/org/oxycblt/musikr/cache/db/IncrementalScanStore.kt:109:33 Only safe (?.) or non-null asserted (!!.) calls are allowed on a nullable receiver of type 'SourceLedgerData?'.

> Task :musikr:compileDebugKotlin FAILED
gradle/actions: Writing build results to /home/runner/work/_temp/.gradle-actions/build-results/compile-1784310135849.json


[Incubating] Problems report is available at: file:///home/runner/work/Auxio-TS/Auxio-TS/build/reports/problems/problems-report.html
FAILURE: Build failed with an exception.


* What went wrong:
Deprecated Gradle features were used in this build, making it incompatible with Gradle 10.

Execution failed for task ':musikr:compileDebugKotlin' (registered by plugin 'com.android.internal.library').
> A failure occurred while executing org.jetbrains.kotlin.compilerRunner.GradleCompilerRunnerWithWorkers$GradleKotlinCompilerWorkAction
You can use '--warning-mode all' to show the individual deprecation warnings and determine if they come from your own scripts or plugins.
   > Compilation error. See log for more details


* Try:
For more on this, please refer to https://docs.gradle.org/9.5.1/userguide/command_line_interface.html#sec:command_line_warnings in the Gradle documentation.
85 actionable tasks: 13 executed, 72 from cache
> Run with --info or --debug option to get more log output.
> Run with --scan to get full insights from a Build Scan (powered by Develocity).
> Get more help at https://help.gradle.org.

* Exception is:
org.gradle.api.tasks.TaskExecutionException: Execution failed for task ':musikr:compileDebugKotlin' (registered by plugin 'com.android.internal.library').
	at org.gradle.api.internal.tasks.execution.ExecuteActionsTaskExecuter.lambda$executeIfValid$1(ExecuteActionsTaskExecuter.java:135)
	at org.gradle.internal.Try$Failure.ifSuccessfulOrElse(Try.java:288)
	at org.gradle.api.internal.tasks.execution.ExecuteActionsTaskExecuter.executeIfValid(ExecuteActionsTaskExecuter.java:133)
	at org.gradle.api.internal.tasks.execution.ExecuteActionsTaskExecuter.execute(ExecuteActionsTaskExecuter.java:121)
	at org.gradle.api.internal.tasks.execution.ProblemsTaskPathTrackingTaskExecuter.execute(ProblemsTaskPathTrackingTaskExecuter.java:41)
	at org.gradle.api.internal.tasks.execution.ResolveTaskExecutionModeExecuter.execute(ResolveTaskExecutionModeExecuter.java:51)
	at org.gradle.api.internal.tasks.execution.FinalizePropertiesTaskExecuter.execute(FinalizePropertiesTaskExecuter.java:46)
	at org.gradle.api.internal.tasks.execution.SkipTaskWithNoActionsExecuter.execute(SkipTaskWithNoActionsExecuter.java:57)
	at org.gradle.api.internal.tasks.execution.SkipOnlyIfTaskExecuter.execute(SkipOnlyIfTaskExecuter.java:74)
	at org.gradle.api.internal.tasks.execution.CatchExceptionTaskExecuter.execute(CatchExceptionTaskExecuter.java:36)
	at org.gradle.api.internal.tasks.execution.EventFiringTaskExecuter$1.executeTask(EventFiringTaskExecuter.java:77)
	at org.gradle.api.internal.tasks.execution.EventFiringTaskExecuter$1.call(EventFiringTaskExecuter.java:55)
	at org.gradle.api.internal.tasks.execution.EventFiringTaskExecuter$1.call(EventFiringTaskExecuter.java:52)
	at org.gradle.internal.operations.DefaultBuildOperationRunner$CallableBuildOperationWorker.execute(DefaultBuildOperationRunner.java:210)
	at org.gradle.internal.operations.DefaultBuildOperationRunner$CallableBuildOperationWorker.execute(DefaultBuildOperationRunner.java:205)
	at org.gradle.internal.operations.DefaultBuildOperationRunner$2.execute(DefaultBuildOperationRunner.java:67)
	at org.gradle.internal.operations.DefaultBuildOperationRunner$2.execute(DefaultBuildOperationRunner.java:60)
	at org.gradle.internal.operations.DefaultBuildOperationRunner.execute(DefaultBuildOperationRunner.java:167)
	at org.gradle.internal.operations.DefaultBuildOperationRunner.execute(DefaultBuildOperationRunner.java:60)
	at org.gradle.internal.operations.DefaultBuildOperationRunner.call(DefaultBuildOperationRunner.java:54)
	at org.gradle.api.internal.tasks.execution.EventFiringTaskExecuter.execute(EventFiringTaskExecuter.java:52)
	at org.gradle.execution.plan.DefaultNodeExecutor.executeLocalTaskNode(DefaultNodeExecutor.java:55)
	at org.gradle.execution.plan.DefaultNodeExecutor.execute(DefaultNodeExecutor.java:34)
	at org.gradle.execution.taskgraph.DefaultTaskExecutionGraph$InvokeNodeExecutorsAction.execute(DefaultTaskExecutionGraph.java:355)
	at org.gradle.execution.taskgraph.DefaultTaskExecutionGraph$InvokeNodeExecutorsAction.execute(DefaultTaskExecutionGraph.java:343)
	at org.gradle.execution.taskgraph.DefaultTaskExecutionGraph$BuildOperationAwareExecutionAction.lambda$execute$0(DefaultTaskExecutionGraph.java:339)
	at org.gradle.internal.operations.CurrentBuildOperationRef.with(CurrentBuildOperationRef.java:84)
	at org.gradle.execution.taskgraph.DefaultTaskExecutionGraph$BuildOperationAwareExecutionAction.execute(DefaultTaskExecutionGraph.java:339)
	at org.gradle.execution.taskgraph.DefaultTaskExecutionGraph$BuildOperationAwareExecutionAction.execute(DefaultTaskExecutionGraph.java:328)
	at org.gradle.execution.plan.DefaultPlanExecutor$ExecutorWorker.execute(DefaultPlanExecutor.java:459)
	at org.gradle.execution.plan.DefaultPlanExecutor$ExecutorWorker.run(DefaultPlanExecutor.java:376)
	at org.gradle.internal.concurrent.ExecutorPolicy$CatchAndRecordFailures.onExecute(ExecutorPolicy.java:64)
	at org.gradle.internal.concurrent.AbstractManagedExecutor$1.run(AbstractManagedExecutor.java:47)
Caused by: org.gradle.workers.internal.DefaultWorkerExecutor$WorkExecutionException: A failure occurred while executing org.jetbrains.kotlin.compilerRunner.GradleCompilerRunnerWithWorkers$GradleKotlinCompilerWorkAction
	at org.gradle.workers.internal.DefaultWorkerExecutor$WorkItemExecution.waitForCompletion(DefaultWorkerExecutor.java:278)
	at org.gradle.internal.work.DefaultAsyncWorkTracker.lambda$waitForItemsAndGatherFailures$2(DefaultAsyncWorkTracker.java:132)
	at org.gradle.internal.Factories$1.create(Factories.java:30)
	at org.gradle.internal.work.DefaultWorkerLeaseService.lambda$withoutLocksBlocking$3(DefaultWorkerLeaseService.java:410)
	at org.gradle.internal.work.ResourceLockStatistics$1.measure(ResourceLockStatistics.java:43)
	at org.gradle.internal.work.DefaultWorkerLeaseService.withoutLocksBlocking(DefaultWorkerLeaseService.java:405)
	at org.gradle.internal.work.DefaultWorkerLeaseService.blocking(DefaultWorkerLeaseService.java:255)
	at org.gradle.internal.work.DefaultWorkerLeaseService.blocking(DefaultWorkerLeaseService.java:237)
	at org.gradle.internal.work.DefaultAsyncWorkTracker.lambda$waitForItemsAndGatherFailures$3(DefaultAsyncWorkTracker.java:128)
	at org.gradle.internal.Factories$1.create(Factories.java:30)
	at org.gradle.internal.resources.AbstractResourceLockRegistry.whileDisallowingLockChanges(AbstractResourceLockRegistry.java:50)
	at org.gradle.internal.work.DefaultWorkerLeaseService.whileDisallowingProjectLockChanges(DefaultWorkerLeaseService.java:260)
	at org.gradle.internal.work.DefaultAsyncWorkTracker.waitForItemsAndGatherFailures(DefaultAsyncWorkTracker.java:127)
	at org.gradle.internal.work.DefaultAsyncWorkTracker.waitForItemsAndGatherFailures(DefaultAsyncWorkTracker.java:93)
	at org.gradle.internal.work.DefaultAsyncWorkTracker.waitForAll(DefaultAsyncWorkTracker.java:79)
	at org.gradle.internal.work.DefaultAsyncWorkTracker.waitForCompletion(DefaultAsyncWorkTracker.java:67)
	at org.gradle.api.internal.tasks.execution.TaskExecution$3.run(TaskExecution.java:267)
	at org.gradle.internal.operations.DefaultBuildOperationRunner$1.execute(DefaultBuildOperationRunner.java:30)
	at org.gradle.internal.operations.DefaultBuildOperationRunner$1.execute(DefaultBuildOperationRunner.java:27)
	at org.gradle.internal.operations.DefaultBuildOperationRunner$2.execute(DefaultBuildOperationRunner.java:67)
	at org.gradle.internal.operations.DefaultBuildOperationRunner$2.execute(DefaultBuildOperationRunner.java:60)
	at org.gradle.internal.operations.DefaultBuildOperationRunner.execute(DefaultBuildOperationRunner.java:167)
	at org.gradle.internal.operations.DefaultBuildOperationRunner.execute(DefaultBuildOperationRunner.java:60)
	at org.gradle.internal.operations.DefaultBuildOperationRunner.run(DefaultBuildOperationRunner.java:48)
	at org.gradle.api.internal.tasks.execution.TaskExecution.executeAction(TaskExecution.java:244)
	at org.gradle.api.internal.tasks.execution.TaskExecution.executeActions(TaskExecution.java:227)
	at org.gradle.api.internal.tasks.execution.TaskExecution.executeWithPreviousOutputFiles(TaskExecution.java:210)
	at org.gradle.api.internal.tasks.execution.TaskExecution.execute(TaskExecution.java:176)
	at org.gradle.internal.execution.steps.ExecuteStep.executeInternal(ExecuteStep.java:167)
	at org.gradle.internal.execution.steps.ExecuteStep.access$000(ExecuteStep.java:47)
	at org.gradle.internal.execution.steps.ExecuteStep$1.call(ExecuteStep.java:137)
	at org.gradle.internal.execution.steps.ExecuteStep$1.call(ExecuteStep.java:134)
	at org.gradle.internal.operations.DefaultBuildOperationRunner$CallableBuildOperationWorker.execute(DefaultBuildOperationRunner.java:210)
	at org.gradle.internal.operations.DefaultBuildOperationRunner$CallableBuildOperationWorker.execute(DefaultBuildOperationRunner.java:205)
	at org.gradle.internal.operations.DefaultBuildOperationRunner$2.execute(DefaultBuildOperationRunner.java:67)
	at org.gradle.internal.operations.DefaultBuildOperationRunner$2.execute(DefaultBuildOperationRunner.java:60)
	at org.gradle.internal.operations.DefaultBuildOperationRunner.execute(DefaultBuildOperationRunner.java:167)
	at org.gradle.internal.operations.DefaultBuildOperationRunner.execute(DefaultBuildOperationRunner.java:60)
	at org.gradle.internal.operations.DefaultBuildOperationRunner.call(DefaultBuildOperationRunner.java:54)
	at org.gradle.internal.execution.steps.ExecuteStep.execute(ExecuteStep.java:134)
	at org.gradle.internal.execution.steps.ExecuteStep$Mutable.execute(ExecuteStep.java:80)
	at org.gradle.internal.execution.steps.CancelExecutionStep.execute(CancelExecutionStep.java:42)
	at org.gradle.internal.execution.steps.TimeoutStep.executeWithoutTimeout(TimeoutStep.java:75)
	at org.gradle.internal.execution.steps.TimeoutStep.execute(TimeoutStep.java:55)
	at org.gradle.internal.execution.steps.PreCreateOutputParentsStep.execute(PreCreateOutputParentsStep.java:51)
	at org.gradle.internal.execution.steps.PreCreateOutputParentsStep.execute(PreCreateOutputParentsStep.java:29)
	at org.gradle.internal.execution.steps.RemovePreviousOutputsStep.executeMutable(RemovePreviousOutputsStep.java:67)
	at org.gradle.internal.execution.steps.RemovePreviousOutputsStep.executeMutable(RemovePreviousOutputsStep.java:39)
	at org.gradle.internal.execution.steps.MutableStep.execute(MutableStep.java:26)
	at org.gradle.internal.execution.steps.BroadcastChangingOutputsStep.execute(BroadcastChangingOutputsStep.java:42)
	at org.gradle.internal.execution.steps.BroadcastChangingOutputsStep.execute(BroadcastChangingOutputsStep.java:24)
	at org.gradle.internal.execution.steps.CaptureOutputsAfterExecutionStep.execute(CaptureOutputsAfterExecutionStep.java:69)
	at org.gradle.internal.execution.steps.CaptureOutputsAfterExecutionStep.execute(CaptureOutputsAfterExecutionStep.java:46)
	at org.gradle.internal.execution.steps.ResolveInputChangesStep.executeMutable(ResolveInputChangesStep.java:39)
	at org.gradle.internal.execution.steps.ResolveInputChangesStep.executeMutable(ResolveInputChangesStep.java:28)
	at org.gradle.internal.execution.steps.MutableStep.execute(MutableStep.java:26)
	at org.gradle.internal.execution.steps.BuildCacheStep.executeWithoutCache(BuildCacheStep.java:189)
	at org.gradle.internal.execution.steps.BuildCacheStep.executeAndStoreInCache(BuildCacheStep.java:145)
	at org.gradle.internal.execution.steps.BuildCacheStep.lambda$executeWithCache$4(BuildCacheStep.java:104)
	at org.gradle.internal.execution.steps.BuildCacheStep.lambda$executeWithCache$5(BuildCacheStep.java:104)
	at org.gradle.internal.Try$Success.map(Try.java:170)
	at org.gradle.internal.execution.steps.BuildCacheStep.executeWithCache(BuildCacheStep.java:88)
	at org.gradle.internal.execution.steps.BuildCacheStep.lambda$execute$0(BuildCacheStep.java:75)
	at org.gradle.internal.Either$Left.fold(Either.java:116)
	at org.gradle.internal.execution.caching.CachingState.fold(CachingState.java:62)
	at org.gradle.internal.execution.steps.BuildCacheStep.execute(BuildCacheStep.java:74)
	at org.gradle.internal.execution.steps.BuildCacheStep.execute(BuildCacheStep.java:49)
	at org.gradle.internal.execution.steps.StoreExecutionStateStep.executeMutable(StoreExecutionStateStep.java:46)
	at org.gradle.internal.execution.steps.StoreExecutionStateStep.executeMutable(StoreExecutionStateStep.java:35)
	at org.gradle.internal.execution.steps.MutableStep.execute(MutableStep.java:26)
	at org.gradle.internal.execution.steps.SkipUpToDateStep.executeBecause(SkipUpToDateStep.java:75)
	at org.gradle.internal.execution.steps.SkipUpToDateStep.lambda$execute$2(SkipUpToDateStep.java:53)
	at org.gradle.internal.execution.steps.SkipUpToDateStep.execute(SkipUpToDateStep.java:53)
	at org.gradle.internal.execution.steps.SkipUpToDateStep.execute(SkipUpToDateStep.java:35)
	at org.gradle.internal.execution.steps.legacy.MarkSnapshottingInputsFinishedStep.execute(MarkSnapshottingInputsFinishedStep.java:37)
	at org.gradle.internal.execution.steps.legacy.MarkSnapshottingInputsFinishedStep.execute(MarkSnapshottingInputsFinishedStep.java:27)
	at org.gradle.internal.execution.steps.ResolveMutableCachingStateStep.executeDelegate(ResolveMutableCachingStateStep.java:70)
	at org.gradle.internal.execution.steps.ResolveMutableCachingStateStep.executeDelegate(ResolveMutableCachingStateStep.java:32)
	at org.gradle.internal.execution.steps.AbstractResolveCachingStateStep.execute(AbstractResolveCachingStateStep.java:69)
	at org.gradle.internal.execution.steps.AbstractResolveCachingStateStep.execute(AbstractResolveCachingStateStep.java:37)
	at org.gradle.internal.execution.steps.ResolveChangesStep.executeMutable(ResolveChangesStep.java:63)
	at org.gradle.internal.execution.steps.ResolveChangesStep.executeMutable(ResolveChangesStep.java:34)
	at org.gradle.internal.execution.steps.MutableStep.execute(MutableStep.java:26)
	at org.gradle.internal.execution.steps.ValidateStep$Mutable.executeDelegate(ValidateStep.java:79)
	at org.gradle.internal.execution.steps.ValidateStep$Mutable.executeDelegate(ValidateStep.java:65)
	at org.gradle.internal.execution.steps.ValidateStep.execute(ValidateStep.java:99)
	at org.gradle.internal.execution.steps.ValidateStep$Mutable.execute(ValidateStep.java:65)
	at org.gradle.internal.execution.steps.CaptureMutableStateBeforeExecutionStep.executeMutable(CaptureMutableStateBeforeExecutionStep.java:86)
	at org.gradle.internal.execution.steps.CaptureMutableStateBeforeExecutionStep.execute(CaptureMutableStateBeforeExecutionStep.java:65)
	at org.gradle.internal.execution.steps.CaptureMutableStateBeforeExecutionStep.execute(CaptureMutableStateBeforeExecutionStep.java:45)
	at org.gradle.internal.execution.steps.SkipEmptyMutableWorkStep.executeWithNonEmptySources(SkipEmptyMutableWorkStep.java:210)
	at org.gradle.internal.execution.steps.SkipEmptyMutableWorkStep.executeMutable(SkipEmptyMutableWorkStep.java:90)
	at org.gradle.internal.execution.steps.SkipEmptyMutableWorkStep.executeMutable(SkipEmptyMutableWorkStep.java:53)
	at org.gradle.internal.execution.steps.MutableStep.execute(MutableStep.java:26)
	at org.gradle.internal.execution.steps.legacy.MarkSnapshottingInputsStartedStep.execute(MarkSnapshottingInputsStartedStep.java:38)
	at org.gradle.internal.execution.steps.LoadPreviousExecutionStateStep.executeMutable(LoadPreviousExecutionStateStep.java:36)
	at org.gradle.internal.execution.steps.LoadPreviousExecutionStateStep.executeMutable(LoadPreviousExecutionStateStep.java:23)
	at org.gradle.internal.execution.steps.MutableStep.execute(MutableStep.java:26)
	at org.gradle.internal.execution.steps.HandleStaleOutputsStep.executeMutable(HandleStaleOutputsStep.java:77)
	at org.gradle.internal.execution.steps.HandleStaleOutputsStep.executeMutable(HandleStaleOutputsStep.java:43)
	at org.gradle.internal.execution.steps.MutableStep.execute(MutableStep.java:26)
	at org.gradle.internal.execution.steps.AssignMutableWorkspaceStep.lambda$executeMutable$0(AssignMutableWorkspaceStep.java:34)
	at org.gradle.api.internal.tasks.execution.TaskExecution$4.withWorkspace(TaskExecution.java:305)
	at org.gradle.internal.execution.steps.AssignMutableWorkspaceStep.executeMutable(AssignMutableWorkspaceStep.java:30)
	at org.gradle.internal.execution.steps.AssignMutableWorkspaceStep.executeMutable(AssignMutableWorkspaceStep.java:21)
	at org.gradle.internal.execution.steps.MutableStep.execute(MutableStep.java:26)
	at org.gradle.internal.execution.steps.ChoosePipelineStep.execute(ChoosePipelineStep.java:40)
	at org.gradle.internal.execution.steps.ChoosePipelineStep.execute(ChoosePipelineStep.java:23)
	at org.gradle.internal.execution.steps.ExecuteWorkBuildOperationFiringStep.lambda$execute$2(ExecuteWorkBuildOperationFiringStep.java:67)
	at org.gradle.internal.execution.steps.ExecuteWorkBuildOperationFiringStep.execute(ExecuteWorkBuildOperationFiringStep.java:67)
	at org.gradle.internal.execution.steps.ExecuteWorkBuildOperationFiringStep.execute(ExecuteWorkBuildOperationFiringStep.java:39)
	at org.gradle.internal.execution.steps.IdentityCacheStep.execute(IdentityCacheStep.java:46)
	at org.gradle.internal.execution.steps.IdentityCacheStep.execute(IdentityCacheStep.java:34)
	at org.gradle.internal.execution.steps.IdentifyStep.execute(IdentifyStep.java:56)
	at org.gradle.internal.execution.steps.IdentifyStep.execute(IdentifyStep.java:38)
	at org.gradle.internal.execution.impl.DefaultExecutionEngine$1.execute(DefaultExecutionEngine.java:68)
	at org.gradle.api.internal.tasks.execution.ExecuteActionsTaskExecuter.executeIfValid(ExecuteActionsTaskExecuter.java:132)
	... 30 more
Caused by: org.jetbrains.kotlin.gradle.tasks.CompilationErrorException: Compilation error. See log for more details
	at org.jetbrains.kotlin.gradle.tasks.TasksUtilsKt.throwExceptionIfCompilationFailed(tasksUtils.kt:21)
	at org.jetbrains.kotlin.compilerRunner.GradleKotlinCompilerWork.run(GradleKotlinCompilerWork.kt:112)
	at org.jetbrains.kotlin.compilerRunner.GradleCompilerRunnerWithWorkers$GradleKotlinCompilerWorkAction.execute(GradleCompilerRunnerWithWorkers.kt:75)
	at org.gradle.workers.internal.DefaultWorkerServer.execute(DefaultWorkerServer.java:68)
	at org.gradle.workers.internal.NoIsolationWorkerFactory$1$1.create(NoIsolationWorkerFactory.java:64)
	at org.gradle.workers.internal.NoIsolationWorkerFactory$1$1.create(NoIsolationWorkerFactory.java:61)
	at org.gradle.internal.classloader.ClassLoaderUtils.executeInClassloader(ClassLoaderUtils.java:102)
	at org.gradle.workers.internal.NoIsolationWorkerFactory$1.lambda$execute$0(NoIsolationWorkerFactory.java:61)
	at org.gradle.workers.internal.AbstractWorker$1.call(AbstractWorker.java:44)
	at org.gradle.workers.internal.AbstractWorker$1.call(AbstractWorker.java:41)
	at org.gradle.internal.operations.DefaultBuildOperationRunner$CallableBuildOperationWorker.execute(DefaultBuildOperationRunner.java:210)
	at org.gradle.internal.operations.DefaultBuildOperationRunner$CallableBuildOperationWorker.execute(DefaultBuildOperationRunner.java:205)
	at org.gradle.internal.operations.DefaultBuildOperationRunner$2.execute(DefaultBuildOperationRunner.java:67)
	at org.gradle.internal.operations.DefaultBuildOperationRunner$2.execute(DefaultBuildOperationRunner.java:60)
	at org.gradle.internal.operations.DefaultBuildOperationRunner.execute(DefaultBuildOperationRunner.java:167)
	at org.gradle.internal.operations.DefaultBuildOperationRunner.execute(DefaultBuildOperationRunner.java:60)
	at org.gradle.internal.operations.DefaultBuildOperationRunner.call(DefaultBuildOperationRunner.java:54)
	at org.gradle.workers.internal.AbstractWorker.executeWrappedInBuildOperation(AbstractWorker.java:41)
	at org.gradle.workers.internal.NoIsolationWorkerFactory$1.execute(NoIsolationWorkerFactory.java:58)
	at org.gradle.workers.internal.DefaultWorkerExecutor.lambda$submitWork$0(DefaultWorkerExecutor.java:174)
	at org.gradle.internal.work.DefaultConditionalExecutionQueue$ExecutionRunner.runExecution(DefaultConditionalExecutionQueue.java:191)
	at org.gradle.internal.work.DefaultConditionalExecutionQueue$ExecutionRunner.access$500(DefaultConditionalExecutionQueue.java:112)
	at org.gradle.internal.work.DefaultConditionalExecutionQueue$ExecutionRunner$1.run(DefaultConditionalExecutionQueue.java:168)
	at org.gradle.internal.Factories$1.create(Factories.java:30)
	at org.gradle.internal.work.DefaultWorkerLeaseService.lambda$runAndReleaseLocks$0(DefaultWorkerLeaseService.java:300)
	at org.gradle.internal.work.ResourceLockStatistics$1.measure(ResourceLockStatistics.java:43)
	at org.gradle.internal.work.DefaultWorkerLeaseService.runAndReleaseLocks(DefaultWorkerLeaseService.java:298)
	at org.gradle.internal.work.DefaultWorkerLeaseService.withLocksAcquired(DefaultWorkerLeaseService.java:294)
	at org.gradle.internal.work.DefaultWorkerLeaseService.withLocks(DefaultWorkerLeaseService.java:286)
	at org.gradle.internal.work.DefaultWorkerLeaseService.runAsWorkerThread(DefaultWorkerLeaseService.java:130)
	at org.gradle.internal.work.DefaultWorkerLeaseService.runAsWorkerThread(DefaultWorkerLeaseService.java:135)
	at org.gradle.internal.work.DefaultConditionalExecutionQueue$ExecutionRunner.runBatch(DefaultConditionalExecutionQueue.java:163)
	at org.gradle.internal.work.DefaultConditionalExecutionQueue$ExecutionRunner.run(DefaultConditionalExecutionQueue.java:125)
	... 2 more


BUILD FAILED in 3m 58s
::error::Gradle failed with exit code 1 after 3m 59s.
